OS_STATUS,studyID:sampleId,patientId,OTHER_PATIENT_ID,OS_MONTHS,Random Forest,Logistic Regression,SVM,Random Forest (0:LIVING),Random Forest (1:DECEASED),Logistic Regression (0:LIVING),Logistic Regression (1:DECEASED),SVM (0:LIVING),SVM (1:DECEASED),Fold,Altered,MIR21,TP53,PTEN,studyId,ANEUPLOIDY_SCORE,CANCER_TYPE,CANCER_TYPE_DETAILED,FRACTION_GENOME_ALTERED,MSI_SCORE_MANTIS,MSI_SENSOR_SCORE,MUTATION_COUNT,ONCOTREE_CODE,SAMPLE_TYPE,SOMATIC_STATUS,TBL_SCORE,TISSUE_PROSPECTIVE_COLLECTION_INDICATOR,TISSUE_RETROSPECTIVE_COLLECTION_INDICATOR,TISSUE_SOURCE_SITE,TISSUE_SOURCE_SITE_CODE,TMB_NONSYNONYMOUS,TUMOR_TISSUE_SITE,TUMOR_TYPE,AGE,AJCC_PATHOLOGIC_TUMOR_STAGE,BUFFA_HYPOXIA_SCORE,CANCER_TYPE_ACRONYM,DAYS_LAST_FOLLOWUP,DAYS_TO_BIRTH,DAYS_TO_INITIAL_PATHOLOGIC_DIAGNOSIS,DFS_MONTHS,DFS_STATUS,DSS_MONTHS,DSS_STATUS,ETHNICITY,FORM_COMPLETION_DATE,GENETIC_ANCESTRY_LABEL,HISTORY_NEOADJUVANT_TRTYN,ICD_10,ICD_O_3_HISTOLOGY,ICD_O_3_SITE,INFORMED_CONSENT_VERIFIED,IN_PANCANPATHWAYS_FREEZE,NEW_TUMOR_EVENT_AFTER_INITIAL_TREATMENT,PATH_M_STAGE,PATH_N_STAGE,PATH_T_STAGE,PERSON_NEOPLASM_CANCER_STATUS,PFS_MONTHS,PFS_STATUS,PRIOR_DX,RACE,RADIATION_THERAPY,RAGNUM_HYPOXIA_SCORE,SAMPLE_COUNT,SEX,SUBTYPE,WINTER_HYPOXIA_SCORE
0:LIVING 1:DECEASED,string,string,string,continuous,0:LIVING 1:DECEASED,0:LIVING 1:DECEASED,0:LIVING 1:DECEASED,continuous,continuous,continuous,continuous,continuous,continuous,1 2 3 4 5 6 7 8 9 10,0 1,0 1,0 1,0 1,discrete,continuous,discrete,Breast\ Invasive\ Carcinoma\ (NOS) Breast\ Invasive\ Ductal\ Carcinoma Breast\ Invasive\ Lobular\ Carcinoma Breast\ Invasive\ Mixed\ Mucinous\ Carcinoma Metaplastic\ Breast\ Cancer,continuous,continuous,continuous,continuous,BRCNOS IDC ILC IMMC MBC,discrete,discrete,continuous,No Yes,No Yes,"Christiana\ Healthcare Columbia\ University Cureline Duke Holy\ Cross Indivumed International\ Genomics\ Consortium MSKCC Mayo Proteogenex,\ Inc. UCSF UNC University\ of\ Sao\ Paulo Walter\ Reed",3C 4H 5L 5T A1 A2 A7 A8 AC AN AO AQ AR B6,continuous,discrete,Infiltrating\ Carcinoma\ (NOS) Infiltrating\ Ductal\ Carcinoma Infiltrating\ Lobular\ Carcinoma Medullary\ Carcinoma Metaplastic\ Carcinoma Mixed\ Histology\ (NOS) Mucinous\ Carcinoma Other,continuous,STAGE\ I STAGE\ IA STAGE\ IB STAGE\ II STAGE\ IIA STAGE\ IIB STAGE\ III STAGE\ IIIA STAGE\ IIIB STAGE\ IIIC STAGE\ IV STAGE\ X,continuous,discrete,continuous,continuous,discrete,continuous,0:DiseaseFree 1:Recurred/Progressed,continuous,0:ALIVE\ OR\ DEAD\ TUMOR\ FREE 1:DEAD\ WITH\ TUMOR,Hispanic\ Or\ Latino Not\ Hispanic\ Or\ Latino,time,AFR AFR_ADMIX AMR EAS EUR EUR_ADMIX SAS SAS_ADMIX,No Yes,C50.9 C50.919,8010/3 8013/3 8022/3 8050/3 8200/3 8201/3 8401/3 8480/3 8500/3 8502/3 8503/3 8507/3 8510/3 8520/3 8522/3 8523/3 8524/3 8541/3 8575/3 9020/3,discrete,discrete,No Yes,No Yes,M0 M1 MX,N0 N0\ (I+) N0\ (I-) N1 N1A N1B N1MI N2 N2A N3 N3A N3C NX,T1 T1B T1C T2 T3 T4 T4B T4D TX,Tumor\ Free With\ Tumor,continuous,0:CENSORED 1:PROGRESSION,No Yes,American\ Indian\ or\ Alaska\ Native Asian Black\ or\ African\ American White,No Yes,continuous,discrete,Female Male,BRCA_Basal BRCA_Her2 BRCA_LumA BRCA_LumB BRCA_Normal,continuous
class,meta,meta,meta,meta,meta,meta,meta,meta,meta,meta,meta,meta,meta,meta,,,,,,,,,,,,,,,,,,,,,,,,,,,,,,,,,,,,,,,,,,,,,,,,,,,,,,,,,,
0:LIVING,TCGA-A1-A0SB-01,TCGA-A1-A0SB,0045349c-69d9-4306-a403-c9c1fa836644,8.51498,0:LIVING,0:LIVING,0:LIVING,1,0,0.858664,0.141336,0.826818,0.173182,1,0,0,0,0,brca_tcga_pan_can_atlas_2018,0,Breast Cancer,Breast Invasive Carcinoma (NOS),0.0008,,0.2,15,BRCNOS,Primary,Matched,2,No,Yes,UCSF,A1,0.5,Breast,Other,70,STAGE I,-35,BRCA,259,-25833,0,8.51498,0:DiseaseFree,8.51498,0:ALIVE OR DEAD TUMOR FREE,Not Hispanic Or Latino,2011-06-30 00:00:00,EUR,No,C50.9,8200/3,C50.9,Yes,Yes,,M0,N0,T1C,Tumor Free,8.51498,0:CENSORED,No,White,,-16,1,Female,BRCA_Normal,-40
0:LIVING,TCGA-A1-A0SN-01,TCGA-A1-A0SN,0dc337fa-da8b-42c4-b9a7-fb76d81c161f,39.3201,0:LIVING,0:LIVING,0:LIVING,0.8,0.2,0.858115,0.141885,0.826818,0.173182,1,1,1,0,0,brca_tcga_pan_can_atlas_2018,18,Breast Cancer,Breast Invasive Ductal Carcinoma,0.5518,0.3423,0.57,51,IDC,Primary,Matched,224,No,Yes,UCSF,A1,1.7,Breast,Infiltrating Ductal Carcinoma,50,STAGE IIA,-11,BRCA,1196,-18401,0,39.3201,0:DiseaseFree,39.3201,0:ALIVE OR DEAD TUMOR FREE,Not Hispanic Or Latino,2011-05-23 00:00:00,EUR,No,C50.9,8500/3,C50.9,Yes,Yes,,MX,N1,T1C,Tumor Free,39.3201,0:CENSORED,No,White,,8,1,Female,BRCA_LumB,-8
0:LIVING,TCGA-A1-A0SQ-01,TCGA-A1-A0SQ,08de63a2-7b76-43c3-80dc-df748b1d81bc,18.2135,0:LIVING,0:LIVING,0:LIVING,1,0,0.858664,0.141336,0.826818,0.173182,1,0,0,0,0,brca_tcga_pan_can_atlas_2018,3,Breast Cancer,Breast Invasive Ductal Carcinoma,0.1094,0.2921,0.18,23,IDC,Primary,Matched,108,No,Yes,UCSF,A1,0.766667,Breast,Infiltrating Ductal Carcinoma,45,STAGE IIB,-33,BRCA,554,-16458,0,18.2135,0:DiseaseFree,18.2135,0:ALIVE OR DEAD TUMOR FREE,Not Hispanic Or Latino,2011-06-30 00:00:00,EUR,No,C50.9,8500/3,C50.9,Yes,Yes,,MX,N1,T2,Tumor Free,18.2135,0:CENSORED,No,White,,0,1,Female,BRCA_LumA,-26
0:LIVING,TCGA-A2-A0CQ-01,TCGA-A2-A0CQ,ab34a9a2-d72d-4106-94fb-118844b1b60b,88.6018,0:LIVING,0:LIVING,0:LIVING,0.88,0.12,0.853918,0.146082,0.922307,0.0776935,1,0,0,0,0,brca_tcga_pan_can_atlas_2018,5,Breast Cancer,Breast Invasive Ductal Carcinoma,0.1198,0.2894,0.07,29,IDC,Primary,Matched,2,No,Yes,Walter Reed,A2,1,Breast,Infiltrating Ductal Carcinoma,62,STAGE IA,-23,BRCA,2695,-22810,0,88.6018,0:DiseaseFree,88.6018,0:ALIVE OR DEAD TUMOR FREE,Not Hispanic Or Latino,2010-08-10 00:00:00,AFR_ADMIX,No,C50.9,8500/3,C50.9,Yes,Yes,No,M0,N0 (I-),T1,Tumor Free,88.6018,0:CENSORED,No,Black or African American,Yes,-4,1,Female,BRCA_LumA,-20
0:LIVING,TCGA-A2-A0CX-01,TCGA-A2-A0CX,c744fc13-3aca-4245-9e24-abd368cc8bef,56.8103,0:LIVING,0:LIVING,0:LIVING,1,0,0.854378,0.145622,0.826818,0.173182,1,1,1,1,0,brca_tcga_pan_can_atlas_2018,19,Breast Cancer,Breast Invasive Ductal Carcinoma,0.3591,0.2663,0.41,250,IDC,Primary,Matched,163,No,Yes,Walter Reed,A2,8.33333,Breast,Infiltrating Ductal Carcinoma,52,STAGE IIA,17,BRCA,1728,-19152,0,56.8103,0:DiseaseFree,56.8103,0:ALIVE OR DEAD TUMOR FREE,Not Hispanic Or Latino,2010-09-10 00:00:00,EUR,No,C50.9,8500/3,C50.9,Yes,Yes,No,M0,N0 (I-),T2,Tumor Free,56.8103,0:CENSORED,No,White,Yes,18,1,Female,BRCA_Her2,18
0:LIVING,TCGA-A2-A0EX-01,TCGA-A2-A0EX,9d8702e1-1a36-4bca-85ab-5f11d58d7953,24.723,0:LIVING,0:LIVING,0:LIVING,1,0,0.853963,0.146037,0.826818,0.173182,1,0,0,0,0,brca_tcga_pan_can_atlas_2018,5,Breast Cancer,Breast Invasive Lobular Carcinoma,0.1003,0.2822,0.01,27,ILC,Primary,Matched,90,No,Yes,Walter Reed,A2,0.9,Breast,Infiltrating Lobular Carcinoma,46,STAGE IIB,-27,BRCA,752,-16858,0,24.723,0:DiseaseFree,24.723,0:ALIVE OR DEAD TUMOR FREE,Not Hispanic Or Latino,2010-08-13 00:00:00,EUR,No,C50.9,8520/3,C50.9,Yes,Yes,No,M0,N0 (I+),T3,Tumor Free,24.723,0:CENSORED,No,White,No,-16,1,Female,BRCA_LumA,-22
0:LIVING,TCGA-A2-A0EY-01,TCGA-A2-A0EY,d67cd793-2931-429a-9084-2f3c4c8be7ad,63.287,0:LIVING,0:LIVING,0:LIVING,1,0,0.854541,0.145459,0.826818,0.173182,1,1,0,1,0,brca_tcga_pan_can_atlas_2018,23,Breast Cancer,Breast Invasive Ductal Carcinoma,0.6388,0.3273,0.24,180,IDC,Primary,Matched,256,No,Yes,Walter Reed,A2,6.13333,Breast,Infiltrating Ductal Carcinoma,62,STAGE IIB,-21,BRCA,1925,-22872,0,63.287,0:DiseaseFree,63.287,0:ALIVE OR DEAD TUMOR FREE,Not Hispanic Or Latino,2010-09-21 00:00:00,EUR,No,C50.9,8500/3,C50.9,Yes,Yes,No,M0,N1A,T2,Tumor Free,63.287,0:CENSORED,No,White,Yes,6,1,Female,BRCA_LumB,-6
0:LIVING,TCGA-A2-A0T0-01,TCGA-A2-A0T0,95c53f69-0f05-4348-822a-571f3d757001,17.5231,0:LIVING,0:LIVING,0:LIVING,1,0,0.855309,0.144691,0.881744,0.118256,1,1,0,0,1,brca_tcga_pan_can_atlas_2018,4,Breast Cancer,Breast Invasive Ductal Carcinoma,0.4533,0.2795,0.28,168,IDC,Primary,Matched,140,No,Yes,Walter Reed,A2,5.56667,Breast,Infiltrating Ductal Carcinoma,59,STAGE IIB,39,BRCA,533,-21575,0,17.5231,0:DiseaseFree,17.5231,0:ALIVE OR DEAD TUMOR FREE,Not Hispanic Or Latino,2010-11-12 00:00:00,EUR,No,C50.9,8500/3,C50.9,Yes,Yes,No,M0,N1,T2,Tumor Free,17.5231,0:CENSORED,No,White,Yes,12,1,Female,BRCA_Basal,14
0:LIVING,TCGA-A2-A0YC-01,TCGA-A2-A0YC,a1872011-b928-4189-ac02-e87506c20bca,32.5476,0:LIVING,0:LIVING,0:LIVING,0.921667,0.0783333,0.855691,0.144309,0.840571,0.159429,1,0,0,0,0,brca_tcga_pan_can_atlas_2018,4,Breast Cancer,Breast Invasive Ductal Carcinoma,0.111,0.2793,0.02,24,IDC,Primary,Matched,37,No,Yes,Walter Reed,A2,0.766667,Breast,Infiltrating Ductal Carcinoma,59,STAGE IIB,-37,BRCA,990,-21685,0,,,32.5476,0:ALIVE OR DEAD TUMOR FREE,Not Hispanic Or Latino,2010-12-08 00:00:00,EUR,No,C50.9,8500/3,C50.9,Yes,Yes,Yes,M0,N1MI,T2,Tumor Free,24.8545,1:PROGRESSION,No,White,Yes,-6,1,Female,BRCA_LumA,-28
0:LIVING,TCGA-A2-A0YK-01,TCGA-A2-A0YK,8f34cb4c-5798-47a0-89a1-f0ee26a8ae93,19.3313,0:LIVING,0:LIVING,0:LIVING,0.9,0.1,0.855985,0.144015,0.870785,0.129215,1,0,0,0,0,brca_tcga_pan_can_atlas_2018,6,Breast Cancer,Breast Invasive Lobular Carcinoma,0.1055,0.3819,0,317,ILC,Primary,Matched,33,No,Yes,Walter Reed,A2,10.6,Breast,Infiltrating Lobular Carcinoma,61,STAGE IIA,-49,BRCA,588,-22625,0,,,19.3313,0:ALIVE OR DEAD TUMOR FREE,Not Hispanic Or Latino,2010-12-28 00:00:00,EUR,No,C50.9,8520/3,C50.9,Yes,Yes,No,M0,N0 (I-),T2,Tumor Free,19.3313,0:CENSORED,No,White,No,-14,1,Female,BRCA_Normal,-48
0:LIVING,TCGA-A2-A0YL-01,TCGA-A2-A0YL,b205c89f-af62-4186-acad-ed23d243fa98,48.4597,0:LIVING,0:LIVING,0:LIVING,0.975,0.025,0.85597,0.14403,0.838965,0.161035,1,1,1,0,0,brca_tcga_pan_can_atlas_2018,4,Breast Cancer,Breast Invasive Lobular Carcinoma,0.1036,0.3028,0,27,ILC,Primary,Matched,32,No,Yes,Walter Reed,A2,0.933333,Breast,Infiltrating Lobular Carcinoma,48,STAGE IIIA,-39,BRCA,1474,-17702,0,48.4597,0:DiseaseFree,48.4597,0:ALIVE OR DEAD TUMOR FREE,Not Hispanic Or Latino,2010-12-27 00:00:00,EUR,No,C50.9,8520/3,C50.9,Yes,Yes,No,M0,N2A,T3,Tumor Free,48.4597,0:CENSORED,No,White,Yes,0,1,Female,BRCA_LumA,-36
1:DECEASED,TCGA-A2-A0YT-01,TCGA-A2-A0YT,14b95463-2108-4921-afc2-e29eef52b18f,23.7696,0:LIVING,0:LIVING,0:LIVING,0.96,0.04,0.855721,0.144279,0.826818,0.173182,1,1,0,1,0,brca_tcga_pan_can_atlas_2018,25,Breast Cancer,Breast Invasive Ductal Carcinoma,0.5755,0.3009,0.84,58,IDC,Primary,Matched,232,No,Yes,Walter Reed,A2,1.93333,Breast,Infiltrating Ductal Carcinoma,56,STAGE IIIB,-1,BRCA,,-20482,0,23.7696,0:DiseaseFree,23.7696,0:ALIVE OR DEAD TUMOR FREE,Not Hispanic Or Latino,2010-12-10 00:00:00,EUR,Yes,C50.9,8500/3,C50.9,Yes,Yes,No,M0,N2A,T4B,Tumor Free,23.7696,0:CENSORED,No,White,Yes,14,1,Female,BRCA_LumB,-10
0:LIVING,TCGA-A2-A3XZ-01,TCGA-A2-A3XZ,FE7F74B8-20F4-4471-91DC-4CCA8C68E5C0,50.3666,0:LIVING,0:LIVING,0:LIVING,0.95,0.05,0.864597,0.135403,0.826818,0.173182,1,1,1,0,0,brca_tcga_pan_can_atlas_2018,9,Breast Cancer,Breast Invasive Ductal Carcinoma,0.1157,0.292,0.03,32,IDC,Primary,Matched,125,No,Yes,Walter Reed,A2,1.06667,Breast,Infiltrating Ductal Carcinoma,46,STAGE I,-5,BRCA,1532,-16978,0,50.3666,0:DiseaseFree,50.3666,0:ALIVE OR DEAD TUMOR FREE,Not Hispanic Or Latino,2012-08-21 00:00:00,AFR,No,C50.9,8500/3,C50.9,Yes,Yes,No,M0,N0,T1C,Tumor Free,50.3666,0:CENSORED,No,Black or African American,No,10,1,Female,BRCA_Her2,2
0:LIVING,TCGA-A2-A4S2-01,TCGA-A2-A4S2,9DDC014D-9A8B-407B-845F-452A73F08E5E,21.1395,0:LIVING,0:LIVING,0:LIVING,1,0,0.867237,0.132763,0.826818,0.173182,1,0,0,0,0,brca_tcga_pan_can_atlas_2018,13,Breast Cancer,Breast Invasive Lobular Carcinoma,0.328,0.2957,0,27,ILC,Primary,Matched,23,Yes,No,Walter Reed,A2,0.9,Breast,Infiltrating Lobular Carcinoma,62,STAGE IIIA,-41,BRCA,643,-22936,0,21.1395,0:DiseaseFree,21.1395,0:ALIVE OR DEAD TUMOR FREE,Not Hispanic Or Latino,2013-02-28 00:00:00,EUR,No,C50.9,8524/3,C50.9,Yes,Yes,No,M0,N2,T3,Tumor Free,21.1395,0:CENSORED,No,White,Yes,-14,1,Female,BRCA_LumA,-32
0:LIVING,TCGA-A2-A4S3-01,TCGA-A2-A4S3,418C11E8-2670-48D5-BBF5-95B46BFF1201,21.8957,0:LIVING,0:LIVING,0:LIVING,0.925,0.075,0.867237,0.132763,0.826818,0.173182,1,1,0,1,0,brca_tcga_pan_can_atlas_2018,11,Breast Cancer,Breast Invasive Ductal Carcinoma,0.4494,0.3033,0.13,55,IDC,Primary,Matched,203,Yes,No,Walter Reed,A2,1.8,Breast,Infiltrating Ductal Carcinoma,59,STAGE IIB,3,BRCA,666,-21762,0,21.8957,0:DiseaseFree,21.8957,0:ALIVE OR DEAD TUMOR FREE,Not Hispanic Or Latino,2013-02-28 00:00:00,AFR_ADMIX,No,C50.9,8500/3,C50.9,Yes,Yes,,M0,N1A,T2,Tumor Free,21.8957,0:CENSORED,No,Black or African American,,14,1,Female,BRCA_LumB,2
0:LIVING,TCGA-A7-A26I-01,TCGA-A7-A26I,b2ecbc0f-2c30-4200-8d5e-7b95424bcadb,21.7313,0:LIVING,0:LIVING,0:LIVING,1,0,0.859083,0.140917,0.826818,0.173182,1,1,0,1,0,brca_tcga_pan_can_atlas_2018,26,Breast Cancer,Breast Invasive Ductal Carcinoma,0.6589,0.3156,0.68,35,IDC,Primary,Matched,171,Yes,No,Christiana Healthcare,A7,1.16667,Breast,Infiltrating Ductal Carcinoma,65,STAGE IIA,19,BRCA,661,-23948,0,21.7313,0:DiseaseFree,21.7313,0:ALIVE OR DEAD TUMOR FREE,Not Hispanic Or Latino,2011-07-29 00:00:00,EUR,No,C50.9,8500/3,C50.9,Yes,Yes,No,M0,N0,T2,,21.7313,0:CENSORED,Yes,White,Yes,14,1,Female,BRCA_Basal,10
0:LIVING,TCGA-A7-A2KD-01,TCGA-A7-A2KD,92654F8D-5137-4FFD-AAA3-5AE38EB88226,22.323,0:LIVING,0:LIVING,0:LIVING,0.983333,0.0166667,0.860146,0.139854,0.826818,0.173182,1,1,0,1,0,brca_tcga_pan_can_atlas_2018,17,Breast Cancer,Breast Invasive Ductal Carcinoma,0.376,0.3212,0.11,31,IDC,Primary,Matched,268,Yes,No,Christiana Healthcare,A7,1.03333,Breast,Infiltrating Ductal Carcinoma,53,STAGE IIIA,-17,BRCA,679,-19563,0,22.323,0:DiseaseFree,22.323,0:ALIVE OR DEAD TUMOR FREE,Not Hispanic Or Latino,2011-10-11 00:00:00,AFR,No,C50.9,8500/3,C50.9,Yes,Yes,No,MX,N2A,T2,,22.323,0:CENSORED,Yes,Black or African American,Yes,16,1,Female,BRCA_LumB,-4
1:DECEASED,TCGA-A8-A06U-01,TCGA-A8-A06U,6bc4c56d-aac5-49a2-9913-9538d06d898f,29.0298,0:LIVING,0:LIVING,0:LIVING,0.7,0.3,0.858172,0.141828,0.89636,0.10364,1,1,0,1,0,brca_tcga_pan_can_atlas_2018,19,Breast Cancer,Breast Invasive Ductal Carcinoma,0.6192,0.2916,1.75,63,IDC,Primary,Matched,779,No,Yes,Indivumed,A8,2.1,Breast,Infiltrating Ductal Carcinoma,80,STAGE IIB,-13,BRCA,,-29525,0,29.0298,0:DiseaseFree,29.0298,0:ALIVE OR DEAD TUMOR FREE,,2011-05-27 00:00:00,EUR,No,C50.9,8500/3,C50.9,Yes,Yes,,M0,N1A,T2,Tumor Free,29.0298,0:CENSORED,Yes,,No,4,1,Female,BRCA_LumA,-10
0:LIVING,TCGA-A8-A06Y-01,TCGA-A8-A06Y,515b1400-e896-4f2a-81bd-70895441a0bd,26.0052,0:LIVING,0:LIVING,0:LIVING,0.983333,0.0166667,0.858172,0.141828,0.930112,0.0698885,1,0,0,0,0,brca_tcga_pan_can_atlas_2018,12,Breast Cancer,Breast Invasive Ductal Carcinoma,0.3042,0.2632,0.87,28,IDC,Primary,Matched,20,No,Yes,Indivumed,A8,0.966667,Breast,Infiltrating Ductal Carcinoma,66,STAGE IIA,-25,BRCA,791,-24442,0,26.0052,1:Recurred/Progressed,26.0052,0:ALIVE OR DEAD TUMOR FREE,,2011-05-27 00:00:00,EUR,No,C50.9,8500/3,C50.9,Yes,Yes,Yes,M0,N0,T2,Tumor Free,26.0052,1:PROGRESSION,No,,Yes,-14,1,Female,BRCA_LumA,-8
0:LIVING,TCGA-A8-A07I-01,TCGA-A8-A07I,566792ae-f853-4a47-856d-f02cdcfcb18a,14.0053,0:LIVING,0:LIVING,0:LIVING,1,0,0.858172,0.141828,0.808393,0.191607,1,1,1,0,0,brca_tcga_pan_can_atlas_2018,5,Breast Cancer,Breast Invasive Ductal Carcinoma,0.2446,0.2736,0.43,38,IDC,Primary,Matched,273,No,Yes,Indivumed,A8,1.33333,Breast,Infiltrating Ductal Carcinoma,69,STAGE IIIA,-23,BRCA,426,-25263,0,14.0053,0:DiseaseFree,14.0053,0:ALIVE OR DEAD TUMOR FREE,,2011-05-27 00:00:00,EUR,No,C50.9,8500/3,C50.9,Yes,Yes,No,M0,N2A,T2,Tumor Free,14.0053,0:CENSORED,No,,Yes,8,1,Female,BRCA_Her2,-30
0:LIVING,TCGA-A8-A07O-01,TCGA-A8-A07O,cf9db1af-17f0-490e-8139-142bd704763a,9.99441,0:LIVING,0:LIVING,0:LIVING,0.9,0.1,0.858172,0.141828,0.924351,0.0756493,1,1,0,1,0,brca_tcga_pan_can_atlas_2018,11,Breast Cancer,Breast Invasive Ductal Carcinoma,0.3136,0.2673,0.07,38,IDC,Primary,Matched,239,No,Yes,Indivumed,A8,1.26667,Breast,Infiltrating Ductal Carcinoma,51,STAGE IIA,27,BRCA,304,-18870,0,9.99441,0:DiseaseFree,9.99441,0:ALIVE OR DEAD TUMOR FREE,,2011-05-27 00:00:00,EUR,No,C50.9,8500/3,C50.9,Yes,Yes,No,M0,N0,T2,Tumor Free,9.99441,0:CENSORED,No,,Yes,16,1,Female,BRCA_Basal,14
0:LIVING,TCGA-A8-A093-01,TCGA-A8-A093,02f5ae33-a563-4ecb-9e33-dfa500a44931,17.9505,0:LIVING,0:LIVING,0:LIVING,1,0,0.858172,0.141828,0.956737,0.0432631,1,0,0,0,0,brca_tcga_pan_can_atlas_2018,22,Breast Cancer,Breast Invasive Ductal Carcinoma,0.4219,0.2626,0.42,91,IDC,Primary,Matched,29,No,Yes,Indivumed,A8,3.03333,Breast,Infiltrating Ductal Carcinoma,61,STAGE IIA,-35,BRCA,546,-22373,0,17.9505,0:DiseaseFree,17.9505,0:ALIVE OR DEAD TUMOR FREE,,2011-05-27 00:00:00,EUR,No,C50.9,8500/3,C50.9,Yes,Yes,No,M0,N0,T2,Tumor Free,17.9505,0:CENSORED,Yes,,Yes,-12,1,Female,BRCA_LumA,-24
0:LIVING,TCGA-A8-A094-01,TCGA-A8-A094,993103b1-e5a1-4c33-8629-be53ebc41d64,0,0:LIVING,0:LIVING,0:LIVING,1,0,0.858172,0.141828,0.901017,0.0989832,1,1,0,1,0,brca_tcga_pan_can_atlas_2018,11,Breast Cancer,Breast Invasive Ductal Carcinoma,0.4871,0.2589,0.36,173,IDC,Primary,Matched,216,No,Yes,Indivumed,A8,5.76667,Breast,Infiltrating Ductal Carcinoma,75,STAGE IIA,13,BRCA,0,-27729,0,0,0:DiseaseFree,0,0:ALIVE OR DEAD TUMOR FREE,,2011-05-27 00:00:00,EUR,No,C50.9,8500/3,C50.9,Yes,Yes,,M0,N0,T2,Tumor Free,0,0:CENSORED,No,,,20,1,Female,BRCA_Her2,0
0:LIVING,TCGA-A8-A0AB-01,TCGA-A8-A0AB,22eaba28-be67-4730-9846-860bc1fca29a,17.03,0:LIVING,0:LIVING,0:LIVING,1,0,0.858172,0.141828,0.995589,0.00441082,1,0,0,0,0,brca_tcga_pan_can_atlas_2018,17,Breast Cancer,Breast Invasive Lobular Carcinoma,0.2947,0.2865,0.22,30,ILC,Primary,Matched,40,No,Yes,Indivumed,A8,1,Breast,Infiltrating Lobular Carcinoma,54,STAGE IIA,-27,BRCA,518,-19814,0,17.03,0:DiseaseFree,17.03,0:ALIVE OR DEAD TUMOR FREE,,2011-05-27 00:00:00,EUR,No,C50.9,8520/3,C50.9,Yes,Yes,No,M0,N0,T2,Tumor Free,17.03,0:CENSORED,No,,No,4,1,Female,BRCA_LumA,-24
0:LIVING,TCGA-A8-A0AD-01,TCGA-A8-A0AD,af5453a9-cf1f-40de-aec4-0e0710908fb7,38.0379,0:LIVING,0:LIVING,0:LIVING,0.94,0.06,0.858172,0.141828,0.923094,0.0769062,1,0,0,0,0,brca_tcga_pan_can_atlas_2018,8,Breast Cancer,Breast Invasive Carcinoma (NOS),0.1633,0.2601,0.09,24,BRCNOS,Primary,Matched,248,No,Yes,Indivumed,A8,0.8,Breast,Mixed Histology (NOS),83,STAGE I,-29,BRCA,1157,-30407,0,38.0379,0:DiseaseFree,38.0379,0:ALIVE OR DEAD TUMOR FREE,,2011-05-27 00:00:00,EUR,No,C50.9,8522/3,C50.9,Yes,Yes,No,M0,N0,T1C,Tumor Free,38.0379,0:CENSORED,No,,No,0,1,Female,BRCA_LumA,-24
0:LIVING,TCGA-AC-A5EI-01,TCGA-AC-A5EI,01B9F68B-4DE4-4374-B4F2-8A0685E18153,14.5313,0:LIVING,0:LIVING,0:LIVING,0.9,0.1,0.869063,0.130937,0.829296,0.170704,1,0,0,0,0,brca_tcga_pan_can_atlas_2018,8,Breast Cancer,Breast Invasive Carcinoma (NOS),0.1868,0.3203,0.16,29,BRCNOS,Primary,Matched,48,Yes,No,International Genomics Consortium,AC,0.966667,Breast,Other,88,STAGE IB,,BRCA,442,-32375,0,14.5313,0:DiseaseFree,14.5313,0:ALIVE OR DEAD TUMOR FREE,Not Hispanic Or Latino,2013-07-12 00:00:00,EUR,No,C50.9,9020/3,C50.9,Yes,No,No,MX,N1MI,T1C,Tumor Free,14.5313,0:CENSORED,Yes,White,No,,1,Female,,
1:DECEASED,TCGA-AC-A62V-01,TCGA-AC-A62V,D5F2B85A-94A9-4168-BBE8-149EC71342B0,11.441,1:DECEASED,0:LIVING,0:LIVING,0.17,0.83,0.870425,0.129575,0.828314,0.171686,1,0,0,0,0,brca_tcga_pan_can_atlas_2018,18,Breast Cancer,Breast Invasive Ductal Carcinoma,0.4895,0.3584,0.07,68,IDC,Primary,Matched,313,Yes,No,International Genomics Consortium,AC,2.26667,Breast,Infiltrating Ductal Carcinoma,58,STAGE IV,9,BRCA,2,-21389,0,,,11.441,1:DEAD WITH TUMOR,Not Hispanic Or Latino,2013-10-21 00:00:00,AFR,No,C50.9,8500/3,C50.9,Yes,No,No,M1,N1A,T2,With Tumor,11.441,1:PROGRESSION,No,Black or African American,Yes,14,1,Male,,12
0:LIVING,TCGA-AC-A6IV-01,TCGA-AC-A6IV,8E11C5EC-C15A-48D4-85AC-B7B08A9ED827,18.6738,0:LIVING,0:LIVING,0:LIVING,1,0,0.869995,0.130005,0.869965,0.130035,1,1,1,0,0,brca_tcga_pan_can_atlas_2018,6,Breast Cancer,Breast Invasive Lobular Carcinoma,0.0215,0.3393,0,18,ILC,Primary,Matched,24,Yes,No,International Genomics Consortium,AC,0.6,Breast,Infiltrating Lobular Carcinoma,47,STAGE IIB,-33,BRCA,568,-17521,0,18.6738,0:DiseaseFree,18.6738,0:ALIVE OR DEAD TUMOR FREE,Not Hispanic Or Latino,2013-09-19 00:00:00,EUR,No,C50.9,8524/3,C50.9,Yes,Yes,No,MX,N1,T2,Tumor Free,18.6738,0:CENSORED,No,White,Yes,-2,1,Female,BRCA_LumA,-22
0:LIVING,TCGA-AN-A03X-01,TCGA-AN-A03X,88cd6ccc-70f7-436e-a99c-039b9d31e335,0.328764,0:LIVING,0:LIVING,0:LIVING,1,0,0.855985,0.144015,0.9097,0.0902998,1,0,0,0,0,brca_tcga_pan_can_atlas_2018,14,Breast Cancer,Breast Invasive Ductal Carcinoma,0.3072,0.271,0.22,35,IDC,Primary,Matched,56,No,Yes,Cureline,AN,1.16667,Breast,Infiltrating Ductal Carcinoma,74,STAGE IIA,-19,BRCA,10,-27163,0,0.328764,0:DiseaseFree,0.328764,0:ALIVE OR DEAD TUMOR FREE,Not Hispanic Or Latino,2010-12-28 00:00:00,EUR,No,C50.9,8500/3,C50.9,Yes,Yes,,M0,N0,T2,Tumor Free,0.328764,0:CENSORED,No,White,No,-12,1,Female,BRCA_LumA,-28
0:LIVING,TCGA-AN-A0FK-01,TCGA-AN-A0FK,2f4cbedf-ed7e-45a2-bf34-f1d1e696bdde,7.00266,0:LIVING,0:LIVING,0:LIVING,1,0,0.855868,0.144132,0.832393,0.167607,1,0,0,0,0,brca_tcga_pan_can_atlas_2018,23,Breast Cancer,Breast Invasive Ductal Carcinoma,0.5521,0.2848,0.07,34,IDC,Primary,Matched,27,No,Yes,Cureline,AN,1.16667,Breast,Infiltrating Ductal Carcinoma,88,STAGE IIIB,-15,BRCA,213,-32462,0,7.00266,0:DiseaseFree,7.00266,0:ALIVE OR DEAD TUMOR FREE,Not Hispanic Or Latino,2010-12-20 00:00:00,EUR,No,C50.9,8500/3,C50.9,Yes,Yes,,M0,N0,T4,Tumor Free,7.00266,0:CENSORED,No,White,No,-14,1,Female,BRCA_LumA,-16
0:LIVING,TCGA-AN-A0FL-01,TCGA-AN-A0FL,baf1207d-7d1a-4cad-ba58-62c26be2415e,7.59444,0:LIVING,0:LIVING,0:LIVING,0.9,0.1,0.855985,0.144015,0.901185,0.0988155,1,1,0,1,0,brca_tcga_pan_can_atlas_2018,7,Breast Cancer,Breast Invasive Ductal Carcinoma,0.5381,0.2919,0.62,151,IDC,Primary,Matched,293,No,Yes,Cureline,AN,5.06667,Breast,Infiltrating Ductal Carcinoma,62,STAGE IIA,5,BRCA,231,-22805,0,7.59444,0:DiseaseFree,7.59444,0:ALIVE OR DEAD TUMOR FREE,Not Hispanic Or Latino,2010-12-28 00:00:00,EUR,No,C50.9,8500/3,C50.9,Yes,Yes,,M0,N0,T2,Tumor Free,7.59444,0:CENSORED,No,White,No,-2,1,Female,BRCA_Basal,0
0:LIVING,TCGA-AN-A0FN-01,TCGA-AN-A0FN,c2a742fe-3e8b-4210-85a6-7191a1123609,7.16704,0:LIVING,0:LIVING,0:LIVING,1,0,0.855985,0.144015,0.886434,0.113566,1,0,0,0,0,brca_tcga_pan_can_atlas_2018,3,Breast Cancer,Breast Invasive Lobular Carcinoma,0.0004,0.3094,0.05,38,ILC,Primary,Matched,10,No,Yes,Cureline,AN,1.33333,Breast,Infiltrating Lobular Carcinoma,61,STAGE IA,-29,BRCA,218,-22629,0,7.16704,0:DiseaseFree,7.16704,0:ALIVE OR DEAD TUMOR FREE,Not Hispanic Or Latino,2010-12-28 00:00:00,EUR,No,C50.9,8500/3,C50.9,Yes,Yes,,M0,N0,T1C,Tumor Free,7.16704,0:CENSORED,No,White,No,-16,1,Female,BRCA_LumA,-26
0:LIVING,TCGA-AN-A0XW-01,TCGA-AN-A0XW,39de7761-e762-4811-b95c-8216b79ae06b,5.58898,0:LIVING,0:LIVING,0:LIVING,1,0,0.857315,0.142685,0.871982,0.128018,1,1,1,0,1,brca_tcga_pan_can_atlas_2018,6,Breast Cancer,Breast Invasive Ductal Carcinoma,0.2488,0.2638,0.21,288,IDC,Primary,Matched,158,No,Yes,Cureline,AN,9.6,Breast,Infiltrating Ductal Carcinoma,36,STAGE IIIA,-3,BRCA,170,-13208,0,5.58898,0:DiseaseFree,5.58898,0:ALIVE OR DEAD TUMOR FREE,Not Hispanic Or Latino,2011-03-29 00:00:00,EUR,No,C50.9,8500/3,C50.9,Yes,Yes,No,M0,N2,T2,,5.58898,0:CENSORED,No,White,No,10,1,Female,BRCA_LumA,-18
1:DECEASED,TCGA-AO-A03U-01,TCGA-AO-A03U,0685edd2-ce1c-4e0e-8dda-393139af4223,58.9473,0:LIVING,0:LIVING,0:LIVING,0.866667,0.133333,0.856161,0.143839,0.855573,0.144427,1,0,0,0,0,brca_tcga_pan_can_atlas_2018,1,Breast Cancer,Breast Invasive Carcinoma (NOS),0.001,,0.01,5,BRCNOS,Primary,Matched,6,No,Yes,MSKCC,AO,0.166667,Breast,Other,31,STAGE I,-21,BRCA,,-11354,0,58.9473,0:DiseaseFree,58.9473,0:ALIVE OR DEAD TUMOR FREE,Not Hispanic Or Latino,2011-01-09 00:00:00,EUR,No,C50.9,8502/3,C50.9,Yes,Yes,Yes,M0,N0 (I-),T1C,Tumor Free,53.0624,1:PROGRESSION,No,White,No,-16,1,Female,BRCA_Normal,-26
0:LIVING,TCGA-AO-A0J8-01,TCGA-AO-A0J8,02bf5203-f9cd-4c5a-97b4-e5584dc22325,22.3559,0:LIVING,0:LIVING,0:LIVING,1,0,0.854511,0.145489,0.84096,0.15904,1,0,0,0,0,brca_tcga_pan_can_atlas_2018,6,Breast Cancer,Breast Invasive Lobular Carcinoma,0.1308,0.2595,0.15,22,ILC,Primary,Matched,3,No,Yes,MSKCC,AO,0.733333,Breast,Infiltrating Lobular Carcinoma,61,STAGE IIA,-29,BRCA,680,-22284,0,22.3559,0:DiseaseFree,22.3559,0:ALIVE OR DEAD TUMOR FREE,Not Hispanic Or Latino,2010-09-19 00:00:00,EUR,No,C50.9,8520/3,C50.9,Yes,Yes,No,M0,N0 (I+),T2,Tumor Free,22.3559,0:CENSORED,No,White,Yes,-12,1,Female,BRCA_LumA,-36
0:LIVING,TCGA-AO-A0JC-01,TCGA-AO-A0JC,03565036-b6d3-432f-8d9a-7099818e0788,50.8597,0:LIVING,0:LIVING,0:LIVING,0.8,0.2,0.854526,0.145474,0.850252,0.149748,1,0,0,0,0,brca_tcga_pan_can_atlas_2018,,Breast Cancer,Breast Invasive Ductal Carcinoma,0.0001,0.2592,0.01,136,IDC,Primary,Matched,0,No,Yes,MSKCC,AO,4.56667,Breast,Infiltrating Ductal Carcinoma,64,STAGE IIA,-41,BRCA,1547,-23404,0,50.8597,0:DiseaseFree,50.8597,0:ALIVE OR DEAD TUMOR FREE,Not Hispanic Or Latino,2010-09-20 00:00:00,EUR,No,C50.9,8500/3,C50.9,Yes,Yes,No,M0,N0 (I-),T2,Tumor Free,50.8597,0:CENSORED,No,White,Yes,-8,1,Female,BRCA_LumA,-66
0:LIVING,TCGA-AO-A128-01,TCGA-AO-A128,016caf42-4e19-4444-ab5d-6cf1e76c4afa,106.782,0:LIVING,0:LIVING,0:LIVING,0.942857,0.0571429,0.855677,0.144323,0.836729,0.163271,1,1,0,1,1,brca_tcga_pan_can_atlas_2018,25,Breast Cancer,Breast Invasive Ductal Carcinoma,0.1548,0.3857,1.03,826,IDC,Primary,Matched,65,No,Yes,MSKCC,AO,27.9667,Breast,Infiltrating Ductal Carcinoma,61,STAGE IIA,-3,BRCA,3248,-22340,0,106.782,0:DiseaseFree,106.782,0:ALIVE OR DEAD TUMOR FREE,Not Hispanic Or Latino,2010-12-07 00:00:00,EUR,No,C50.9,8500/3,C50.9,Yes,Yes,No,M0,N0 (I-),T2,Tumor Free,106.782,0:CENSORED,No,White,Yes,4,1,Female,BRCA_Basal,-46
0:LIVING,TCGA-AO-A12B-01,TCGA-AO-A12B,f6ed684f-ee7a-496c-80d5-6eacd494d16a,98.2674,0:LIVING,0:LIVING,0:LIVING,1,0,0.855691,0.144309,0.841985,0.158015,1,0,0,0,0,brca_tcga_pan_can_atlas_2018,19,Breast Cancer,Breast Invasive Ductal Carcinoma,0.1121,,0.15,18,IDC,Primary,Matched,3,No,Yes,MSKCC,AO,0.6,Breast,Infiltrating Ductal Carcinoma,63,STAGE IIA,-29,BRCA,2989,-23150,0,98.2674,0:DiseaseFree,98.2674,0:ALIVE OR DEAD TUMOR FREE,Hispanic Or Latino,2010-12-08 00:00:00,,No,C50.9,8500/3,C50.9,Yes,Yes,No,M0,N0 (I-),T2,Tumor Free,98.2674,0:CENSORED,No,White,No,-14,1,Female,BRCA_LumA,-34
0:LIVING,TCGA-AR-A1AH-01,TCGA-AR-A1AH,a6e11b30-3ae8-4dd1-b04c-a730c6a79746,125.16,0:LIVING,0:LIVING,0:LIVING,0.9,0.1,0.858419,0.141581,0.862942,0.137058,1,1,0,1,0,brca_tcga_pan_can_atlas_2018,12,Breast Cancer,Breast Invasive Ductal Carcinoma,0.9025,0.2878,1.35,79,IDC,Primary,Matched,229,No,Yes,Mayo,AR,2.66667,Breast,Infiltrating Ductal Carcinoma,51,STAGE IIB,13,BRCA,3807,-18991,0,125.16,0:DiseaseFree,125.16,0:ALIVE OR DEAD TUMOR FREE,Not Hispanic Or Latino,2011-06-13 00:00:00,EUR,No,C50.9,8500/3,C50.9,Yes,Yes,No,M0,N1,T2,Tumor Free,37.3475,1:PROGRESSION,No,White,No,6,1,Female,BRCA_Basal,12
0:LIVING,TCGA-AR-A1AL-01,TCGA-AR-A1AL,1f99e4d4-4e8b-4cc1-a129-227a2a82780e,97.6756,0:LIVING,0:LIVING,0:LIVING,0.9,0.1,0.858448,0.141552,0.868662,0.131338,1,0,0,0,0,brca_tcga_pan_can_atlas_2018,3,Breast Cancer,Breast Invasive Lobular Carcinoma,0.0817,0.251,0.01,24,ILC,Primary,Matched,10,No,Yes,Mayo,AR,0.8,Breast,Infiltrating Lobular Carcinoma,60,STAGE IIIA,-41,BRCA,2971,-22023,0,97.6756,0:DiseaseFree,97.6756,0:ALIVE OR DEAD TUMOR FREE,Not Hispanic Or Latino,2011-06-15 00:00:00,EUR,No,C50.9,8520/3,C50.9,Yes,Yes,No,M0,N1,T3,Tumor Free,97.6756,0:CENSORED,No,White,Yes,-10,1,Female,BRCA_LumA,-32
0:LIVING,TCGA-AR-A1AU-01,TCGA-AR-A1AU,36220587-1c1c-4f92-b177-3b2155e7e273,94.2894,0:LIVING,0:LIVING,0:LIVING,1,0,0.858433,0.141567,0.857807,0.142193,1,0,0,0,0,brca_tcga_pan_can_atlas_2018,6,Breast Cancer,Breast Invasive Ductal Carcinoma,0.2156,0.2861,0.16,19,IDC,Primary,Matched,180,No,Yes,Mayo,AR,0.6,Breast,Infiltrating Ductal Carcinoma,39,STAGE IIIA,-17,BRCA,2868,-14564,0,94.2894,0:DiseaseFree,94.2894,0:ALIVE OR DEAD TUMOR FREE,Not Hispanic Or Latino,2011-06-14 00:00:00,EUR,No,C50.9,8500/3,C50.9,Yes,Yes,No,M0,N2,T2,,94.2894,0:CENSORED,No,White,Yes,14,1,Female,BRCA_LumA,-28
0:LIVING,TCGA-AR-A255-01,TCGA-AR-A255,e8f3cc64-5e15-4f4d-b73e-5c9b250a664c,71.0458,0:LIVING,0:LIVING,0:LIVING,1,0,0.859558,0.140442,0.853044,0.146956,1,0,0,0,0,brca_tcga_pan_can_atlas_2018,25,Breast Cancer,Breast Invasive Ductal Carcinoma,0.6568,0.3501,1.78,67,IDC,Primary,Matched,135,No,Yes,Mayo,AR,2.23333,Breast,Infiltrating Ductal Carcinoma,62,STAGE I,-31,BRCA,2161,-22809,0,71.0458,0:DiseaseFree,71.0458,0:ALIVE OR DEAD TUMOR FREE,Not Hispanic Or Latino,2011-08-31 00:00:00,EUR,No,C50.9,8500/3,C50.9,Yes,Yes,No,M0,N0,T1,,71.0458,0:CENSORED,No,White,Yes,6,1,Female,BRCA_LumA,-12
1:DECEASED,TCGA-B6-A0IM-01,TCGA-B6-A0IM,5a4b7098-1f6a-49e9-b364-29d6d34f5bd5,127.33,0:LIVING,0:LIVING,0:LIVING,0.671667,0.328333,0.855161,0.144839,0.825058,0.174942,1,0,0,0,0,brca_tcga_pan_can_atlas_2018,9,Breast Cancer,Breast Invasive Carcinoma (NOS),0.2215,0.2982,0.17,28,BRCNOS,Primary,Matched,53,No,Yes,Duke,B6,0.933333,Breast,Other,75,STAGE IIB,-19,BRCA,3836,-27557,0,127.33,0:DiseaseFree,127.33,0:ALIVE OR DEAD TUMOR FREE,Not Hispanic Or Latino,2010-11-02 00:00:00,AFR,No,C50.9,8523/3,C50.9,Yes,Yes,No,M0,N0 (I-),T3,Tumor Free,127.33,0:CENSORED,No,Black or African American,No,8,1,Female,BRCA_LumA,-28
1:DECEASED,TCGA-B6-A0IP-01,TCGA-B6-A0IP,1402082d-25c9-4148-8a1e-f58450b706bb,129.073,0:LIVING,0:LIVING,0:LIVING,0.741667,0.258333,0.855161,0.144839,0.912054,0.0879456,1,0,0,0,0,brca_tcga_pan_can_atlas_2018,2,Breast Cancer,Breast Invasive Lobular Carcinoma,0.0661,,0.01,36,ILC,Primary,Matched,7,No,Yes,Duke,B6,1.2,Breast,Infiltrating Lobular Carcinoma,74,STAGE IA,-31,BRCA,3374,-27047,0,129.073,0:DiseaseFree,129.073,0:ALIVE OR DEAD TUMOR FREE,Not Hispanic Or Latino,2010-11-02 00:00:00,EUR,No,C50.9,8520/3,C50.9,Yes,Yes,No,M0,N0 (I-),T1C,Tumor Free,129.073,0:CENSORED,No,White,,-2,1,Female,BRCA_LumA,-30
0:LIVING,TCGA-B6-A0RT-01,TCGA-B6-A0RT,4bf50455-9ab7-4521-a791-089f66d3b877,89.4566,0:LIVING,0:LIVING,0:LIVING,0.645238,0.354762,0.855176,0.144824,0.826818,0.173182,1,1,0,1,0,brca_tcga_pan_can_atlas_2018,2,Breast Cancer,Breast Invasive Ductal Carcinoma,0.0237,0.2897,0.01,56,IDC,Primary,Matched,48,No,Yes,Duke,B6,1.86667,Breast,Infiltrating Ductal Carcinoma,39,STAGE IIIA,-9,BRCA,2721,-14374,0,,,89.4566,0:ALIVE OR DEAD TUMOR FREE,Not Hispanic Or Latino,2010-11-03 00:00:00,EUR,No,C50.9,8500/3,C50.9,Yes,Yes,No,M0,N1,T3,Tumor Free,89.4566,0:CENSORED,No,White,Yes,10,1,Female,BRCA_Basal,-40
1:DECEASED,TCGA-B6-A0WW-01,TCGA-B6-A0WW,f02931f8-d72a-481d-b532-8b141dab115f,18.345,1:DECEASED,0:LIVING,1:DECEASED,0.025,0.975,0.855779,0.144221,0.267657,0.732343,1,1,0,0,1,brca_tcga_pan_can_atlas_2018,9,Breast Cancer,Breast Invasive Ductal Carcinoma,0.3127,0.2824,0.67,34,IDC,Primary,Matched,70,No,Yes,Duke,B6,1.13333,Breast,Infiltrating Ductal Carcinoma,58,STAGE X,-23,BRCA,,-21479,0,14.6957,1:Recurred/Progressed,18.345,1:DEAD WITH TUMOR,Not Hispanic Or Latino,2010-12-14 00:00:00,AFR,No,C50.9,8500/3,C50.9,Yes,Yes,Yes,MX,N1B,T2,With Tumor,14.6957,1:PROGRESSION,No,Black or African American,Yes,4,1,Female,BRCA_LumB,-26
0:LIVING,TCGA-3C-AALI-01,TCGA-3C-AALI,55262FCB-1B01-4480-B322-36570430C917,131.67,0:LIVING,0:LIVING,0:LIVING,0.98,0.02,0.819818,0.180182,0.829603,0.170397,2,1,0,1,0,brca_tcga_pan_can_atlas_2018,22,Breast Cancer,Breast Invasive Ductal Carcinoma,0.7164,0.3449,0.74,459,IDC,Primary,Matched,190,No,Yes,Columbia University,3C,15.2667,Breast,Infiltrating Ductal Carcinoma,50,STAGE IIB,5,BRCA,4005,-18538,0,131.67,0:DiseaseFree,131.67,0:ALIVE OR DEAD TUMOR FREE,Not Hispanic Or Latino,2014-07-28 00:00:00,AFR,No,C50.9,8500/3,C50.9,Yes,Yes,No,M0,N1A,T2,Tumor Free,131.67,0:CENSORED,No,Black or African American,Yes,18,1,Female,BRCA_Her2,20
0:LIVING,TCGA-3C-AALK-01,TCGA-3C-AALK,C31900A4-5DCD-4022-97AC-638E86E889E4,47.605,0:LIVING,0:LIVING,0:LIVING,1,0,0.877115,0.122885,0.829603,0.170397,2,1,1,0,0,brca_tcga_pan_can_atlas_2018,4,Breast Cancer,Breast Invasive Ductal Carcinoma,0.0764,0.3218,0.03,44,IDC,Primary,Matched,25,No,Yes,Columbia University,3C,1.5,Breast,Infiltrating Ductal Carcinoma,52,STAGE IA,-27,BRCA,1448,-19074,0,,,47.605,0:ALIVE OR DEAD TUMOR FREE,Not Hispanic Or Latino,2014-07-28 00:00:00,AFR,No,C50.9,8500/3,C50.9,Yes,Yes,No,M0,N0 (I+),T1C,Tumor Free,47.605,0:CENSORED,No,Black or African American,No,2,1,Female,BRCA_LumA,4
0:LIVING,TCGA-A1-A0SI-01,TCGA-A1-A0SI,16368c32-2118-4fcf-8693-6c89995e49d8,20.8765,0:LIVING,0:LIVING,0:LIVING,1,0,0.866556,0.133444,0.829603,0.170397,2,1,0,1,0,brca_tcga_pan_can_atlas_2018,15,Breast Cancer,Breast Invasive Ductal Carcinoma,0.3313,0.3411,0.63,180,IDC,Primary,Matched,22,No,Yes,UCSF,A1,6.03333,Breast,Infiltrating Ductal Carcinoma,52,STAGE IIB,-9,BRCA,635,-19250,0,20.8765,0:DiseaseFree,20.8765,0:ALIVE OR DEAD TUMOR FREE,Not Hispanic Or Latino,2011-06-30 00:00:00,EUR,No,C50.9,8500/3,C50.9,Yes,Yes,,M0,N1A,T2,Tumor Free,20.8765,0:CENSORED,No,White,,10,1,Female,BRCA_LumB,-14
0:LIVING,TCGA-A2-A04R-01,TCGA-A2-A04R,f3a058b9-fb7f-4098-8f0e-83c2acfa1ed5,121.938,0:LIVING,0:LIVING,0:LIVING,0.933333,0.0666667,0.816015,0.183985,0.829603,0.170397,2,0,0,0,0,brca_tcga_pan_can_atlas_2018,5,Breast Cancer,Breast Invasive Ductal Carcinoma,0.2643,0.3005,0.77,74,IDC,Primary,Matched,57,No,Yes,Walter Reed,A2,2.53333,Breast,Infiltrating Ductal Carcinoma,36,STAGE IA,-9,BRCA,3709,-13483,0,121.938,0:DiseaseFree,121.938,0:ALIVE OR DEAD TUMOR FREE,Not Hispanic Or Latino,2010-10-08 00:00:00,AFR_ADMIX,No,C50.9,8500/3,C50.9,Yes,Yes,No,M0,N0 (I-),T1,Tumor Free,121.938,0:CENSORED,No,Black or African American,Yes,12,1,Female,BRCA_LumB,2
0:LIVING,TCGA-A2-A04W-01,TCGA-A2-A04W,00807dae-9f4a-4fd1-aac2-82eb11bf2afb,101.982,0:LIVING,0:LIVING,0:LIVING,1,0,0.824211,0.175789,0.883381,0.116619,2,1,0,1,0,brca_tcga_pan_can_atlas_2018,17,Breast Cancer,Breast Invasive Carcinoma (NOS),0.1065,0.2769,0.04,125,BRCNOS,Primary,Matched,349,No,Yes,Walter Reed,A2,4.26667,Breast,Other,50,STAGE IIB,31,BRCA,3102,-18345,0,101.982,0:DiseaseFree,101.982,0:ALIVE OR DEAD TUMOR FREE,Not Hispanic Or Latino,2011-01-05 00:00:00,EUR,No,C50.9,8401/3,C50.9,Yes,Yes,No,M0,N1MI,T2,Tumor Free,101.982,0:CENSORED,No,White,No,16,1,Female,BRCA_Her2,16
0:LIVING,TCGA-A2-A0CK-01,TCGA-A2-A0CK,5ACA16CA-4516-4E27-8249-6914029A7EBF,136.733,0:LIVING,0:LIVING,0:LIVING,0.85,0.15,0.833213,0.166787,0.829603,0.170397,2,0,0,0,0,brca_tcga_pan_can_atlas_2018,4,Breast Cancer,Breast Invasive Lobular Carcinoma,0.1005,0.3074,0,13,ILC,Primary,Matched,30,No,Yes,Walter Reed,A2,0.433333,Breast,Infiltrating Lobular Carcinoma,60,STAGE IIIA,-27,BRCA,4159,-22094,0,44.8433,1:Recurred/Progressed,136.733,0:ALIVE OR DEAD TUMOR FREE,Not Hispanic Or Latino,2012-05-21 00:00:00,EUR,No,C50.9,8520/3,C50.9,Yes,Yes,Yes,M0,N2A,T3,Tumor Free,44.8433,1:PROGRESSION,No,White,Yes,-8,1,Female,BRCA_LumA,-30
0:LIVING,TCGA-A2-A0CV-01,TCGA-A2-A0CV,ad7fcc89-82a3-48aa-8461-581c1a857677,98.9907,0:LIVING,0:LIVING,0:LIVING,0.95,0.05,0.834863,0.165137,0.829603,0.170397,2,0,0,0,0,brca_tcga_pan_can_atlas_2018,24,Breast Cancer,Breast Invasive Ductal Carcinoma,0.6142,0.2792,0,22,IDC,Primary,Matched,5,No,Yes,Walter Reed,A2,0.733333,Breast,Infiltrating Ductal Carcinoma,41,STAGE IIB,-23,BRCA,3011,-15289,0,98.9907,0:DiseaseFree,98.9907,0:ALIVE OR DEAD TUMOR FREE,Not Hispanic Or Latino,2011-01-28 00:00:00,EAS,No,C50.9,8500/3,C50.9,Yes,Yes,No,M0,N1A,T2,Tumor Free,98.9907,0:CENSORED,No,Asian,Yes,-14,1,Female,BRCA_LumA,-26
0:LIVING,TCGA-A2-A0EO-01,TCGA-A2-A0EO,bf88ddf5-a6d4-498c-bf7f-db9bfabff72d,80.2841,0:LIVING,0:LIVING,0:LIVING,1,0,0.84495,0.15505,0.925008,0.0749917,2,0,0,0,0,brca_tcga_pan_can_atlas_2018,22,Breast Cancer,Breast Invasive Ductal Carcinoma,0.2512,0.2627,0.08,28,IDC,Primary,Matched,14,No,Yes,Walter Reed,A2,0.933333,Breast,Infiltrating Ductal Carcinoma,54,STAGE IA,-31,BRCA,2442,-19880,0,,,80.2841,0:ALIVE OR DEAD TUMOR FREE,Not Hispanic Or Latino,2010-08-10 00:00:00,EUR,No,C50.9,8500/3,C50.9,Yes,Yes,No,M0,N0 (I-),T1,Tumor Free,80.2841,0:CENSORED,No,White,Yes,-6,1,Female,BRCA_LumA,-22
0:LIVING,TCGA-A2-A0EV-01,TCGA-A2-A0EV,7032ec9c-e96b-4642-a7b6-d0aee7a3add2,31.8243,0:LIVING,0:LIVING,0:LIVING,0.933333,0.0666667,0.871183,0.128817,0.829603,0.170397,2,0,0,0,0,brca_tcga_pan_can_atlas_2018,15,Breast Cancer,Breast Invasive Ductal Carcinoma,0.2086,0.3283,0.2,63,IDC,Primary,Matched,85,No,Yes,Walter Reed,A2,2.1,Breast,Infiltrating Ductal Carcinoma,80,STAGE IA,-31,BRCA,968,-29285,0,31.8243,0:DiseaseFree,31.8243,0:ALIVE OR DEAD TUMOR FREE,Not Hispanic Or Latino,2010-08-11 00:00:00,EUR,No,C50.9,8500/3,C50.9,Yes,Yes,No,M0,N0 (I-),T1C,Tumor Free,31.8243,0:CENSORED,No,White,No,6,1,Female,BRCA_LumA,-24
1:DECEASED,TCGA-A2-A0SV-01,TCGA-A2-A0SV,ad01259b-d858-40bc-a6ba-0bb06e996afb,27.123,1:DECEASED,0:LIVING,0:LIVING,0.166667,0.833333,0.861982,0.138018,0.829603,0.170397,2,1,0,0,1,brca_tcga_pan_can_atlas_2018,13,Breast Cancer,Breast Invasive Ductal Carcinoma,0.3799,0.3032,0.59,33,IDC,Primary,Matched,80,No,Yes,Walter Reed,A2,1.1,Breast,Infiltrating Ductal Carcinoma,63,STAGE IV,21,BRCA,,-23126,0,,,27.123,1:DEAD WITH TUMOR,Not Hispanic Or Latino,2010-11-15 00:00:00,EUR,No,C50.9,8500/3,C50.9,Yes,Yes,,M1,N2A,T2,With Tumor,27.123,1:PROGRESSION,No,White,Yes,16,1,Female,BRCA_LumB,6
1:DECEASED,TCGA-A2-A0SW-01,TCGA-A2-A0SW,991e1427-3c01-423d-abfd-4584302ca72c,44.8762,1:DECEASED,0:LIVING,0:LIVING,0.125,0.875,0.867434,0.132566,0.829603,0.170397,2,1,0,1,0,brca_tcga_pan_can_atlas_2018,13,Breast Cancer,Breast Invasive Ductal Carcinoma,0.4298,0.2874,1.59,50,IDC,Primary,Matched,102,No,Yes,Walter Reed,A2,1.73333,Breast,Infiltrating Ductal Carcinoma,82,STAGE IV,9,BRCA,,-30085,0,,,44.8762,1:DEAD WITH TUMOR,Not Hispanic Or Latino,2010-11-08 00:00:00,EUR,No,C50.9,8500/3,C50.9,Yes,Yes,,M1,N2,T2,With Tumor,21.4683,1:PROGRESSION,No,White,Yes,20,1,Female,BRCA_LumB,12
0:LIVING,TCGA-A2-A0SY-01,TCGA-A2-A0SY,dc696e3c-f448-468f-a576-f4429be0338a,44.2844,0:LIVING,0:LIVING,0:LIVING,0.9,0.1,0.86031,0.13969,0.829603,0.170397,2,0,0,0,0,brca_tcga_pan_can_atlas_2018,2,Breast Cancer,Breast Invasive Lobular Carcinoma,0.1043,0.2804,0,115,ILC,Primary,Matched,42,No,Yes,Walter Reed,A2,3.86667,Breast,Infiltrating Lobular Carcinoma,62,STAGE IIIA,-33,BRCA,1347,-22928,0,44.2844,0:DiseaseFree,44.2844,0:ALIVE OR DEAD TUMOR FREE,Not Hispanic Or Latino,2010-11-12 00:00:00,EUR,No,C50.9,8520/3,C50.9,Yes,Yes,No,M0,N1,T3,Tumor Free,44.2844,0:CENSORED,No,White,Yes,-6,1,Female,BRCA_LumA,-46
1:DECEASED,TCGA-A2-A0T2-01,TCGA-A2-A0T2,128d198e-9b22-427c-90db-3714455f3a17,8.38347,1:DECEASED,0:LIVING,0:LIVING,0.166667,0.833333,0.86358,0.13642,0.829603,0.170397,2,1,0,1,1,brca_tcga_pan_can_atlas_2018,34,Breast Cancer,Breast Invasive Ductal Carcinoma,0.9463,0.3164,1.48,27,IDC,Primary,Matched,66,No,Yes,Walter Reed,A2,0.933333,Breast,Infiltrating Ductal Carcinoma,66,STAGE IV,39,BRCA,,-24235,0,,,8.38347,1:DEAD WITH TUMOR,Not Hispanic Or Latino,2010-11-12 00:00:00,EUR,No,C50.9,8500/3,C50.9,Yes,Yes,,M1,N3,T3,With Tumor,8.38347,1:PROGRESSION,No,White,No,2,1,Female,BRCA_Basal,24
0:LIVING,TCGA-A2-A0YD-01,TCGA-A2-A0YD,2c6adb12-380d-4710-a7e6-93d5a0e53289,25.2819,0:LIVING,0:LIVING,0:LIVING,1,0,0.871073,0.128927,0.850796,0.149204,2,0,0,0,0,brca_tcga_pan_can_atlas_2018,6,Breast Cancer,Breast Invasive Lobular Carcinoma,0.0935,0.3031,0.14,55,ILC,Primary,Matched,4,No,Yes,Walter Reed,A2,1.86667,Breast,Infiltrating Lobular Carcinoma,63,STAGE IIB,-39,BRCA,769,-23021,0,25.2819,0:DiseaseFree,25.2819,0:ALIVE OR DEAD TUMOR FREE,Not Hispanic Or Latino,2010-12-08 00:00:00,EUR,No,C50.9,8520/3,C50.9,Yes,Yes,No,M0,N0 (I+),T3,Tumor Free,25.2819,0:CENSORED,No,White,No,-14,1,Female,BRCA_LumA,-26
0:LIVING,TCGA-A2-A1FX-01,TCGA-A2-A1FX,ac6d3ba9-f84f-4657-aa85-4d66fb7c09da,60.7226,0:LIVING,0:LIVING,0:LIVING,1,0,0.859183,0.140817,0.829603,0.170397,2,0,0,0,0,brca_tcga_pan_can_atlas_2018,14,Breast Cancer,Breast Invasive Ductal Carcinoma,0.4239,0.3239,0.3,23,IDC,Primary,Matched,63,No,Yes,Walter Reed,A2,0.8,Breast,Infiltrating Ductal Carcinoma,61,STAGE IIIA,-19,BRCA,1847,-22344,0,60.7226,0:DiseaseFree,60.7226,0:ALIVE OR DEAD TUMOR FREE,Not Hispanic Or Latino,2011-05-12 00:00:00,EUR,No,C50.9,8500/3,C50.9,Yes,Yes,No,M0,N2A,T3,Tumor Free,60.7226,0:CENSORED,No,White,Yes,6,1,Female,BRCA_LumB,-18
0:LIVING,TCGA-A2-A3XT-01,TCGA-A2-A3XT,C72CB184-462D-4009-9CDB-848782FF8A76,91.0675,0:LIVING,0:LIVING,0:LIVING,1,0,0.844783,0.155217,0.829603,0.170397,2,1,0,1,0,brca_tcga_pan_can_atlas_2018,14,Breast Cancer,Breast Invasive Ductal Carcinoma,0.4752,0.3073,0.16,69,IDC,Primary,Matched,101,No,Yes,Walter Reed,A2,2.26667,Breast,Infiltrating Ductal Carcinoma,45,STAGE IIB,27,BRCA,2770,-16649,0,91.0675,0:DiseaseFree,91.0675,0:ALIVE OR DEAD TUMOR FREE,Not Hispanic Or Latino,2012-08-17 00:00:00,AFR,No,C50.9,8500/3,C50.9,Yes,Yes,No,M0,N1A,T2,Tumor Free,91.0675,0:CENSORED,No,Black or African American,Yes,12,1,Female,BRCA_Basal,4
0:LIVING,TCGA-A2-A3Y0-01,TCGA-A2-A3Y0,174850B4-5EC2-462B-A890-89BD1716B3C2,50.8268,0:LIVING,0:LIVING,0:LIVING,0.966667,0.0333333,0.860951,0.139049,0.829603,0.170397,2,1,0,1,1,brca_tcga_pan_can_atlas_2018,6,Breast Cancer,Breast Invasive Ductal Carcinoma,0.4308,0.3062,0.07,148,IDC,Primary,Matched,184,No,Yes,Walter Reed,A2,4.96667,Breast,Infiltrating Ductal Carcinoma,57,STAGE IIB,45,BRCA,1546,-21024,0,,,50.8268,0:ALIVE OR DEAD TUMOR FREE,Not Hispanic Or Latino,2012-08-24 00:00:00,AFR,No,C50.9,8500/3,C50.9,Yes,Yes,No,M0,N1A,T2,Tumor Free,50.8268,0:CENSORED,No,Black or African American,No,20,1,Female,BRCA_Basal,38
0:LIVING,TCGA-A7-A13D-01,TCGA-A7-A13D,8785012f-f73e-4d68-87cf-1d804af32782,31.7257,0:LIVING,0:LIVING,0:LIVING,0.830556,0.169444,0.852,0.148,0.829603,0.170397,2,1,0,1,0,brca_tcga_pan_can_atlas_2018,28,Breast Cancer,Breast Invasive Ductal Carcinoma,0.7824,0.3088,2.07,89,IDC,Primary,Matched,576,Yes,No,Christiana Healthcare,A7,2.93333,Breast,Infiltrating Ductal Carcinoma,46,STAGE IIA,47,BRCA,965,-17070,0,31.7257,0:DiseaseFree,31.7257,0:ALIVE OR DEAD TUMOR FREE,Not Hispanic Or Latino,2011-02-23 00:00:00,AFR,No,C50.9,8500/3,C50.9,Yes,Yes,No,M0,N0 (I-),T2,Tumor Free,31.7257,0:CENSORED,No,Black or African American,Yes,26,1,Female,BRCA_Basal,34
0:LIVING,TCGA-A8-A07B-01,TCGA-A8-A07B,b43e41af-1d82-4b5f-b8f1-add0510e6b86,43.0023,0:LIVING,0:LIVING,0:LIVING,0.9,0.1,0.865228,0.134772,0.881088,0.118912,2,1,0,1,0,brca_tcga_pan_can_atlas_2018,16,Breast Cancer,Breast Invasive Ductal Carcinoma,0.3844,0.2543,0.68,64,IDC,Primary,Matched,207,No,Yes,Indivumed,A8,2.13333,Breast,Infiltrating Ductal Carcinoma,69,STAGE IIA,-5,BRCA,1308,-25475,0,43.0023,0:DiseaseFree,43.0023,0:ALIVE OR DEAD TUMOR FREE,,2011-05-27 00:00:00,EUR,No,C50.9,8500/3,C50.9,Yes,Yes,,M0,N0,T2,Tumor Free,43.0023,0:CENSORED,No,,No,6,1,Female,BRCA_LumA,-22
0:LIVING,TCGA-A8-A08O-01,TCGA-A8-A08O,5f5964a8-8e07-4620-98f0-93d162dbc31e,31.0024,0:LIVING,0:LIVING,0:LIVING,0.55,0.45,0.861269,0.138731,0.572615,0.427385,2,1,1,0,0,brca_tcga_pan_can_atlas_2018,7,Breast Cancer,Breast Invasive Ductal Carcinoma,0.6432,0.2784,0.08,21,IDC,Primary,Matched,317,No,Yes,Indivumed,A8,0.7,Breast,Infiltrating Ductal Carcinoma,45,STAGE IV,-27,BRCA,943,-16681,0,,,31.0024,0:ALIVE OR DEAD TUMOR FREE,,2011-05-27 00:00:00,EUR,No,C50.9,8500/3,C50.9,Yes,Yes,Yes,M1,N3A,T2,With Tumor,25.0518,1:PROGRESSION,No,,No,0,1,Female,BRCA_LumA,-22
0:LIVING,TCGA-A8-A092-01,TCGA-A8-A092,38a8b734-9acc-42f9-b5b7-e51b0dfc6504,30.9695,0:LIVING,0:LIVING,0:LIVING,1,0,0.864884,0.135116,0.754914,0.245086,2,1,0,1,0,brca_tcga_pan_can_atlas_2018,24,Breast Cancer,Breast Invasive Ductal Carcinoma,0.5728,0.2734,1.22,70,IDC,Primary,Matched,40,No,Yes,Indivumed,A8,2.36667,Breast,Infiltrating Ductal Carcinoma,48,STAGE IIIA,-5,BRCA,942,-17807,0,30.9695,0:DiseaseFree,30.9695,0:ALIVE OR DEAD TUMOR FREE,,2011-05-27 00:00:00,EUR,No,C50.9,8500/3,C50.9,Yes,Yes,No,M0,N2A,T2,Tumor Free,30.9695,0:CENSORED,No,,Yes,18,1,Female,BRCA_LumB,-2
0:LIVING,TCGA-A8-A097-01,TCGA-A8-A097,dcfd0b1d-5707-44a6-b225-5e8f7cea5ca1,11.9999,0:LIVING,0:LIVING,0:LIVING,1,0,0.873768,0.126232,0.836164,0.163836,2,1,0,1,0,brca_tcga_pan_can_atlas_2018,17,Breast Cancer,Breast Invasive Ductal Carcinoma,0.3867,0.277,0.29,89,IDC,Primary,Matched,232,No,Yes,Indivumed,A8,3.03333,Breast,Infiltrating Ductal Carcinoma,65,STAGE IIB,-17,BRCA,365,-23741,0,11.9999,0:DiseaseFree,11.9999,0:ALIVE OR DEAD TUMOR FREE,,2011-05-27 00:00:00,EUR,No,C50.9,8500/3,C50.9,Yes,Yes,No,M0,N1,T2,Tumor Free,11.9999,0:CENSORED,No,,Yes,14,1,Female,BRCA_LumA,-8
0:LIVING,TCGA-AC-A8OR-01,TCGA-AC-A8OR,8CD1BA0B-EAD9-4661-A796-6C9DBF1C42CD,1.31505,0:LIVING,0:LIVING,0:LIVING,1,0,0.897304,0.102696,0.830142,0.169858,2,0,0,0,0,brca_tcga_pan_can_atlas_2018,1,Breast Cancer,Breast Invasive Mixed Mucinous Carcinoma,0.0328,0.3115,0.06,58,IMMC,Primary,Matched,13,Yes,No,International Genomics Consortium,AC,1.93333,Breast,Mucinous Carcinoma,75,STAGE IA,-23,BRCA,40,-27605,0,1.31505,0:DiseaseFree,1.31505,0:ALIVE OR DEAD TUMOR FREE,Not Hispanic Or Latino,2014-02-26 00:00:00,EUR,No,C50.9,8480/3,C50.9,Yes,Yes,No,MX,N0 (I-),T1C,Tumor Free,1.31505,0:CENSORED,No,White,,-12,1,Female,BRCA_LumA,-18
0:LIVING,TCGA-AN-A0AK-01,TCGA-AN-A0AK,9e894662-b718-40f8-8899-b5e036cfbd76,7.3643,0:LIVING,0:LIVING,0:LIVING,0.9,0.1,0.837162,0.162838,0.830091,0.169909,2,1,0,0,1,brca_tcga_pan_can_atlas_2018,12,Breast Cancer,Breast Invasive Ductal Carcinoma,0.2818,0.8283,32.92,1118,IDC,Primary,Matched,32,No,Yes,Cureline,AN,37.3667,Breast,Infiltrating Ductal Carcinoma,76,STAGE IIA,9,BRCA,224,-27977,0,7.3643,0:DiseaseFree,7.3643,0:ALIVE OR DEAD TUMOR FREE,Not Hispanic Or Latino,2010-12-21 00:00:00,EUR,No,C50.9,8500/3,C50.9,Yes,Yes,No,M0,N0,T2,Tumor Free,7.3643,0:CENSORED,No,White,No,12,1,Female,BRCA_LumB,2
0:LIVING,TCGA-AN-A0AM-01,TCGA-AN-A0AM,00a2d166-78c9-4687-a195-3d6315c27574,0.164382,0:LIVING,0:LIVING,0:LIVING,0.955556,0.0444444,0.865487,0.134513,0.885784,0.114216,2,0,0,0,0,brca_tcga_pan_can_atlas_2018,21,Breast Cancer,Breast Invasive Ductal Carcinoma,0.2787,0.2894,0.09,88,IDC,Primary,Matched,700,No,Yes,Cureline,AN,2.93333,Breast,Infiltrating Ductal Carcinoma,56,STAGE IIA,19,BRCA,5,-20713,0,0.164382,0:DiseaseFree,0.164382,0:ALIVE OR DEAD TUMOR FREE,Not Hispanic Or Latino,2010-12-28 00:00:00,EUR,No,C50.9,8500/3,C50.9,Yes,Yes,,M0,N0,T2,Tumor Free,0.164382,0:CENSORED,No,White,No,18,1,Female,BRCA_LumB,12
0:LIVING,TCGA-AN-A0FF-01,TCGA-AN-A0FF,d5cab7f5-e4f1-40ee-a0c8-4c8004c1c9a0,5.65473,0:LIVING,0:LIVING,0:LIVING,1,0,0.86919,0.13081,0.83776,0.16224,2,0,0,0,0,brca_tcga_pan_can_atlas_2018,4,Breast Cancer,Breast Invasive Ductal Carcinoma,0.1509,0.2735,0.05,20,IDC,Primary,Matched,25,No,Yes,Cureline,AN,0.666667,Breast,Infiltrating Ductal Carcinoma,32,STAGE IA,-29,BRCA,172,-11929,0,5.65473,0:DiseaseFree,5.65473,0:ALIVE OR DEAD TUMOR FREE,Not Hispanic Or Latino,2010-12-27 00:00:00,EUR,No,C50.9,8500/3,C50.9,Yes,Yes,No,M0,N0,T1B,Tumor Free,5.65473,0:CENSORED,No,White,No,2,1,Female,BRCA_LumB,-36
0:LIVING,TCGA-AN-A0FZ-01,TCGA-AN-A0FZ,8240c4ae-f878-4882-aa07-7857c7ac52cf,0.328764,0:LIVING,0:LIVING,0:LIVING,1,0,0.866698,0.133302,0.874538,0.125462,2,0,0,0,0,brca_tcga_pan_can_atlas_2018,16,Breast Cancer,Breast Invasive Ductal Carcinoma,0.4504,0.2641,0.5,67,IDC,Primary,Matched,446,No,Yes,Cureline,AN,2.23333,Breast,Infiltrating Ductal Carcinoma,45,STAGE IIIA,-9,BRCA,10,-16533,0,0.328764,0:DiseaseFree,0.328764,0:ALIVE OR DEAD TUMOR FREE,Not Hispanic Or Latino,2010-12-29 00:00:00,EUR,No,C50.9,8500/3,C50.9,Yes,Yes,,M0,N2,T2,Tumor Free,0.328764,0:CENSORED,No,White,No,-2,1,Female,BRCA_LumA,-18
0:LIVING,TCGA-AN-A0XR-01,TCGA-AN-A0XR,f51af6db-2655-47fb-9ffc-83a503a728ea,0.328764,0:LIVING,0:LIVING,0:LIVING,1,0,0.879051,0.120949,0.887188,0.112812,2,1,1,0,0,brca_tcga_pan_can_atlas_2018,6,Breast Cancer,Breast Invasive Ductal Carcinoma,0.1201,0.2961,0.36,30,IDC,Primary,Matched,53,No,Yes,Cureline,AN,1,Breast,Infiltrating Ductal Carcinoma,55,STAGE IIIA,-7,BRCA,10,-20381,0,0.328764,0:DiseaseFree,0.328764,0:ALIVE OR DEAD TUMOR FREE,Not Hispanic Or Latino,2011-03-25 00:00:00,EUR,No,C50.9,8500/3,C50.9,Yes,Yes,,M0,N2,T2,,0.328764,0:CENSORED,No,White,No,10,1,Female,BRCA_LumB,-8
0:LIVING,TCGA-AO-A0J6-01,TCGA-AO-A0J6,e9f4f373-37a5-48ad-a1a0-b0d47820111a,37.479,0:LIVING,0:LIVING,0:LIVING,1,0,0.8598,0.1402,0.853307,0.146693,2,1,0,1,1,brca_tcga_pan_can_atlas_2018,5,Breast Cancer,Breast Invasive Ductal Carcinoma,0.4668,0.2929,0.67,100,IDC,Primary,Matched,164,No,Yes,MSKCC,AO,3.33333,Breast,Infiltrating Ductal Carcinoma,61,STAGE IIA,31,BRCA,1140,-22462,0,37.479,0:DiseaseFree,37.479,0:ALIVE OR DEAD TUMOR FREE,Not Hispanic Or Latino,2010-09-19 00:00:00,EUR,No,C50.9,8500/3,C50.9,Yes,Yes,No,M0,N0 (I-),T2,Tumor Free,37.479,0:CENSORED,No,White,Yes,16,1,Female,BRCA_Basal,26
0:LIVING,TCGA-AO-A0J7-01,TCGA-AO-A0J7,9536bec0-dae0-4d63-a1b3-956741835243,20.3176,0:LIVING,0:LIVING,0:LIVING,1,0,0.876035,0.123965,0.823952,0.176048,2,0,0,0,0,brca_tcga_pan_can_atlas_2018,15,Breast Cancer,Breast Invasive Carcinoma (NOS),0.7671,0.2727,1.24,18,BRCNOS,Primary,Matched,5,No,Yes,MSKCC,AO,0.6,Breast,Other,71,STAGE IIB,-17,BRCA,618,-26281,0,20.3176,0:DiseaseFree,20.3176,0:ALIVE OR DEAD TUMOR FREE,Not Hispanic Or Latino,2010-09-19 00:00:00,EUR,No,C50.9,8523/3,C50.9,Yes,Yes,No,M0,N1,T2,Tumor Free,20.3176,0:CENSORED,No,White,Yes,10,1,Female,BRCA_LumB,-12
0:LIVING,TCGA-AO-A124-01,TCGA-AO-A124,b094e8b2-8ece-4b36-8025-18073a8b873c,115.264,0:LIVING,0:LIVING,0:LIVING,0.860714,0.139286,0.81017,0.18983,0.856516,0.143484,2,1,0,1,0,brca_tcga_pan_can_atlas_2018,15,Breast Cancer,Breast Invasive Carcinoma (NOS),0.7327,0.3181,2.42,135,BRCNOS,Primary,Matched,412,No,Yes,MSKCC,AO,4.53333,Breast,Other,38,STAGE IIA,23,BRCA,3506,-14174,0,115.264,0:DiseaseFree,115.264,0:ALIVE OR DEAD TUMOR FREE,Not Hispanic Or Latino,2010-12-07 00:00:00,EUR,No,C50.9,8523/3,C50.9,Yes,Yes,No,M0,N0 (I-),T2,Tumor Free,115.264,0:CENSORED,No,White,No,12,1,Female,BRCA_Basal,12
0:LIVING,TCGA-AO-A129-01,TCGA-AO-A129,c70ee5e1-4703-4996-bb5c-f4cca0fb53ba,108.032,0:LIVING,0:LIVING,0:LIVING,1,0,0.81391,0.18609,0.84852,0.15148,2,1,0,1,0,brca_tcga_pan_can_atlas_2018,9,Breast Cancer,Breast Invasive Ductal Carcinoma,0.3991,,0.07,109,IDC,Primary,Matched,278,No,Yes,MSKCC,AO,3.66667,Breast,Infiltrating Ductal Carcinoma,29,STAGE IIB,33,BRCA,3286,-10898,0,108.032,0:DiseaseFree,108.032,0:ALIVE OR DEAD TUMOR FREE,Not Hispanic Or Latino,2010-12-08 00:00:00,EUR,No,C50.9,8500/3,C50.9,Yes,Yes,No,M0,N1A,T2,Tumor Free,108.032,0:CENSORED,No,White,Yes,24,1,Female,BRCA_Basal,10
0:LIVING,TCGA-AO-A12E-01,TCGA-AO-A12E,2cbeadff-a8a3-4787-9d4e-f6b74c3ab5d9,70.4211,0:LIVING,0:LIVING,0:LIVING,1,0,0.85451,0.14549,0.851665,0.148335,2,0,0,0,0,brca_tcga_pan_can_atlas_2018,18,Breast Cancer,Breast Invasive Lobular Carcinoma,0.4013,,0,27,ILC,Primary,Matched,47,No,Yes,MSKCC,AO,0.9,Breast,Infiltrating Lobular Carcinoma,51,STAGE IIB,-13,BRCA,1743,-18721,0,70.4211,0:DiseaseFree,70.4211,0:ALIVE OR DEAD TUMOR FREE,Not Hispanic Or Latino,2010-12-08 00:00:00,EUR,No,C50.9,8520/3,C50.9,Yes,Yes,,M0,N0 (I+),T3,Tumor Free,70.4211,0:CENSORED,No,White,Yes,12,1,Female,BRCA_LumA,-10
1:DECEASED,TCGA-AQ-A0Y5-01,TCGA-AQ-A0Y5,d0b78f3f-a198-437a-ab8c-204345d3b75d,5.65473,1:DECEASED,0:LIVING,0:LIVING,0.4,0.6,0.863623,0.136377,0.829603,0.170397,2,1,1,0,0,brca_tcga_pan_can_atlas_2018,20,Breast Cancer,Breast Invasive Ductal Carcinoma,0.4961,0.3277,0.27,56,IDC,Primary,Matched,213,Yes,No,UNC,AQ,1.83333,Breast,Infiltrating Ductal Carcinoma,70,STAGE IIIA,7,BRCA,,-25793,0,5.65473,0:DiseaseFree,5.65473,0:ALIVE OR DEAD TUMOR FREE,Not Hispanic Or Latino,2011-04-07 00:00:00,EUR,Yes,C50.9,8500/3,C50.9,Yes,Yes,,MX,N2A,T2,Tumor Free,5.65473,0:CENSORED,Yes,White,No,6,1,Female,BRCA_LumA,16
1:DECEASED,TCGA-AQ-A7U7-01,TCGA-AQ-A7U7,19015644-9C17-4AE7-A656-0FE8623C04AE,19.1998,0:LIVING,0:LIVING,0:LIVING,1,0,0.887376,0.112624,0.829603,0.170397,2,0,0,0,0,brca_tcga_pan_can_atlas_2018,10,Breast Cancer,Breast Invasive Lobular Carcinoma,0.2481,0.3192,0,58,ILC,Primary,Matched,51,Yes,No,UNC,AQ,1.93333,Breast,Infiltrating Lobular Carcinoma,55,STAGE IIIA,-43,BRCA,304,-20239,0,19.1998,0:DiseaseFree,19.1998,0:ALIVE OR DEAD TUMOR FREE,Not Hispanic Or Latino,2013-12-18 00:00:00,EUR,No,C50.9,8520/3,C50.9,Yes,Yes,No,M0,N2A,T2,Tumor Free,19.1998,0:CENSORED,Yes,White,Yes,-12,1,Female,BRCA_LumA,-38
0:LIVING,TCGA-AR-A0TV-01,TCGA-AR-A0TV,6439621e-da61-4723-91cc-c5d87d0a4abc,75.2211,0:LIVING,0:LIVING,0:LIVING,1,0,0.84891,0.15109,0.904654,0.0953456,2,1,0,1,0,brca_tcga_pan_can_atlas_2018,15,Breast Cancer,Breast Invasive Ductal Carcinoma,0.3859,0.2892,0.3,57,IDC,Primary,Matched,278,No,Yes,Mayo,AR,1.9,Breast,Infiltrating Ductal Carcinoma,66,STAGE IIA,-1,BRCA,2288,-24279,0,75.2211,0:DiseaseFree,75.2211,0:ALIVE OR DEAD TUMOR FREE,,2011-03-10 00:00:00,EUR,No,C50.9,8500/3,C50.9,Yes,Yes,No,M0,N0,T2,Tumor Free,75.2211,0:CENSORED,No,,No,10,1,Female,BRCA_LumB,-26
0:LIVING,TCGA-AR-A0U4-01,TCGA-AR-A0U4,71f97b63-c970-44ee-98c2-e02e663d5a40,107.21,0:LIVING,0:LIVING,0:LIVING,1,0,0.823954,0.176046,0.9066,0.0934002,2,1,0,1,0,brca_tcga_pan_can_atlas_2018,11,Breast Cancer,Breast Invasive Ductal Carcinoma,0.4452,,0.17,145,IDC,Primary,Matched,330,No,Yes,Mayo,AR,4.83333,Breast,Infiltrating Ductal Carcinoma,54,STAGE IIA,27,BRCA,3261,-19729,0,107.21,0:DiseaseFree,107.21,0:ALIVE OR DEAD TUMOR FREE,Not Hispanic Or Latino,2011-03-10 00:00:00,EUR,No,C50.9,8500/3,C50.9,Yes,Yes,No,M0,N0,T2,,107.21,0:CENSORED,No,White,No,22,1,Female,BRCA_Basal,4
0:LIVING,TCGA-AR-A1AI-01,TCGA-AR-A1AI,9848307d-1bd5-40c1-b655-a33297aaf74f,108.36,0:LIVING,0:LIVING,0:LIVING,0.858333,0.141667,0.82701,0.17299,0.858099,0.141901,2,1,0,1,0,brca_tcga_pan_can_atlas_2018,22,Breast Cancer,Breast Invasive Ductal Carcinoma,0.4681,0.2776,0.79,70,IDC,Primary,Matched,258,No,Yes,Mayo,AR,2.33333,Breast,Medullary Carcinoma,47,STAGE IIA,21,BRCA,3296,-17229,0,19.3313,1:Recurred/Progressed,108.36,0:ALIVE OR DEAD TUMOR FREE,Not Hispanic Or Latino,2011-06-15 00:00:00,EUR,No,C50.9,8510/3,C50.9,Yes,Yes,No,M0,N0,T2,Tumor Free,19.3313,1:PROGRESSION,No,White,No,18,1,Female,BRCA_Basal,10
0:LIVING,TCGA-AR-A1AP-01,TCGA-AR-A1AP,9495f029-9882-4c9b-a557-b3aec9e91698,93.8949,0:LIVING,0:LIVING,0:LIVING,0.879167,0.120833,0.851125,0.148875,0.873568,0.126432,2,1,0,1,0,brca_tcga_pan_can_atlas_2018,12,Breast Cancer,Breast Invasive Ductal Carcinoma,0.2882,0.288,0.69,32,IDC,Primary,Matched,169,No,Yes,Mayo,AR,1.06667,Breast,Infiltrating Ductal Carcinoma,80,STAGE I,-9,BRCA,2856,-29406,0,93.8949,0:DiseaseFree,93.8949,0:ALIVE OR DEAD TUMOR FREE,Not Hispanic Or Latino,2011-06-13 00:00:00,EUR,No,C50.9,8500/3,C50.9,Yes,Yes,No,M0,N0,T1,Tumor Free,93.8949,0:CENSORED,No,White,No,4,1,Female,BRCA_LumA,-20
0:LIVING,TCGA-AR-A24R-01,TCGA-AR-A24R,db62d9c7-8343-4771-84fc-146d2e307bb8,112.766,0:LIVING,0:LIVING,0:LIVING,0.985714,0.0142857,0.830728,0.169272,0.88035,0.11965,2,0,0,0,0,brca_tcga_pan_can_atlas_2018,17,Breast Cancer,Breast Invasive Ductal Carcinoma,0.3412,0.3522,0.72,22,IDC,Primary,Matched,145,No,Yes,Mayo,AR,0.733333,Breast,Infiltrating Ductal Carcinoma,45,STAGE IIIA,-13,BRCA,3430,-16642,0,112.766,0:DiseaseFree,112.766,0:ALIVE OR DEAD TUMOR FREE,Not Hispanic Or Latino,2011-08-26 00:00:00,EUR,No,C50.9,8500/3,C50.9,Yes,Yes,No,M0,N2,T1,,112.766,0:CENSORED,No,White,Yes,18,1,Female,BRCA_LumB,-12
0:LIVING,TCGA-AR-A24S-01,TCGA-AR-A24S,074e8b06-3929-4896-9263-3b80ad6a355b,97.84,0:LIVING,0:LIVING,0:LIVING,1,0,0.843263,0.156737,0.88772,0.11228,2,1,0,1,0,brca_tcga_pan_can_atlas_2018,16,Breast Cancer,Breast Invasive Ductal Carcinoma,0.3411,0.3249,0.04,44,IDC,Primary,Matched,144,No,Yes,Mayo,AR,1.46667,Breast,Infiltrating Ductal Carcinoma,61,STAGE I,-13,BRCA,2976,-22587,0,97.84,0:DiseaseFree,97.84,0:ALIVE OR DEAD TUMOR FREE,Not Hispanic Or Latino,2011-08-30 00:00:00,EUR,No,C50.9,8500/3,C50.9,Yes,Yes,No,M0,N0,T1,,97.84,0:CENSORED,No,White,Yes,12,1,Female,BRCA_LumB,-24
0:LIVING,TCGA-AR-A24Z-01,TCGA-AR-A24Z,9fefbe7c-f66a-4940-843e-285cb7b392c1,98.6619,0:LIVING,0:LIVING,0:LIVING,1,0,0.834583,0.165417,0.872647,0.127353,2,0,0,0,0,brca_tcga_pan_can_atlas_2018,18,Breast Cancer,Breast Invasive Ductal Carcinoma,0.5036,0.3301,1.07,42,IDC,Primary,Matched,480,No,Yes,Mayo,AR,1.43333,Breast,Infiltrating Ductal Carcinoma,57,STAGE IIA,-13,BRCA,3001,-20900,0,98.6619,0:DiseaseFree,98.6619,0:ALIVE OR DEAD TUMOR FREE,,2011-08-30 00:00:00,EUR,No,C50.9,8500/3,C50.9,Yes,Yes,No,M0,N0,T2,,98.6619,0:CENSORED,No,White,No,6,1,Female,BRCA_LumB,-24
0:LIVING,TCGA-AR-A250-01,TCGA-AR-A250,a0963e93-b63e-4de2-86c1-81302e271d3e,88.9963,0:LIVING,0:LIVING,0:LIVING,0.919048,0.0809524,0.842001,0.157999,0.881787,0.118213,2,1,1,0,0,brca_tcga_pan_can_atlas_2018,19,Breast Cancer,Breast Invasive Ductal Carcinoma,0.3845,0.3337,1.63,116,IDC,Primary,Matched,165,No,Yes,Mayo,AR,3.93333,Breast,Infiltrating Ductal Carcinoma,58,STAGE IIA,-15,BRCA,2707,-21309,0,88.9963,0:DiseaseFree,88.9963,0:ALIVE OR DEAD TUMOR FREE,Not Hispanic Or Latino,2011-08-30 00:00:00,EUR,No,C50.9,8500/3,C50.9,Yes,Yes,No,M0,N0,T2,Tumor Free,88.9963,0:CENSORED,No,White,No,8,1,Female,BRCA_LumB,-18
1:DECEASED,TCGA-B6-A0I1-01,TCGA-B6-A0I1,5DD423E8-FEAA-4568-A750-500948C41D6C,77.6211,1:DECEASED,0:LIVING,0:LIVING,0.435833,0.564167,0.867729,0.132271,0.829603,0.170397,2,1,0,1,0,brca_tcga_pan_can_atlas_2018,9,Breast Cancer,Breast Invasive Ductal Carcinoma,0.3742,0.2998,0.82,50,IDC,Primary,Matched,236,No,Yes,Duke,B6,1.7,Breast,Infiltrating Ductal Carcinoma,73,STAGE IIA,37,BRCA,,-26902,0,36.8215,1:Recurred/Progressed,77.6211,0:ALIVE OR DEAD TUMOR FREE,Not Hispanic Or Latino,2012-01-11 00:00:00,AFR_ADMIX,No,C50.9,8500/3,C50.9,Yes,Yes,Yes,M0,N0,T2,Tumor Free,36.8215,1:PROGRESSION,No,Black or African American,No,20,1,Female,BRCA_Basal,24
1:DECEASED,TCGA-B6-A0RM-01,TCGA-B6-A0RM,151f3677-6854-4265-9126-d92c646c67ae,78.0156,1:DECEASED,0:LIVING,0:LIVING,0.328333,0.671667,0.860805,0.139195,0.850679,0.149321,2,0,0,0,0,brca_tcga_pan_can_atlas_2018,4,Breast Cancer,Breast Invasive Ductal Carcinoma,0.0804,0.2781,0.09,28,IDC,Primary,Matched,16,No,Yes,Duke,B6,0.933333,Breast,Infiltrating Ductal Carcinoma,57,STAGE X,-13,BRCA,,-21047,0,,,78.0156,0:ALIVE OR DEAD TUMOR FREE,Not Hispanic Or Latino,2010-11-02 00:00:00,AFR_ADMIX,No,C50.9,8500/3,C50.9,Yes,Yes,No,MX,NX,TX,Tumor Free,78.0156,0:CENSORED,No,Black or African American,No,-2,1,Female,BRCA_LumA,-18
0:LIVING,TCGA-B6-A0RV-01,TCGA-B6-A0RV,cd3faa15-743c-476f-ab0d-f205b14126b6,169.51,0:LIVING,0:LIVING,0:LIVING,0.9,0.1,0.795618,0.204382,0.953485,0.0465148,2,0,0,0,0,brca_tcga_pan_can_atlas_2018,7,Breast Cancer,Breast Invasive Carcinoma (NOS),0.1644,0.2622,0,38,BRCNOS,Primary,Matched,110,No,Yes,Duke,B6,1.26667,Breast,Mixed Histology (NOS),42,STAGE IIIA,-23,BRCA,5156,-15507,0,169.51,0:DiseaseFree,169.51,0:ALIVE OR DEAD TUMOR FREE,Not Hispanic Or Latino,2010-11-02 00:00:00,EUR,No,C50.9,8522/3,C50.9,Yes,Yes,No,M0,N2,T3,Tumor Free,169.51,0:CENSORED,No,White,Yes,-4,1,Female,BRCA_LumA,-30
0:LIVING,TCGA-A1-A0SD-01,TCGA-A1-A0SD,c462e422-eb8d-4daf-9897-2a9c6cbd783a,14.367,0:LIVING,0:LIVING,0:LIVING,1,0,0.85956,0.14044,0.800746,0.199254,3,1,0,0,1,brca_tcga_pan_can_atlas_2018,11,Breast Cancer,Breast Invasive Ductal Carcinoma,0.2474,0.2829,0.02,33,IDC,Primary,Matched,66,No,Yes,UCSF,A1,1.1,Breast,Infiltrating Ductal Carcinoma,59,STAGE IIA,-35,BRCA,437,-21793,0,14.367,0:DiseaseFree,14.367,0:ALIVE OR DEAD TUMOR FREE,Not Hispanic Or Latino,2011-09-07 00:00:00,EUR,No,C50.9,8500/3,C50.9,Yes,Yes,,M0,N0,T2,,14.367,0:CENSORED,No,White,,-6,1,Female,BRCA_LumA,-20
0:LIVING,TCGA-A1-A0SH-01,TCGA-A1-A0SH,a6a863d9-b39d-4965-b47f-79a1bcf3c976,47.2433,0:LIVING,0:LIVING,0:LIVING,1,0,0.855563,0.144437,0.907729,0.0922707,3,0,0,0,0,brca_tcga_pan_can_atlas_2018,2,Breast Cancer,Breast Invasive Ductal Carcinoma,0.1789,0.4765,0.02,94,IDC,Primary,Matched,35,No,Yes,UCSF,A1,3.13333,Breast,Infiltrating Ductal Carcinoma,39,STAGE IIA,-29,BRCA,1437,-14595,0,47.2433,0:DiseaseFree,47.2433,0:ALIVE OR DEAD TUMOR FREE,Not Hispanic Or Latino,2010-12-06 00:00:00,EUR,No,C50.9,8500/3,C50.9,Yes,Yes,,M0,N0 (I-),T2,Tumor Free,47.2433,0:CENSORED,No,White,,-12,1,Female,BRCA_LumA,-34
0:LIVING,TCGA-A1-A0SM-01,TCGA-A1-A0SM,784de7ac-8424-42eb-83d4-a1bebaa42b97,7.95608,0:LIVING,0:LIVING,0:LIVING,1,0,0.855563,0.144437,0.822438,0.177562,3,0,0,0,0,brca_tcga_pan_can_atlas_2018,3,Breast Cancer,Breast Invasive Ductal Carcinoma,0.1807,0.259,0.12,19,IDC,Primary,Matched,60,No,Yes,UCSF,A1,0.633333,Breast,Infiltrating Ductal Carcinoma,77,STAGE IIA,-7,BRCA,242,-28198,0,7.95608,0:DiseaseFree,7.95608,0:ALIVE OR DEAD TUMOR FREE,Not Hispanic Or Latino,2010-12-06 00:00:00,EUR,No,C50.9,8500/3,C50.9,Yes,No,,M0,N0 (I-),T2,Tumor Free,7.95608,0:CENSORED,No,White,,8,1,Male,,-8
0:LIVING,TCGA-A1-A0SP-01,TCGA-A1-A0SP,a9bb8159-32f0-454c-a946-b3286a52b9d5,19.1998,0:LIVING,0:LIVING,0:LIVING,1,0,0.855563,0.144437,0.902996,0.0970038,3,1,0,1,1,brca_tcga_pan_can_atlas_2018,13,Breast Cancer,Breast Invasive Ductal Carcinoma,0.3918,0.2779,0.26,51,IDC,Primary,Matched,170,No,Yes,UCSF,A1,1.7,Breast,Infiltrating Ductal Carcinoma,40,STAGE IIA,17,BRCA,584,-14954,0,19.1998,0:DiseaseFree,19.1998,0:ALIVE OR DEAD TUMOR FREE,Not Hispanic Or Latino,2010-12-06 00:00:00,EUR,,C50.9,8500/3,C50.9,Yes,Yes,,M0,N0 (I-),T2,Tumor Free,19.1998,0:CENSORED,Yes,,,14,1,Female,BRCA_Basal,28
1:DECEASED,TCGA-A2-A0CS-01,TCGA-A2-A0CS,d071c16b-7cee-45ed-8ec9-612418143815,77.1937,0:LIVING,0:LIVING,0:LIVING,0.833333,0.166667,0.856326,0.143674,0.800746,0.199254,3,1,0,0,1,brca_tcga_pan_can_atlas_2018,17,Breast Cancer,Breast Invasive Ductal Carcinoma,0.1967,0.2726,0.27,31,IDC,Primary,Matched,3,No,Yes,Walter Reed,A2,1.03333,Breast,Infiltrating Ductal Carcinoma,73,STAGE IV,-21,BRCA,2298,-26817,0,,,77.1937,0:ALIVE OR DEAD TUMOR FREE,Not Hispanic Or Latino,2011-01-27 00:00:00,EUR,No,C50.9,8500/3,C50.9,Yes,Yes,,M1,N3A,T4B,Tumor Free,77.1937,0:CENSORED,No,White,Yes,-10,1,Female,BRCA_LumA,-8
1:DECEASED,TCGA-A2-A0CU-01,TCGA-A2-A0CU,332423a7-8866-4ee3-b08f-3c8d7c16af80,5.19446,0:LIVING,0:LIVING,0:LIVING,0.9,0.1,0.854264,0.145736,0.800746,0.199254,3,1,0,1,0,brca_tcga_pan_can_atlas_2018,20,Breast Cancer,Breast Invasive Ductal Carcinoma,0.4388,0.2981,0.06,43,IDC,Primary,Matched,99,No,Yes,Walter Reed,A2,1.43333,Breast,Infiltrating Ductal Carcinoma,73,STAGE IIA,-15,BRCA,,-26823,0,,,5.19446,0:ALIVE OR DEAD TUMOR FREE,Not Hispanic Or Latino,2010-09-09 00:00:00,EUR,No,C50.9,8500/3,C50.9,Yes,Yes,No,M0,N0 (I+),T2,Tumor Free,5.19446,0:CENSORED,No,White,No,4,1,Female,BRCA_LumA,-18
0:LIVING,TCGA-A2-A0D1-01,TCGA-A2-A0D1,084c6aec-94f7-4090-8f3f-59fa9e89721a,34.553,0:LIVING,0:LIVING,0:LIVING,1,0,0.854442,0.145558,0.800746,0.199254,3,1,0,1,0,brca_tcga_pan_can_atlas_2018,10,Breast Cancer,Breast Invasive Ductal Carcinoma,0.2609,0.2684,0.63,44,IDC,Primary,Matched,180,No,Yes,Walter Reed,A2,1.46667,Breast,Infiltrating Ductal Carcinoma,76,STAGE IIA,9,BRCA,1051,-28084,0,34.553,0:DiseaseFree,34.553,0:ALIVE OR DEAD TUMOR FREE,Not Hispanic Or Latino,2010-09-21 00:00:00,EUR,No,C50.9,8500/3,C50.9,Yes,Yes,No,M0,N0 (I-),T2,Tumor Free,34.553,0:CENSORED,No,White,Yes,14,1,Female,BRCA_Her2,6
0:LIVING,TCGA-A2-A0EM-01,TCGA-A2-A0EM,2fdfd287-d13c-4910-9788-73987d45908a,101.719,0:LIVING,0:LIVING,0:LIVING,1,0,0.85422,0.14578,0.656046,0.343954,3,0,0,0,0,brca_tcga_pan_can_atlas_2018,5,Breast Cancer,Breast Invasive Ductal Carcinoma,0.1025,0.2606,0.06,31,IDC,Primary,Matched,3,No,Yes,Walter Reed,A2,1.03333,Breast,Infiltrating Ductal Carcinoma,73,STAGE IA,-37,BRCA,3094,-26845,0,101.719,0:DiseaseFree,101.719,0:ALIVE OR DEAD TUMOR FREE,Not Hispanic Or Latino,2010-09-06 00:00:00,EUR,No,C50.9,8500/3,C50.9,Yes,Yes,No,M0,N0 (I-),T1,Tumor Free,101.719,0:CENSORED,No,White,Yes,-8,1,Female,BRCA_LumA,-24
0:LIVING,TCGA-A2-A0ST-01,TCGA-A2-A0ST,12d31787-e54d-4729-ace8-9141043c92b8,99.188,0:LIVING,0:LIVING,0:LIVING,0.8,0.2,0.855166,0.144834,0.800746,0.199254,3,1,0,1,0,brca_tcga_pan_can_atlas_2018,,Breast Cancer,Breast Invasive Ductal Carcinoma,0.0109,0.261,0.01,15,IDC,Primary,Matched,32,No,Yes,Walter Reed,A2,0.5,Breast,Infiltrating Ductal Carcinoma,62,STAGE IIA,-7,BRCA,3017,-22922,0,99.188,0:DiseaseFree,99.188,0:ALIVE OR DEAD TUMOR FREE,Not Hispanic Or Latino,2010-11-09 00:00:00,EUR,No,C50.9,8500/3,C50.9,Yes,Yes,Yes,M0,N1A,T1C,,99.188,0:CENSORED,No,White,Yes,10,1,Female,BRCA_Basal,-26
0:LIVING,TCGA-A2-A0SX-01,TCGA-A2-A0SX,18d35983-ea6a-4b70-a209-9bef37595956,50.4323,0:LIVING,0:LIVING,0:LIVING,0.573333,0.426667,0.855166,0.144834,0.800746,0.199254,3,1,0,1,0,brca_tcga_pan_can_atlas_2018,11,Breast Cancer,Breast Invasive Ductal Carcinoma,0.3822,0.2956,0.31,23,IDC,Primary,Matched,122,No,Yes,Walter Reed,A2,0.766667,Breast,Infiltrating Ductal Carcinoma,48,STAGE IA,-3,BRCA,1534,-17774,0,40.7338,1:Recurred/Progressed,50.4323,0:ALIVE OR DEAD TUMOR FREE,Not Hispanic Or Latino,2010-11-09 00:00:00,EUR,No,C50.9,8500/3,C50.9,Yes,Yes,No,M0,N0 (I-),T1C,With Tumor,40.7338,1:PROGRESSION,No,White,Yes,2,1,Female,BRCA_Basal,-20
0:LIVING,TCGA-A2-A0YI-01,TCGA-A2-A0YI,72cd1b17-d349-4551-83f7-3062ce9db865,49.4789,0:LIVING,0:LIVING,0:LIVING,1,0,0.855681,0.144319,0.731014,0.268986,3,0,0,0,0,brca_tcga_pan_can_atlas_2018,4,Breast Cancer,Breast Invasive Ductal Carcinoma,0.1891,0.2845,0,11,IDC,Primary,Matched,46,No,Yes,Walter Reed,A2,0.4,Breast,Infiltrating Ductal Carcinoma,62,STAGE I,-31,BRCA,1505,-22961,0,49.4789,0:DiseaseFree,49.4789,0:ALIVE OR DEAD TUMOR FREE,Not Hispanic Or Latino,2010-12-14 00:00:00,EUR,No,C50.9,8522/3,C50.9,Yes,Yes,No,M0,N0 (I+),T1C,Tumor Free,49.4789,0:CENSORED,No,White,Yes,-12,1,Female,BRCA_LumA,-30
0:LIVING,TCGA-A2-A0YJ-01,TCGA-A2-A0YJ,796b593f-5886-4a27-bf94-7ea8df325e1a,18.608,0:LIVING,0:LIVING,0:LIVING,0.64,0.36,0.855887,0.144113,0.871691,0.128309,3,1,0,1,0,brca_tcga_pan_can_atlas_2018,25,Breast Cancer,Breast Invasive Ductal Carcinoma,0.5313,0.2988,0.47,74,IDC,Primary,Matched,211,No,Yes,Walter Reed,A2,2.5,Breast,Infiltrating Ductal Carcinoma,39,STAGE IIIA,21,BRCA,566,-14448,0,18.3779,1:Recurred/Progressed,18.608,0:ALIVE OR DEAD TUMOR FREE,Not Hispanic Or Latino,2010-12-28 00:00:00,EUR,No,C50.9,8500/3,C50.9,Yes,Yes,Yes,M0,N2A,T3,Tumor Free,18.3779,1:PROGRESSION,No,White,Yes,14,1,Female,BRCA_Basal,14
0:LIVING,TCGA-A2-A0YM-01,TCGA-A2-A0YM,5cbf0aea-ebb4-4005-bdd5-14ef2dc6826c,31.7257,0:LIVING,0:LIVING,0:LIVING,1,0,0.855593,0.144407,0.856315,0.143685,3,1,0,1,0,brca_tcga_pan_can_atlas_2018,27,Breast Cancer,Breast Invasive Ductal Carcinoma,0.434,0.3077,1.2,75,IDC,Primary,Matched,272,No,Yes,Walter Reed,A2,2.56667,Breast,Infiltrating Ductal Carcinoma,67,STAGE IIA,27,BRCA,965,-24831,0,31.7257,0:DiseaseFree,31.7257,0:ALIVE OR DEAD TUMOR FREE,Not Hispanic Or Latino,2010-12-08 00:00:00,EUR,No,C50.9,8500/3,C50.9,Yes,Yes,No,M0,N0 (I-),T2,Tumor Free,31.7257,0:CENSORED,No,White,Yes,14,1,Female,BRCA_Basal,28
0:LIVING,TCGA-A2-A1FV-01,TCGA-A2-A1FV,cd0c96a4-6414-4efb-879b-7408b62ed5b6,23.4737,0:LIVING,0:LIVING,0:LIVING,1,0,0.85806,0.14194,0.800746,0.199254,3,0,0,0,0,brca_tcga_pan_can_atlas_2018,12,Breast Cancer,Breast Invasive Lobular Carcinoma,0.3999,0.3124,0.21,39,ILC,Primary,Matched,108,Yes,No,Walter Reed,A2,1.3,Breast,Infiltrating Lobular Carcinoma,74,STAGE IIB,-23,BRCA,714,-27287,0,23.4737,0:DiseaseFree,23.4737,0:ALIVE OR DEAD TUMOR FREE,Not Hispanic Or Latino,2011-05-26 00:00:00,EUR,No,C50.9,8520/3,C50.9,Yes,Yes,No,M0,N0 (I+),T3,Tumor Free,23.4737,0:CENSORED,No,White,Yes,-8,1,Female,BRCA_LumA,-32
0:LIVING,TCGA-A2-A1G1-01,TCGA-A2-A1G1,75b5529b-565a-4eba-918a-910b2f441d32,19.1998,0:LIVING,0:LIVING,0:LIVING,1,0,0.857857,0.142143,0.800746,0.199254,3,1,0,1,0,brca_tcga_pan_can_atlas_2018,20,Breast Cancer,Breast Invasive Ductal Carcinoma,0.1756,0.3368,1.11,28,IDC,Primary,Matched,149,Yes,No,Walter Reed,A2,0.966667,Breast,Infiltrating Ductal Carcinoma,85,STAGE IIB,17,BRCA,584,-31223,0,19.1998,0:DiseaseFree,19.1998,0:ALIVE OR DEAD TUMOR FREE,Not Hispanic Or Latino,2011-05-12 00:00:00,EUR,No,C50.9,8500/3,C50.9,Yes,Yes,No,M0,N1,T2,Tumor Free,19.1998,0:CENSORED,No,White,Yes,16,1,Female,BRCA_Basal,28
0:LIVING,TCGA-A7-A13F-01,TCGA-A7-A13F,2cf68894-168b-458b-af4f-53cad72989a8,25.1504,0:LIVING,0:LIVING,0:LIVING,1,0,0.856823,0.143177,0.800746,0.199254,3,0,0,0,0,brca_tcga_pan_can_atlas_2018,25,Breast Cancer,Breast Invasive Ductal Carcinoma,0.2607,0.28,0.27,36,IDC,Primary,Matched,90,Yes,No,Christiana Healthcare,A7,2.43333,Breast,Infiltrating Ductal Carcinoma,44,STAGE IIIA,-9,BRCA,765,-16363,0,25.1504,0:DiseaseFree,25.1504,0:ALIVE OR DEAD TUMOR FREE,Not Hispanic Or Latino,2011-03-02 00:00:00,EUR,No,C50.9,8500/3,C50.9,Yes,Yes,No,M0,N1A,T3,Tumor Free,25.1504,0:CENSORED,No,White,Yes,14,1,Female,BRCA_LumB,-10
0:LIVING,TCGA-A7-A26H-01,TCGA-A7-A26H,dddd8e2f-e540-418a-b02e-698d18a12c14,23.8025,0:LIVING,0:LIVING,0:LIVING,0.661905,0.338095,0.859071,0.140929,0.800746,0.199254,3,1,1,0,0,brca_tcga_pan_can_atlas_2018,8,Breast Cancer,Breast Invasive Ductal Carcinoma,0.2219,0.301,0.18,109,IDC,Primary,Matched,66,Yes,No,Christiana Healthcare,A7,3.66667,Breast,Infiltrating Ductal Carcinoma,72,STAGE IIA,-23,BRCA,724,-26423,0,9.56702,1:Recurred/Progressed,23.8025,0:ALIVE OR DEAD TUMOR FREE,Not Hispanic Or Latino,2011-08-04 00:00:00,EUR,No,C50.9,8500/3,C50.9,Yes,Yes,Yes,M0,N1A,T1,,9.56702,1:PROGRESSION,Yes,White,No,0,1,Female,BRCA_LumA,-20
0:LIVING,TCGA-A8-A07E-01,TCGA-A8-A07E,853456d8-2367-404e-abc9-020fe8bbd209,19.9888,0:LIVING,0:LIVING,0:LIVING,0.975,0.025,0.858074,0.141926,0.635698,0.364302,3,0,0,0,0,brca_tcga_pan_can_atlas_2018,6,Breast Cancer,Breast Invasive Ductal Carcinoma,0.2136,,0.03,57,IDC,Primary,Matched,93,No,Yes,Indivumed,A8,1.9,Breast,Infiltrating Ductal Carcinoma,81,STAGE X,-9,BRCA,608,-29800,0,19.9888,0:DiseaseFree,19.9888,0:ALIVE OR DEAD TUMOR FREE,,2011-05-27 00:00:00,EUR,No,C50.9,8500/3,C50.9,Yes,Yes,No,MX,N3A,T4B,Tumor Free,19.9888,0:CENSORED,Yes,,No,14,1,Female,BRCA_LumA,-8
0:LIVING,TCGA-A8-A07U-01,TCGA-A8-A07U,59bf0ce4-715a-4017-bccb-c59916e78324,24.986,0:LIVING,0:LIVING,0:LIVING,1,0,0.858074,0.141926,0.476966,0.523034,3,1,0,1,0,brca_tcga_pan_can_atlas_2018,26,Breast Cancer,Breast Invasive Ductal Carcinoma,0.0901,0.2869,0.01,62,IDC,Primary,Matched,75,No,Yes,Indivumed,A8,2.06667,Breast,Infiltrating Ductal Carcinoma,66,STAGE IIIA,11,BRCA,760,-24411,0,24.986,0:DiseaseFree,24.986,0:ALIVE OR DEAD TUMOR FREE,,2011-05-27 00:00:00,EUR,No,C50.9,8500/3,C50.9,Yes,Yes,No,M0,N2A,T2,Tumor Free,24.986,0:CENSORED,No,,Yes,16,1,Female,BRCA_Basal,-10
0:LIVING,TCGA-A8-A07W-01,TCGA-A8-A07W,01263518-5f7c-49dc-8d7e-84b0c03a6a63,9.99441,0:LIVING,0:LIVING,0:LIVING,0.933333,0.0666667,0.858045,0.141955,0.800746,0.199254,3,1,0,1,0,brca_tcga_pan_can_atlas_2018,26,Breast Cancer,Breast Invasive Ductal Carcinoma,0.4787,0.2628,0.97,128,IDC,Primary,Matched,227,No,Yes,Indivumed,A8,4.3,Breast,Infiltrating Ductal Carcinoma,76,STAGE IV,5,BRCA,304,-27942,0,,,9.99441,0:ALIVE OR DEAD TUMOR FREE,,2011-05-25 00:00:00,EUR,No,C50.9,8500/3,C50.9,Yes,Yes,,M1,NX,T2,With Tumor,9.99441,0:CENSORED,No,,No,18,1,Female,BRCA_LumB,4
0:LIVING,TCGA-A8-A08A-01,TCGA-A8-A08A,7fe4670d-4626-459d-869b-ab15f478c6a7,0.986291,0:LIVING,0:LIVING,0:LIVING,0.775,0.225,0.858074,0.141926,0.851826,0.148174,3,0,0,0,0,brca_tcga_pan_can_atlas_2018,3,Breast Cancer,Breast Invasive Ductal Carcinoma,0.0864,,0.06,24,IDC,Primary,Matched,12,No,Yes,Indivumed,A8,0.8,Breast,Infiltrating Ductal Carcinoma,89,STAGE I,-41,BRCA,30,-32750,0,0.986291,0:DiseaseFree,0.986291,0:ALIVE OR DEAD TUMOR FREE,,2011-05-27 00:00:00,EUR,No,C50.9,8500/3,C50.9,Yes,Yes,,M0,N0,T1C,Tumor Free,0.986291,0:CENSORED,No,,,-14,1,Female,BRCA_LumA,-20
0:LIVING,TCGA-A8-A08I-01,TCGA-A8-A08I,7acf33e7-c386-45fd-8c9a-469600378687,11.9999,0:LIVING,0:LIVING,0:LIVING,1,0,0.858074,0.141926,0.664988,0.335012,3,1,0,1,1,brca_tcga_pan_can_atlas_2018,19,Breast Cancer,Breast Invasive Ductal Carcinoma,0.6372,,1.21,33,IDC,Primary,Matched,266,No,Yes,Indivumed,A8,1.13333,Breast,Infiltrating Ductal Carcinoma,53,STAGE IIA,-7,BRCA,365,-19389,0,11.9999,0:DiseaseFree,11.9999,0:ALIVE OR DEAD TUMOR FREE,,2011-05-27 00:00:00,EUR,No,C50.9,8500/3,C50.9,Yes,Yes,No,M0,N0,T2,Tumor Free,11.9999,0:CENSORED,No,,Yes,8,1,Female,BRCA_LumB,-26
0:LIVING,TCGA-A8-A08R-01,TCGA-A8-A08R,6412854a-f874-469e-9d1f-8bd3ae5bd41d,0.986291,0:LIVING,0:LIVING,0:LIVING,0.905,0.095,0.858074,0.141926,0.5,0.5,3,1,0,1,0,brca_tcga_pan_can_atlas_2018,17,Breast Cancer,Breast Invasive Ductal Carcinoma,0.5152,0.2989,0.41,227,IDC,Primary,Matched,179,No,Yes,Indivumed,A8,7.56667,Breast,Infiltrating Ductal Carcinoma,52,STAGE IIB,5,BRCA,30,-19298,0,0.986291,0:DiseaseFree,0.986291,0:ALIVE OR DEAD TUMOR FREE,,2011-05-27 00:00:00,,No,C50.9,8500/3,C50.9,Yes,Yes,,M0,N1A,T2,Tumor Free,0.986291,0:CENSORED,No,,,18,1,Female,BRCA_Basal,8
0:LIVING,TCGA-A8-A090-01,TCGA-A8-A090,f4b69043-4a67-48e3-a4d1-72a21ae2d175,0,0:LIVING,0:LIVING,0:LIVING,1,0,0.858074,0.141926,0.846769,0.153231,3,0,0,0,0,brca_tcga_pan_can_atlas_2018,17,Breast Cancer,Breast Invasive Ductal Carcinoma,0.2863,0.2517,0.5,34,IDC,Primary,Matched,141,No,Yes,Indivumed,A8,1.13333,Breast,Infiltrating Ductal Carcinoma,74,STAGE IIA,-27,BRCA,0,-27121,0,0,0:DiseaseFree,0,0:ALIVE OR DEAD TUMOR FREE,,2011-05-27 00:00:00,EUR,No,C50.9,8500/3,C50.9,Yes,Yes,,M0,N0,T2,Tumor Free,0,0:CENSORED,No,,,12,1,Female,BRCA_LumA,-24
0:LIVING,TCGA-A8-A09N-01,TCGA-A8-A09N,33919e92-4ea9-47e5-a6f4-36e51845d50f,1.01917,0:LIVING,0:LIVING,0:LIVING,1,0,0.858074,0.141926,0.348312,0.651688,3,1,0,1,0,brca_tcga_pan_can_atlas_2018,14,Breast Cancer,Breast Invasive Ductal Carcinoma,0.6977,0.2927,0.97,58,IDC,Primary,Matched,327,No,Yes,Indivumed,A8,1.96667,Breast,Infiltrating Ductal Carcinoma,57,STAGE IIIC,-1,BRCA,31,-21002,0,1.01917,0:DiseaseFree,1.01917,0:ALIVE OR DEAD TUMOR FREE,,2011-05-27 00:00:00,EUR,No,C50.9,8500/3,C50.9,Yes,Yes,,M0,N3A,T2,Tumor Free,1.01917,0:CENSORED,No,,,8,1,Female,BRCA_LumB,-10
0:LIVING,TCGA-AC-A2BK-01,TCGA-AC-A2BK,6FA2A667-9C36-4526-8A58-1975E863A806,73.0513,0:LIVING,0:LIVING,0:LIVING,0.816667,0.183333,0.85969,0.14031,0.800746,0.199254,3,1,0,1,0,brca_tcga_pan_can_atlas_2018,14,Breast Cancer,Breast Invasive Ductal Carcinoma,0.5065,0.3604,2.61,79,IDC,Primary,Matched,199,No,Yes,International Genomics Consortium,AC,2.63333,Breast,Infiltrating Ductal Carcinoma,78,STAGE IIIA,9,BRCA,2222,-28625,0,73.0513,0:DiseaseFree,73.0513,0:ALIVE OR DEAD TUMOR FREE,,2011-09-16 00:00:00,AFR,No,C50.9,8500/3,C50.9,Yes,Yes,No,MX,N2A,T2,Tumor Free,73.0513,0:CENSORED,No,Black or African American,Yes,10,1,Female,BRCA_Basal,8
0:LIVING,TCGA-AC-A5XU-01,TCGA-AC-A5XU,97677FD7-8523-48C5-A8CE-614FD4010551,14.9587,0:LIVING,0:LIVING,0:LIVING,0.983333,0.0166667,0.869007,0.130993,0.839954,0.160046,3,1,0,1,0,brca_tcga_pan_can_atlas_2018,4,Breast Cancer,Breast Invasive Ductal Carcinoma,0.5906,0.3039,0.25,57,IDC,Primary,Matched,435,Yes,No,International Genomics Consortium,AC,1.86667,Breast,Infiltrating Ductal Carcinoma,74,STAGE IIB,-7,BRCA,455,-27191,0,14.9587,0:DiseaseFree,14.9587,0:ALIVE OR DEAD TUMOR FREE,Not Hispanic Or Latino,2013-07-15 00:00:00,AFR,No,C50.9,8500/3,C50.9,Yes,Yes,No,MX,N0 (I-),T3,Tumor Free,14.9587,0:CENSORED,No,Black or African American,Yes,2,1,Female,BRCA_LumA,-6
0:LIVING,TCGA-AN-A03Y-01,TCGA-AN-A03Y,a991644b-3ee6-4cda-acf0-e37de48a49fc,0.328764,0:LIVING,0:LIVING,0:LIVING,1,0,0.855901,0.144099,0.929442,0.0705583,3,0,0,0,0,brca_tcga_pan_can_atlas_2018,24,Breast Cancer,Breast Invasive Ductal Carcinoma,0.3773,0.2659,0.92,26,IDC,Primary,Matched,41,No,Yes,Cureline,AN,0.933333,Breast,Infiltrating Ductal Carcinoma,66,STAGE IIA,-5,BRCA,10,-24232,0,0.328764,0:DiseaseFree,0.328764,0:ALIVE OR DEAD TUMOR FREE,Not Hispanic Or Latino,2010-12-29 00:00:00,EUR,No,C50.9,8500/3,C50.9,Yes,Yes,,M0,N0,T2,Tumor Free,0.328764,0:CENSORED,No,White,No,14,1,Female,BRCA_LumB,-14
0:LIVING,TCGA-AN-A046-01,TCGA-AN-A046,dcd5860c-7e3a-44f3-a732-fe92fe3fe300,0.328764,0:LIVING,0:LIVING,0:LIVING,0.95,0.05,0.855887,0.144113,0.80119,0.19881,3,1,0,1,1,brca_tcga_pan_can_atlas_2018,7,Breast Cancer,Breast Invasive Ductal Carcinoma,0.0264,0.2695,0.04,5400,IDC,Primary,Matched,23,No,Yes,Cureline,AN,180.833,Breast,Infiltrating Ductal Carcinoma,68,STAGE IIA,-21,BRCA,10,-25158,0,0.328764,0:DiseaseFree,0.328764,0:ALIVE OR DEAD TUMOR FREE,Not Hispanic Or Latino,2010-12-28 00:00:00,EUR,No,C50.9,8500/3,C50.9,Yes,Yes,,M0,N0,T2,Tumor Free,0.328764,0:CENSORED,No,White,No,-4,1,Female,BRCA_LumA,-16
0:LIVING,TCGA-AN-A0AS-01,TCGA-AN-A0AS,7c2a8440-0206-4039-8474-8d62f6c7de0c,0.328764,0:LIVING,0:LIVING,0:LIVING,0.966667,0.0333333,0.855887,0.144113,0.942575,0.057425,3,1,0,1,0,brca_tcga_pan_can_atlas_2018,24,Breast Cancer,Breast Invasive Ductal Carcinoma,0.2493,0.2944,0.25,42,IDC,Primary,Matched,391,No,Yes,Cureline,AN,1.4,Breast,Infiltrating Ductal Carcinoma,70,STAGE IIIA,19,BRCA,10,-25658,0,0.328764,0:DiseaseFree,0.328764,0:ALIVE OR DEAD TUMOR FREE,Not Hispanic Or Latino,2010-12-28 00:00:00,EUR,No,C50.9,8500/3,C50.9,Yes,Yes,,M0,N2,T2,Tumor Free,0.328764,0:CENSORED,No,White,No,-4,1,Female,BRCA_LumA,10
0:LIVING,TCGA-AN-A0FY-01,TCGA-AN-A0FY,de75d0b9-0f47-4732-8df5-05c350cfcd32,0.328764,0:LIVING,0:LIVING,0:LIVING,1,0,0.855901,0.144099,0.911014,0.0889857,3,1,0,1,0,brca_tcga_pan_can_atlas_2018,19,Breast Cancer,Breast Invasive Ductal Carcinoma,0.35,0.2826,1.39,49,IDC,Primary,Matched,195,No,Yes,Cureline,AN,1.6,Breast,Infiltrating Ductal Carcinoma,55,STAGE IA,19,BRCA,10,-20347,0,0.328764,0:DiseaseFree,0.328764,0:ALIVE OR DEAD TUMOR FREE,Not Hispanic Or Latino,2010-12-29 00:00:00,EUR,No,C50.9,8500/3,C50.9,Yes,Yes,,M0,N0,T1C,Tumor Free,0.328764,0:CENSORED,No,White,No,16,1,Female,BRCA_LumB,8
0:LIVING,TCGA-AO-A03N-01,TCGA-AO-A03N,9435447e-d65f-408b-863b-6576b1d652dd,66.7719,1:DECEASED,0:LIVING,0:LIVING,0.483333,0.516667,0.856121,0.143879,0.800746,0.199254,3,1,0,1,1,brca_tcga_pan_can_atlas_2018,23,Breast Cancer,Breast Invasive Ductal Carcinoma,0.4975,,0.23,91,IDC,Primary,Matched,138,No,Yes,MSKCC,AO,3,Breast,Infiltrating Ductal Carcinoma,59,STAGE IIB,9,BRCA,2031,-21816,0,54.0816,1:Recurred/Progressed,66.7719,0:ALIVE OR DEAD TUMOR FREE,Not Hispanic Or Latino,2011-01-13 00:00:00,EUR,No,C50.9,8500/3,C50.9,Yes,Yes,Yes,M0,N1A,T2,With Tumor,54.0816,1:PROGRESSION,No,White,No,16,1,Female,BRCA_LumB,18
0:LIVING,TCGA-AO-A0J3-01,TCGA-AO-A0J3,39cde586-df95-435f-b9a6-73b0c0ee5e92,21.4025,0:LIVING,0:LIVING,0:LIVING,0.9,0.1,0.854413,0.145587,0.801809,0.198191,3,1,1,0,0,brca_tcga_pan_can_atlas_2018,12,Breast Cancer,Breast Invasive Carcinoma (NOS),0.5363,0.288,0.77,76,BRCNOS,Primary,Matched,220,No,Yes,MSKCC,AO,2.53333,Breast,Other,67,STAGE IIB,-19,BRCA,651,-24519,0,21.4025,0:DiseaseFree,21.4025,0:ALIVE OR DEAD TUMOR FREE,Not Hispanic Or Latino,2010-09-19 00:00:00,EUR,No,C50.9,8523/3,C50.9,Yes,Yes,No,M0,N1B,T2,Tumor Free,21.4025,0:CENSORED,No,White,Yes,0,1,Female,BRCA_LumB,-24
1:DECEASED,TCGA-AR-A0TY-01,TCGA-AR-A0TY,da1c58a7-c6bd-47d9-95c2-8d2ac70e20e4,55.8569,1:DECEASED,0:LIVING,0:LIVING,0.205,0.795,0.85694,0.14306,0.850901,0.149099,3,1,1,0,0,brca_tcga_pan_can_atlas_2018,8,Breast Cancer,Breast Invasive Ductal Carcinoma,0.3607,0.2519,0.75,78,IDC,Primary,Matched,263,No,Yes,Mayo,AR,2.7,Breast,Infiltrating Ductal Carcinoma,54,STAGE IIA,3,BRCA,,-19836,0,17.8847,1:Recurred/Progressed,55.8569,1:DEAD WITH TUMOR,Not Hispanic Or Latino,2011-03-10 00:00:00,EUR,No,C50.9,8500/3,C50.9,Yes,Yes,Yes,M0,N0,T2,,17.8847,1:PROGRESSION,No,White,No,14,1,Female,BRCA_LumB,2
0:LIVING,TCGA-AR-A0U3-01,TCGA-AR-A0U3,c5f00132-1c6b-4337-af6f-596c652665cc,134.136,0:LIVING,0:LIVING,0:LIVING,1,0,0.85675,0.14325,0.843596,0.156404,3,0,0,0,0,brca_tcga_pan_can_atlas_2018,14,Breast Cancer,Breast Invasive Ductal Carcinoma,0.5081,0.2992,0.58,31,IDC,Primary,Matched,226,No,Yes,Mayo,AR,1.03333,Breast,Infiltrating Ductal Carcinoma,59,STAGE IIB,-5,BRCA,4080,-21755,0,134.136,0:DiseaseFree,134.136,0:ALIVE OR DEAD TUMOR FREE,Hispanic Or Latino,2011-02-25 00:00:00,EUR,No,C50.9,8500/3,C50.9,Yes,Yes,No,M0,N1,T2,,134.136,0:CENSORED,No,White,Yes,14,1,Female,BRCA_LumA,-16
0:LIVING,TCGA-AR-A1AJ-01,TCGA-AR-A1AJ,23e7a78a-1d56-4ad1-9bb4-72ec0178aff2,100.996,0:LIVING,0:LIVING,0:LIVING,1,0,0.85832,0.14168,0.881314,0.118686,3,1,0,1,1,brca_tcga_pan_can_atlas_2018,33,Breast Cancer,Breast Invasive Ductal Carcinoma,0.0657,0.2632,0,42,IDC,Primary,Matched,42,No,Yes,Mayo,AR,1.4,Breast,Infiltrating Ductal Carcinoma,83,STAGE I,11,BRCA,3072,-30489,0,100.996,0:DiseaseFree,100.996,0:ALIVE OR DEAD TUMOR FREE,Not Hispanic Or Latino,2011-06-13 00:00:00,EUR,No,C50.9,8500/3,C50.9,Yes,Yes,No,M0,N0,T1,Tumor Free,100.996,0:CENSORED,No,White,Yes,8,1,Female,BRCA_Basal,-24
0:LIVING,TCGA-AR-A1AO-01,TCGA-AR-A1AO,623befd6-0ca4-4a6c-9cf5-d9385c3b718f,86.0703,0:LIVING,0:LIVING,0:LIVING,1,0,0.85832,0.14168,0.861028,0.138972,3,0,0,0,0,brca_tcga_pan_can_atlas_2018,0,Breast Cancer,Breast Invasive Ductal Carcinoma,0.0002,0.261,0,89,IDC,Primary,Matched,7,No,Yes,Mayo,AR,3,Breast,Infiltrating Ductal Carcinoma,47,STAGE IIA,-7,BRCA,2618,-17332,0,86.0703,0:DiseaseFree,86.0703,0:ALIVE OR DEAD TUMOR FREE,Not Hispanic Or Latino,2011-06-13 00:00:00,EUR,No,C50.9,8500/3,C50.9,Yes,Yes,No,M0,N1,T1,Tumor Free,86.0703,0:CENSORED,No,White,Yes,8,1,Female,BRCA_Normal,-8
0:LIVING,TCGA-AR-A1AW-01,TCGA-AR-A1AW,a12fd22a-7f84-4b6e-b6d8-012e38eb73d7,86.5306,0:LIVING,0:LIVING,0:LIVING,1,0,0.858335,0.141665,0.863588,0.136412,3,1,0,1,0,brca_tcga_pan_can_atlas_2018,12,Breast Cancer,Breast Invasive Ductal Carcinoma,0.1214,0.2572,0.02,29,IDC,Primary,Matched,78,No,Yes,Mayo,AR,1,Breast,Infiltrating Ductal Carcinoma,65,STAGE IIA,-31,BRCA,2632,-23855,0,86.5306,0:DiseaseFree,86.5306,0:ALIVE OR DEAD TUMOR FREE,Not Hispanic Or Latino,2011-06-14 00:00:00,EUR,No,C50.9,8500/3,C50.9,Yes,Yes,No,M0,N0,T2,,86.5306,0:CENSORED,No,White,Yes,14,1,Female,BRCA_LumB,-60
1:DECEASED,TCGA-AR-A2LH-01,TCGA-AR-A2LH,376FFE63-EFD7-42AF-90E1-261255B28BB7,20.2518,1:DECEASED,0:LIVING,0:LIVING,0.25,0.75,0.861375,0.138625,0.853996,0.146004,3,1,0,1,0,brca_tcga_pan_can_atlas_2018,3,Breast Cancer,Breast Invasive Lobular Carcinoma,0,0.3086,0.01,59,ILC,Primary,Matched,3,No,Yes,Mayo,AR,2,Breast,Infiltrating Lobular Carcinoma,55,STAGE III,-3,BRCA,,-20288,0,14.2683,1:Recurred/Progressed,20.2518,,Not Hispanic Or Latino,2012-01-12 00:00:00,EUR,No,C50.9,8520/3,C50.9,Yes,Yes,Yes,M0,N3,T3,,14.2683,1:PROGRESSION,No,White,Yes,-2,1,Female,BRCA_Normal,-10
1:DECEASED,TCGA-AR-A2LK-01,TCGA-AR-A2LK,1B703058-E596-45BC-80FE-8B98D545C2E2,54.2131,1:DECEASED,0:LIVING,0:LIVING,0.28,0.72,0.86156,0.13844,0.800746,0.199254,3,0,0,0,0,brca_tcga_pan_can_atlas_2018,26,Breast Cancer,Breast Invasive Lobular Carcinoma,0.6563,0.3271,1.05,33,ILC,Primary,Matched,32,No,Yes,Mayo,AR,1.06667,Breast,Infiltrating Lobular Carcinoma,62,STAGE III,-17,BRCA,1304,-22800,0,42.8708,1:Recurred/Progressed,54.2131,,Not Hispanic Or Latino,2012-01-25 00:00:00,EUR,No,C50.9,8520/3,C50.9,Yes,Yes,Yes,M0,N2,T3,,42.8708,1:PROGRESSION,No,White,Yes,10,1,Female,BRCA_LumB,-12
1:DECEASED,TCGA-B6-A0I9-01,TCGA-B6-A0I9,44954053-0b93-4577-a436-42777e442300,11.9012,1:DECEASED,0:LIVING,0:LIVING,0.216667,0.783333,0.855063,0.144937,0.392371,0.607629,3,1,0,1,0,brca_tcga_pan_can_atlas_2018,12,Breast Cancer,Breast Invasive Ductal Carcinoma,0.495,0.2882,0.58,71,IDC,Primary,Matched,442,No,Yes,Duke,B6,2.4,Breast,Infiltrating Ductal Carcinoma,62,STAGE IV,1,BRCA,,-22798,0,,,11.9012,1:DEAD WITH TUMOR,Not Hispanic Or Latino,2010-11-02 00:00:00,EUR,No,C50.9,8500/3,C50.9,Yes,Yes,No,M1,NX,T3,With Tumor,11.9012,1:PROGRESSION,No,White,Yes,16,1,Female,BRCA_Her2,4
0:LIVING,TCGA-B6-A0IO-01,TCGA-B6-A0IO,04af44fc-c487-4005-b3cb-cb64815824a2,165.763,0:LIVING,0:LIVING,0:LIVING,0.808333,0.191667,0.855063,0.144937,0.998114,0.00188586,3,1,0,0,1,brca_tcga_pan_can_atlas_2018,21,Breast Cancer,Breast Invasive Ductal Carcinoma,0.327,,0.24,58,IDC,Primary,Matched,194,No,Yes,Duke,B6,1.93333,Breast,Infiltrating Ductal Carcinoma,66,STAGE IIA,-13,BRCA,5042,-24322,0,165.763,0:DiseaseFree,165.763,0:ALIVE OR DEAD TUMOR FREE,Not Hispanic Or Latino,2010-11-02 00:00:00,EUR,No,C50.9,8500/3,C50.9,Yes,Yes,No,M0,N0 (I-),T2,Tumor Free,165.763,0:CENSORED,No,White,No,12,1,Female,BRCA_LumA,-24
0:LIVING,TCGA-B6-A0RE-01,TCGA-B6-A0RE,08da7c4c-3067-4bcf-9d7a-78566df72e69,255.679,0:LIVING,0:LIVING,0:LIVING,0.825,0.175,0.855063,0.144937,0.878266,0.121734,3,1,0,1,0,brca_tcga_pan_can_atlas_2018,20,Breast Cancer,Breast Invasive Ductal Carcinoma,0.5386,0.3045,1.22,141,IDC,Primary,Matched,139,No,Yes,Duke,B6,4.66667,Breast,Infiltrating Ductal Carcinoma,61,STAGE X,27,BRCA,7777,-22449,0,255.679,0:DiseaseFree,255.679,0:ALIVE OR DEAD TUMOR FREE,Not Hispanic Or Latino,2010-11-02 00:00:00,AFR_ADMIX,No,C50.9,8500/3,C50.9,Yes,Yes,No,M0,N0 (I-),TX,Tumor Free,255.679,0:CENSORED,No,Black or African American,Yes,10,1,Female,BRCA_Basal,24
0:LIVING,TCGA-B6-A0WT-01,TCGA-B6-A0WT,d7195183-9fe4-4b17-bcfd-9367d2e539ce,188.677,0:LIVING,0:LIVING,1:DECEASED,0.706667,0.293333,0.855681,0.144319,0.201839,0.798161,3,1,0,0,1,brca_tcga_pan_can_atlas_2018,3,Breast Cancer,Breast Invasive Ductal Carcinoma,0.152,0.2875,0.05,15,IDC,Primary,Matched,49,No,Yes,Duke,B6,0.466667,Breast,Infiltrating Ductal Carcinoma,61,STAGE IIB,-33,BRCA,5739,-22362,0,126.968,1:Recurred/Progressed,188.677,0:ALIVE OR DEAD TUMOR FREE,Not Hispanic Or Latino,2010-12-14 00:00:00,EUR,No,C50.9,8500/3,C50.9,Yes,Yes,Yes,M0,N1,T2,Tumor Free,126.968,1:PROGRESSION,No,White,No,10,1,Female,BRCA_LumA,-24
1:DECEASED,TCGA-B6-A0WV-01,TCGA-B6-A0WV,7588a286-6935-424a-bc5f-92e24c83eb37,79.4621,0:LIVING,0:LIVING,0:LIVING,0.643333,0.356667,0.855681,0.144319,0.358648,0.641352,3,0,0,0,0,brca_tcga_pan_can_atlas_2018,24,Breast Cancer,Breast Invasive Ductal Carcinoma,0.4345,0.2725,0.52,29,IDC,Primary,Matched,45,No,Yes,Duke,B6,0.966667,Breast,Infiltrating Ductal Carcinoma,67,STAGE IIB,3,BRCA,,-24803,0,79.4621,0:DiseaseFree,79.4621,0:ALIVE OR DEAD TUMOR FREE,Not Hispanic Or Latino,2010-12-14 00:00:00,EUR,No,C50.9,8500/3,C50.9,Yes,Yes,No,M0,N1B,T2,Tumor Free,79.4621,0:CENSORED,No,White,No,24,1,Female,BRCA_LumB,10
0:LIVING,TCGA-B6-A1KF-01,TCGA-B6-A1KF,f30eb65f-fb44-4062-ac39-a38d072f655f,101.522,0:LIVING,0:LIVING,0:LIVING,0.8,0.2,0.858841,0.141159,0.88411,0.11589,3,1,0,1,0,brca_tcga_pan_can_atlas_2018,22,Breast Cancer,Breast Invasive Ductal Carcinoma,0.5575,0.3198,0.99,46,IDC,Primary,Matched,93,No,Yes,Duke,B6,1.56667,Breast,Infiltrating Ductal Carcinoma,68,STAGE IIB,13,BRCA,3088,-24891,0,101.522,0:DiseaseFree,101.522,0:ALIVE OR DEAD TUMOR FREE,Not Hispanic Or Latino,2011-07-19 00:00:00,EUR,No,C50.9,8500/3,C50.9,Yes,Yes,No,M0,N1,T2,Tumor Free,101.522,0:CENSORED,No,White,Yes,18,1,Female,BRCA_Basal,2
0:LIVING,TCGA-5T-A9QA-01,TCGA-5T-A9QA,2FD36838-5A83-433E-AC80-B1F77448E5AA,9.96153,0:LIVING,0:LIVING,0:LIVING,0.86,0.14,0.881323,0.118677,0.813854,0.186146,4,0,0,0,0,brca_tcga_pan_can_atlas_2018,14,Breast Cancer,Breast Invasive Carcinoma (NOS),0.4133,0.3379,0.46,55,BRCNOS,Primary,Matched,99,Yes,No,Holy Cross,5T,1.9,Breast,Other,52,STAGE IIA,-13,BRCA,303,-19031,0,,,9.96153,0:ALIVE OR DEAD TUMOR FREE,Not Hispanic Or Latino,2013-12-23 00:00:00,AFR,No,C50.9,8523/3,C50.9,Yes,Yes,No,MX,NX,T2,,9.96153,0:CENSORED,No,Black or African American,Yes,4,1,Female,BRCA_LumB,-14
0:LIVING,TCGA-A1-A0SE-01,TCGA-A1-A0SE,c397e6c2-ba3a-4f5e-a258-c140611192fe,43.4297,0:LIVING,0:LIVING,0:LIVING,1,0,0.85747,0.14253,0.856454,0.143546,4,0,0,0,0,brca_tcga_pan_can_atlas_2018,10,Breast Cancer,Breast Invasive Carcinoma (NOS),0.2134,0.2898,0.01,27,BRCNOS,Primary,Matched,49,No,Yes,UCSF,A1,0.933333,Breast,Mixed Histology (NOS),56,STAGE I,-29,BRCA,1321,-20717,0,43.4297,0:DiseaseFree,43.4297,0:ALIVE OR DEAD TUMOR FREE,Not Hispanic Or Latino,2010-12-06 00:00:00,EUR,No,C50.9,8522/3,C50.9,Yes,Yes,,M0,N0 (I-),T1C,Tumor Free,43.4297,0:CENSORED,No,White,,-4,1,Female,BRCA_LumA,-22
0:LIVING,TCGA-A2-A04Q-01,TCGA-A2-A04Q,b5fba77b-1f50-4e71-95b2-566afba4bdd7,78.4101,0:LIVING,0:LIVING,0:LIVING,1,0,0.861398,0.138602,0.813854,0.186146,4,0,0,0,0,brca_tcga_pan_can_atlas_2018,11,Breast Cancer,Breast Invasive Ductal Carcinoma,0.0853,0.2846,0.03,46,IDC,Primary,Matched,48,No,Yes,Walter Reed,A2,1.56667,Breast,Infiltrating Ductal Carcinoma,48,STAGE IA,-3,BRCA,2385,-17660,0,78.4101,0:DiseaseFree,78.4101,0:ALIVE OR DEAD TUMOR FREE,,2010-08-10 00:00:00,EUR,No,C50.9,8500/3,C50.9,Yes,Yes,,M0,N0 (I-),T1,Tumor Free,78.4101,0:CENSORED,No,White,No,12,1,Female,BRCA_Basal,-24
1:DECEASED,TCGA-A2-A04V-01,TCGA-A2-A04V,64f67506-f2df-4f0a-b7be-29b4949e986a,63.1226,1:DECEASED,0:LIVING,0:LIVING,0.333333,0.666667,0.870543,0.129457,0.813854,0.186146,4,0,0,0,0,brca_tcga_pan_can_atlas_2018,6,Breast Cancer,Breast Invasive Ductal Carcinoma,0.1132,0.289,0.04,27,IDC,Primary,Matched,98,No,Yes,Walter Reed,A2,0.9,Breast,Infiltrating Ductal Carcinoma,39,STAGE IIA,-31,BRCA,,-14250,0,48.3282,1:Recurred/Progressed,63.1226,1:DEAD WITH TUMOR,Not Hispanic Or Latino,2010-08-10 00:00:00,EUR,No,C50.9,8500/3,C50.9,Yes,Yes,,M0,N0 (I-),T2,With Tumor,48.3282,1:PROGRESSION,No,White,No,0,1,Female,BRCA_LumA,-26
0:LIVING,TCGA-A2-A0D2-01,TCGA-A2-A0D2,99e32c59-aa73-43fa-88c9-399ddadb2c72,33.764,0:LIVING,0:LIVING,0:LIVING,1,0,0.866193,0.133807,0.813854,0.186146,4,1,0,1,1,brca_tcga_pan_can_atlas_2018,13,Breast Cancer,Breast Invasive Ductal Carcinoma,0.5025,0.2742,0.35,81,IDC,Primary,Matched,316,No,Yes,Walter Reed,A2,2.7,Breast,Infiltrating Ductal Carcinoma,45,STAGE IIA,17,BRCA,1027,-16623,0,33.764,0:DiseaseFree,33.764,0:ALIVE OR DEAD TUMOR FREE,Not Hispanic Or Latino,2010-09-16 00:00:00,EUR,No,C50.9,8500/3,C50.9,Yes,Yes,No,M0,N0 (I+),T2,Tumor Free,33.764,0:CENSORED,No,White,Yes,16,1,Female,BRCA_Basal,10
0:LIVING,TCGA-A2-A0D3-01,TCGA-A2-A0D3,4a16429b-884f-4c95-8683-feeedf0d6a55,61.5774,0:LIVING,0:LIVING,0:LIVING,1,0,0.870012,0.129988,0.813854,0.186146,4,0,0,0,0,brca_tcga_pan_can_atlas_2018,5,Breast Cancer,Breast Invasive Ductal Carcinoma,0.1108,0.2747,0.01,25,IDC,Primary,Matched,17,No,Yes,Walter Reed,A2,0.833333,Breast,Infiltrating Ductal Carcinoma,42,STAGE IA,-33,BRCA,1873,-15524,0,61.5774,0:DiseaseFree,61.5774,0:ALIVE OR DEAD TUMOR FREE,Not Hispanic Or Latino,2011-01-28 00:00:00,EUR,No,C50.9,8500/3,C50.9,Yes,Yes,No,M0,N0 (I-),T1C,Tumor Free,61.5774,0:CENSORED,No,White,No,-14,1,Female,BRCA_LumA,-28
0:LIVING,TCGA-A2-A0EN-01,TCGA-A2-A0EN,5e670fec-8992-44bf-8657-f7f9a272306b,134.399,0:LIVING,0:LIVING,0:LIVING,0.9,0.1,0.870729,0.129271,0.813854,0.186146,4,0,0,0,0,brca_tcga_pan_can_atlas_2018,9,Breast Cancer,Breast Invasive Lobular Carcinoma,0.2206,0.2756,0,33,ILC,Primary,Matched,14,No,Yes,Walter Reed,A2,1.1,Breast,Infiltrating Lobular Carcinoma,70,STAGE IIA,-33,BRCA,2718,-25771,0,134.399,0:DiseaseFree,134.399,0:ALIVE OR DEAD TUMOR FREE,Not Hispanic Or Latino,2015-02-27 00:00:00,EUR,No,C50.9,8520/3,C50.9,Yes,Yes,No,M0,N0 (I+),T2,Tumor Free,134.399,0:CENSORED,No,White,Yes,-16,1,Female,BRCA_LumA,-26
0:LIVING,TCGA-A2-A0YG-01,TCGA-A2-A0YG,c0892598-1f7b-4f23-9cd8-731f797753d5,21.8957,0:LIVING,0:LIVING,0:LIVING,0.9,0.1,0.852981,0.147019,0.813854,0.186146,4,1,1,1,0,brca_tcga_pan_can_atlas_2018,29,Breast Cancer,Breast Invasive Ductal Carcinoma,0.3672,0.2746,0.29,52,IDC,Primary,Matched,395,No,Yes,Walter Reed,A2,1.73333,Breast,Infiltrating Ductal Carcinoma,63,STAGE IIIC,-11,BRCA,666,-23058,0,21.8957,0:DiseaseFree,21.8957,0:ALIVE OR DEAD TUMOR FREE,Not Hispanic Or Latino,2011-01-03 00:00:00,EUR,No,C50.9,8500/3,C50.9,Yes,Yes,No,M0,N3A,T2,Tumor Free,21.8957,0:CENSORED,No,White,Yes,14,1,Female,BRCA_LumB,-14
0:LIVING,TCGA-A2-A1G0-01,TCGA-A2-A1G0,2e538802-2a31-4774-89a8-c6e4381a887d,20.2518,0:LIVING,0:LIVING,0:LIVING,1,0,0.867269,0.132731,0.813854,0.186146,4,0,0,0,0,brca_tcga_pan_can_atlas_2018,16,Breast Cancer,Breast Invasive Carcinoma (NOS),0.1485,0.3449,0.2,19,BRCNOS,Primary,Matched,46,Yes,No,Walter Reed,A2,0.666667,Breast,Other,49,STAGE IIB,-33,BRCA,616,-18002,0,20.2518,0:DiseaseFree,20.2518,0:ALIVE OR DEAD TUMOR FREE,Not Hispanic Or Latino,2011-04-21 00:00:00,EUR,No,C50.9,8500/3,C50.9,Yes,Yes,No,M0,N1A,T2,,20.2518,0:CENSORED,No,White,Yes,-14,1,Female,BRCA_LumA,-34
0:LIVING,TCGA-A2-A259-01,TCGA-A2-A259,3fc3755d-a3f8-4e2c-813f-ff124f2a75c1,52.4707,0:LIVING,0:LIVING,0:LIVING,0.733333,0.266667,0.848251,0.151749,0.813854,0.186146,4,0,0,0,0,brca_tcga_pan_can_atlas_2018,4,Breast Cancer,Breast Invasive Ductal Carcinoma,0.1071,0.3052,0.1,22,IDC,Primary,Matched,22,No,Yes,Walter Reed,A2,0.733333,Breast,Infiltrating Ductal Carcinoma,70,STAGE I,-19,BRCA,1596,-25666,0,,,52.4707,0:ALIVE OR DEAD TUMOR FREE,Not Hispanic Or Latino,2011-06-20 00:00:00,AFR_ADMIX,No,C50.9,8500/3,C50.9,Yes,Yes,No,M0,N0 (I-),T1C,Tumor Free,52.4707,0:CENSORED,No,Black or African American,No,-16,1,Female,BRCA_LumA,-18
0:LIVING,TCGA-A2-A25C-01,TCGA-A2-A25C,7aedb46a-48ec-4e0e-8baa-c9ea4c4a7cf1,17.1943,0:LIVING,0:LIVING,0:LIVING,1,0,0.867661,0.132339,0.813854,0.186146,4,0,0,0,0,brca_tcga_pan_can_atlas_2018,10,Breast Cancer,Breast Invasive Ductal Carcinoma,0.3264,0.333,0.98,34,IDC,Primary,Matched,65,Yes,No,Walter Reed,A2,1.13333,Breast,Infiltrating Ductal Carcinoma,50,STAGE IIB,-25,BRCA,523,-18508,0,17.1943,0:DiseaseFree,17.1943,0:ALIVE OR DEAD TUMOR FREE,Not Hispanic Or Latino,2011-07-15 00:00:00,EUR,No,C50.9,8500/3,C50.9,Yes,Yes,No,M0,N1A,T2,Tumor Free,17.1943,0:CENSORED,No,White,Yes,6,1,Female,BRCA_LumB,-18
0:LIVING,TCGA-A2-A4S1-01,TCGA-A2-A4S1,843C8F16-5E59-40D4-9ECC-8A75375156F6,26.9586,0:LIVING,0:LIVING,0:LIVING,1,0,0.863824,0.136176,0.813964,0.186036,4,1,0,1,0,brca_tcga_pan_can_atlas_2018,26,Breast Cancer,Metaplastic Breast Cancer,0.3185,0.2898,0.04,69,MBC,Primary,Matched,187,Yes,No,Walter Reed,A2,2.36667,Breast,Metaplastic Carcinoma,66,STAGE IIA,1,BRCA,820,-24353,0,26.9586,0:DiseaseFree,26.9586,0:ALIVE OR DEAD TUMOR FREE,Not Hispanic Or Latino,2013-02-26 00:00:00,EUR,No,C50.9,8575/3,C50.9,Yes,Yes,No,M0,N0,T2,Tumor Free,26.9586,0:CENSORED,No,White,Yes,-10,1,Female,BRCA_Basal,-8
0:LIVING,TCGA-A7-A26E-01,TCGA-A7-A26E,011b9b2d-ebe5-42bf-9662-d922faccc7a1,31.364,0:LIVING,0:LIVING,0:LIVING,0.957143,0.0428571,0.848291,0.151709,0.813854,0.186146,4,0,0,0,0,brca_tcga_pan_can_atlas_2018,5,Breast Cancer,Breast Invasive Lobular Carcinoma,,0.2833,3.15,38,ILC,Primary,Matched,3,Yes,No,Christiana Healthcare,A7,1.3,Breast,Infiltrating Lobular Carcinoma,71,STAGE IIIA,-37,BRCA,954,-26274,0,31.364,0:DiseaseFree,31.364,0:ALIVE OR DEAD TUMOR FREE,Not Hispanic Or Latino,2011-07-28 00:00:00,EUR,No,C50.9,8520/3,C50.9,Yes,Yes,No,MX,N1A,T3,Tumor Free,31.364,0:CENSORED,Yes,White,Yes,-10,1,Female,BRCA_LumA,-30
0:LIVING,TCGA-A7-A5ZV-01,TCGA-A7-A5ZV,0EC70E40-07DF-461D-8FF9-351240A0D454,12.0985,0:LIVING,0:LIVING,0:LIVING,1,0,0.86891,0.13109,0.813854,0.186146,4,1,0,1,0,brca_tcga_pan_can_atlas_2018,19,Breast Cancer,Breast Invasive Carcinoma (NOS),0.5955,,0.91,161,BRCNOS,Primary,Matched,378,Yes,No,Christiana Healthcare,A7,5.4,Breast,Infiltrating Carcinoma (NOS),62,STAGE IIA,29,BRCA,368,-22966,0,12.0985,0:DiseaseFree,12.0985,0:ALIVE OR DEAD TUMOR FREE,Not Hispanic Or Latino,2013-05-14 00:00:00,AFR,No,C50.9,8010/3,C50.9,Yes,Yes,No,M0,N0,T2,Tumor Free,12.0985,0:CENSORED,No,Black or African American,Yes,18,1,Female,BRCA_Basal,16
0:LIVING,TCGA-A7-A6VW-01,TCGA-A7-A6VW,98E709E7-E195-4B37-9537-F6081AFFB609,9.36976,0:LIVING,0:LIVING,0:LIVING,0.85,0.15,0.883606,0.116394,0.895936,0.104064,4,1,0,1,0,brca_tcga_pan_can_atlas_2018,13,Breast Cancer,Breast Invasive Ductal Carcinoma,0.5937,0.3487,0.47,56,IDC,Primary,Matched,137,Yes,No,Christiana Healthcare,A7,1.86667,Breast,Infiltrating Ductal Carcinoma,48,STAGE IIA,35,BRCA,285,-17539,0,,,9.36976,0:ALIVE OR DEAD TUMOR FREE,Not Hispanic Or Latino,2013-10-29 00:00:00,AFR_ADMIX,No,C50.9,8500/3,C50.9,Yes,Yes,No,M0,N0,T2,Tumor Free,9.36976,0:CENSORED,No,Black or African American,Yes,14,1,Female,BRCA_Basal,20
0:LIVING,TCGA-A8-A06N-01,TCGA-A8-A06N,3a711140-1b89-4611-9992-3861e3d0e01a,0,0:LIVING,0:LIVING,0:LIVING,1,0,0.853497,0.146503,0.721481,0.278519,4,0,0,0,0,brca_tcga_pan_can_atlas_2018,21,Breast Cancer,Breast Invasive Ductal Carcinoma,0.5584,,0.72,34,IDC,Primary,Matched,49,No,Yes,Indivumed,A8,1.13333,Breast,Infiltrating Ductal Carcinoma,66,STAGE IIIB,-23,BRCA,0,-24288,0,0,0:DiseaseFree,0,0:ALIVE OR DEAD TUMOR FREE,,2011-05-27 00:00:00,EUR,No,C50.9,8500/3,C50.9,Yes,Yes,,M0,N0,T4B,Tumor Free,0,0:CENSORED,No,,,-2,1,Female,BRCA_LumB,-40
0:LIVING,TCGA-A8-A06Q-01,TCGA-A8-A06Q,281f70c5-876f-44b3-84fb-f2302f85e74c,1.01917,0:LIVING,0:LIVING,0:LIVING,0.933333,0.0666667,0.856181,0.143819,0.372102,0.627898,4,1,0,1,0,brca_tcga_pan_can_atlas_2018,20,Breast Cancer,Breast Invasive Ductal Carcinoma,0.6549,0.3039,0.37,212,IDC,Primary,Matched,446,No,Yes,Indivumed,A8,7.2,Breast,Infiltrating Ductal Carcinoma,63,STAGE IIIA,11,BRCA,31,-23164,0,1.01917,0:DiseaseFree,1.01917,0:ALIVE OR DEAD TUMOR FREE,,2011-05-27 00:00:00,EUR,No,C50.9,8500/3,C50.9,Yes,Yes,,M0,N2,T3,Tumor Free,1.01917,0:CENSORED,No,,,18,1,Female,BRCA_LumB,-10
0:LIVING,TCGA-A8-A08G-01,TCGA-A8-A08G,719082cc-1ebe-4a51-a659-85a59db1d77d,19.9559,0:LIVING,0:LIVING,0:LIVING,1,0,0.874708,0.125292,0.471095,0.528905,4,1,0,1,0,brca_tcga_pan_can_atlas_2018,24,Breast Cancer,Breast Invasive Ductal Carcinoma,0.5338,0.2544,0.35,44,IDC,Primary,Matched,257,No,Yes,Indivumed,A8,1.46667,Breast,Infiltrating Ductal Carcinoma,41,STAGE IIA,-9,BRCA,607,-14976,0,19.9559,0:DiseaseFree,19.9559,0:ALIVE OR DEAD TUMOR FREE,,2011-05-27 00:00:00,EUR,No,C50.9,8500/3,C50.9,Yes,Yes,No,M0,N0,T2,Tumor Free,19.9559,0:CENSORED,No,,Yes,10,1,Female,BRCA_LumB,2
1:DECEASED,TCGA-A8-A08L-01,TCGA-A8-A08L,8bd68696-5eeb-46d7-9dc6-c39c849029a4,9.99441,0:LIVING,0:LIVING,0:LIVING,0.885714,0.114286,0.82834,0.17166,0.609097,0.390903,4,0,0,0,0,brca_tcga_pan_can_atlas_2018,9,Breast Cancer,Breast Invasive Ductal Carcinoma,0.5383,0.2911,1,195,IDC,Primary,Matched,149,No,Yes,Indivumed,A8,6.53333,Breast,Infiltrating Ductal Carcinoma,89,STAGE IIIA,5,BRCA,,-32842,0,9.99441,0:DiseaseFree,9.99441,0:ALIVE OR DEAD TUMOR FREE,,2011-05-27 00:00:00,EUR,No,C50.9,8500/3,C50.9,Yes,Yes,,M0,N2A,T3,Tumor Free,9.99441,0:CENSORED,No,,Yes,16,1,Female,BRCA_Her2,-14
0:LIVING,TCGA-A8-A08P-01,TCGA-A8-A08P,f947d67f-4aa2-4eb9-977e-21a5ae563613,31.0024,0:LIVING,0:LIVING,0:LIVING,1,0,0.848814,0.151186,0.374507,0.625493,4,1,0,1,0,brca_tcga_pan_can_atlas_2018,,Breast Cancer,Breast Invasive Ductal Carcinoma,0.5434,0.26,0.19,66,IDC,Primary,Matched,517,No,Yes,Indivumed,A8,2.2,Breast,Infiltrating Ductal Carcinoma,70,STAGE IIIA,3,BRCA,943,-25598,0,31.0024,0:DiseaseFree,31.0024,0:ALIVE OR DEAD TUMOR FREE,,2011-05-27 00:00:00,EUR,No,C50.9,8500/3,C50.9,Yes,Yes,No,M0,N2A,T2,Tumor Free,31.0024,0:CENSORED,No,,Yes,18,1,Female,BRCA_LumB,-12
0:LIVING,TCGA-A8-A08X-01,TCGA-A8-A08X,f5539207-6534-4edc-a5a5-7666b5d16ba4,43.0023,0:LIVING,0:LIVING,0:LIVING,1,0,0.872258,0.127742,0.510792,0.489208,4,1,0,1,0,brca_tcga_pan_can_atlas_2018,23,Breast Cancer,Breast Invasive Ductal Carcinoma,0.3454,0.266,0,33,IDC,Primary,Matched,190,No,Yes,Indivumed,A8,1.1,Breast,Infiltrating Ductal Carcinoma,43,STAGE IIIC,9,BRCA,1308,-15705,0,12.0327,1:Recurred/Progressed,43.0023,0:ALIVE OR DEAD TUMOR FREE,,2011-05-27 00:00:00,EUR,No,C50.9,8500/3,C50.9,Yes,Yes,Yes,M0,N3A,T4D,Tumor Free,12.0327,1:PROGRESSION,No,,Yes,16,1,Female,BRCA_Her2,0
0:LIVING,TCGA-A8-A095-01,TCGA-A8-A095,29df128d-ace2-40cf-88ee-3f6f2170f159,41.9831,0:LIVING,0:LIVING,0:LIVING,1,0,0.869939,0.130061,0.782425,0.217575,4,0,0,0,0,brca_tcga_pan_can_atlas_2018,9,Breast Cancer,Breast Invasive Ductal Carcinoma,0.0741,0.2437,0.2,128,IDC,Primary,Matched,9,No,Yes,Indivumed,A8,4.26667,Breast,Infiltrating Ductal Carcinoma,45,STAGE I,-21,BRCA,1277,-16742,0,41.9831,0:DiseaseFree,41.9831,0:ALIVE OR DEAD TUMOR FREE,,2011-05-27 00:00:00,EUR,No,C50.9,8500/3,C50.9,Yes,Yes,No,M0,N0,T1C,Tumor Free,41.9831,0:CENSORED,No,,Yes,10,1,Female,BRCA_LumB,-10
0:LIVING,TCGA-A8-A096-01,TCGA-A8-A096,d7cac141-9269-4733-83ce-e1bc0b503254,0,0:LIVING,0:LIVING,0:LIVING,1,0,0.84726,0.15274,0.743541,0.256459,4,0,0,0,0,brca_tcga_pan_can_atlas_2018,2,Breast Cancer,Breast Invasive Ductal Carcinoma,0.0683,0.2556,0.1,29,IDC,Primary,Matched,4,No,Yes,Indivumed,A8,0.966667,Breast,Infiltrating Ductal Carcinoma,73,STAGE IIA,-33,BRCA,0,-26723,0,0,0:DiseaseFree,0,0:ALIVE OR DEAD TUMOR FREE,,2011-05-27 00:00:00,EUR,No,C50.9,8500/3,C50.9,Yes,Yes,,M0,N0,T2,Tumor Free,0,0:CENSORED,No,,,-2,1,Female,BRCA_LumB,-36
0:LIVING,TCGA-A8-A09G-01,TCGA-A8-A09G,3927f736-3b5c-48c8-9d9e-83669ec44770,0,0:LIVING,0:LIVING,0:LIVING,0.9,0.1,0.84114,0.15886,0.5,0.5,4,1,1,0,0,brca_tcga_pan_can_atlas_2018,9,Breast Cancer,Breast Invasive Ductal Carcinoma,0.2213,0.2422,0.11,238,IDC,Primary,Matched,70,No,Yes,Indivumed,A8,8.03333,Breast,Infiltrating Ductal Carcinoma,79,STAGE IIIC,-11,BRCA,0,-29006,0,0,0:DiseaseFree,0,0:ALIVE OR DEAD TUMOR FREE,,2011-05-27 00:00:00,EUR,No,C50.9,8500/3,C50.9,Yes,Yes,,M0,N3A,T3,Tumor Free,0,0:CENSORED,No,,,14,1,Female,BRCA_Her2,-28
0:LIVING,TCGA-A8-A09I-01,TCGA-A8-A09I,1557183c-aedd-4df6-b98a-3654667f7b69,45.0735,0:LIVING,0:LIVING,0:LIVING,1,0,0.834482,0.165518,0.401892,0.598108,4,0,0,0,0,brca_tcga_pan_can_atlas_2018,16,Breast Cancer,Breast Invasive Ductal Carcinoma,0.3571,0.275,0.21,128,IDC,Primary,Matched,231,No,Yes,Indivumed,A8,4.3,Breast,Infiltrating Ductal Carcinoma,84,STAGE IIA,-3,BRCA,1371,-30711,0,45.0735,0:DiseaseFree,45.0735,0:ALIVE OR DEAD TUMOR FREE,,2011-05-27 00:00:00,EUR,No,C50.9,8500/3,C50.9,Yes,Yes,No,M0,N0,T2,Tumor Free,45.0735,0:CENSORED,Yes,,No,18,1,Female,BRCA_LumB,2
0:LIVING,TCGA-A8-A0A9-01,TCGA-A8-A0A9,7b605fb6-d077-401e-b870-b87ddf505f82,27.0244,0:LIVING,0:LIVING,0:LIVING,1,0,0.839023,0.160977,0.697277,0.302723,4,0,0,0,0,brca_tcga_pan_can_atlas_2018,33,Breast Cancer,Breast Invasive Ductal Carcinoma,0.4832,0.2626,0.3,51,IDC,Primary,Matched,55,No,Yes,Indivumed,A8,1.73333,Breast,Infiltrating Ductal Carcinoma,80,STAGE IIA,-27,BRCA,822,-29370,0,27.0244,0:DiseaseFree,27.0244,0:ALIVE OR DEAD TUMOR FREE,,2011-05-27 00:00:00,EUR,No,C50.9,8500/3,C50.9,Yes,Yes,No,M0,N0,T2,Tumor Free,27.0244,0:CENSORED,No,,Yes,-2,1,Female,BRCA_LumA,-22
0:LIVING,TCGA-AC-A2FG-01,TCGA-AC-A2FG,39CDA4C9-E1C8-44C2-BAB7-F5849C12F879,60.9199,0:LIVING,0:LIVING,0:LIVING,0.9,0.1,0.840317,0.159683,0.908749,0.0912512,4,0,0,0,0,brca_tcga_pan_can_atlas_2018,3,Breast Cancer,Breast Invasive Lobular Carcinoma,0.0788,0.3255,0.66,27,ILC,Primary,Matched,14,No,Yes,International Genomics Consortium,AC,0.9,Breast,Infiltrating Lobular Carcinoma,79,STAGE IIB,-35,BRCA,1853,-29211,0,60.9199,0:DiseaseFree,60.9199,0:ALIVE OR DEAD TUMOR FREE,,2011-09-21 00:00:00,EUR,No,C50.9,8520/3,C50.9,Yes,Yes,No,MX,N1A,T2,Tumor Free,60.9199,0:CENSORED,No,White,No,-16,1,Female,BRCA_LumA,-28
0:LIVING,TCGA-AC-A3W5-01,TCGA-AC-A3W5,4C313E5B-4DC3-408E-8E92-22427F74743E,16.5697,0:LIVING,0:LIVING,0:LIVING,0.957143,0.0428571,0.862259,0.137741,0.813854,0.186146,4,1,0,1,0,brca_tcga_pan_can_atlas_2018,23,Breast Cancer,Breast Invasive Lobular Carcinoma,0.3754,0.3228,0.05,118,ILC,Primary,Matched,154,Yes,No,International Genomics Consortium,AC,4.03333,Breast,Infiltrating Lobular Carcinoma,65,STAGE IIA,-5,BRCA,504,-24029,0,,,16.5697,0:ALIVE OR DEAD TUMOR FREE,Not Hispanic Or Latino,2012-09-24 00:00:00,AFR,No,C50.9,8520/3,C50.9,Yes,Yes,No,MX,N0,T2,Tumor Free,16.5697,0:CENSORED,Yes,Black or African American,Yes,0,1,Female,BRCA_Her2,4
0:LIVING,TCGA-AC-A3YI-01,TCGA-AC-A3YI,A45D296E-EFC0-479E-B2F6-BAD834668CDF,23.2436,0:LIVING,0:LIVING,0:LIVING,1,0,0.854661,0.145339,0.813854,0.186146,4,0,0,0,0,brca_tcga_pan_can_atlas_2018,0,Breast Cancer,Breast Invasive Lobular Carcinoma,0.0325,0.281,0,14,ILC,Primary,Matched,48,Yes,No,International Genomics Consortium,AC,0.466667,Breast,Infiltrating Lobular Carcinoma,74,STAGE IIIC,-13,BRCA,707,-27143,0,23.2436,0:DiseaseFree,23.2436,0:ALIVE OR DEAD TUMOR FREE,Not Hispanic Or Latino,2012-10-08 00:00:00,EUR,No,C50.9,8520/3,C50.9,Yes,Yes,No,MX,N3A,T1C,,23.2436,0:CENSORED,No,White,Yes,-16,1,Female,BRCA_Normal,4
0:LIVING,TCGA-AC-A6IW-01,TCGA-AC-A6IW,8183F0FB-2303-4D7B-BCCD-55E5031FC7DF,13.5779,0:LIVING,0:LIVING,0:LIVING,1,0,0.862331,0.137669,0.813854,0.186146,4,1,0,1,0,brca_tcga_pan_can_atlas_2018,13,Breast Cancer,Breast Invasive Ductal Carcinoma,0.1742,0.3474,0.32,130,IDC,Primary,Matched,224,Yes,No,International Genomics Consortium,AC,4.36667,Breast,Infiltrating Ductal Carcinoma,73,STAGE IIA,23,BRCA,413,-26896,0,13.5779,0:DiseaseFree,13.5779,0:ALIVE OR DEAD TUMOR FREE,Not Hispanic Or Latino,2013-10-15 00:00:00,AFR,No,C50.9,8500/3,C50.9,Yes,Yes,No,MX,N0 (I-),T2,Tumor Free,13.5779,0:CENSORED,No,Black or African American,No,4,1,Female,BRCA_Basal,12
0:LIVING,TCGA-AC-A8OQ-01,TCGA-AC-A8OQ,DFAABD03-2D40-4422-B210-CAF112FF4229,1.1178,0:LIVING,0:LIVING,0:LIVING,1,0,0.866003,0.133997,0.865179,0.134821,4,1,0,1,0,brca_tcga_pan_can_atlas_2018,23,Breast Cancer,Breast Invasive Ductal Carcinoma,0.2666,0.3364,0.32,77,IDC,Primary,Matched,457,Yes,No,International Genomics Consortium,AC,2.6,Breast,Infiltrating Ductal Carcinoma,72,STAGE IIB,5,BRCA,34,-26535,0,1.1178,0:DiseaseFree,1.1178,0:ALIVE OR DEAD TUMOR FREE,Not Hispanic Or Latino,2014-02-26 00:00:00,AFR_ADMIX,No,C50.9,8500/3,C50.9,Yes,Yes,No,MX,N1A,T2,Tumor Free,1.1178,0:CENSORED,No,Black or African American,,14,1,Female,BRCA_Basal,2
0:LIVING,TCGA-AN-A04C-01,TCGA-AN-A04C,66072c06-f251-4f0b-b6ae-12b407c52cc6,1.77532,0:LIVING,0:LIVING,0:LIVING,1,0,0.863992,0.136008,0.931993,0.0680069,4,1,0,1,0,brca_tcga_pan_can_atlas_2018,19,Breast Cancer,Breast Invasive Ductal Carcinoma,0.339,0.2757,0.75,67,IDC,Primary,Matched,260,No,Yes,Cureline,AN,2.23333,Breast,Infiltrating Ductal Carcinoma,51,STAGE IIB,9,BRCA,54,-18851,0,,,1.77532,0:ALIVE OR DEAD TUMOR FREE,Not Hispanic Or Latino,2010-12-29 00:00:00,EUR,No,C50.9,8500/3,C50.9,Yes,Yes,,M0,N1,T2,Tumor Free,1.77532,0:CENSORED,No,White,,14,1,Female,BRCA_Her2,-2
0:LIVING,TCGA-AN-A0FT-01,TCGA-AN-A0FT,baf5e81f-2322-41ec-9053-b9559a7993bc,7.03554,0:LIVING,0:LIVING,0:LIVING,1,0,0.852859,0.147141,0.823416,0.176584,4,1,0,1,0,brca_tcga_pan_can_atlas_2018,19,Breast Cancer,Breast Invasive Ductal Carcinoma,0.5805,0.2927,0.5,83,IDC,Primary,Matched,400,No,Yes,Cureline,AN,2.8,Breast,Infiltrating Ductal Carcinoma,63,STAGE IIB,-11,BRCA,214,-23300,0,7.03554,0:DiseaseFree,7.03554,0:ALIVE OR DEAD TUMOR FREE,Not Hispanic Or Latino,2010-12-28 00:00:00,EUR,No,C50.9,8500/3,C50.9,Yes,Yes,,M0,N1,T2,Tumor Free,7.03554,0:CENSORED,No,White,No,0,1,Female,BRCA_LumA,-8
1:DECEASED,TCGA-AO-A03P-01,TCGA-AO-A03P,2d4c778c-7f77-4f0a-8261-2086accf15fd,95.7031,1:DECEASED,0:LIVING,0:LIVING,0.25,0.75,0.856809,0.143191,0.844975,0.155025,4,0,0,0,0,brca_tcga_pan_can_atlas_2018,11,Breast Cancer,Breast Invasive Ductal Carcinoma,0.4219,0.239,1.02,41,IDC,Primary,Matched,392,No,Yes,MSKCC,AO,1.33333,Breast,Infiltrating Ductal Carcinoma,54,STAGE IIB,-15,BRCA,2576,-19724,0,,,95.7031,1:DEAD WITH TUMOR,Not Hispanic Or Latino,2010-09-19 00:00:00,AFR,No,C50.9,8500/3,C50.9,Yes,Yes,Yes,M0,N1,T2,With Tumor,63.1883,1:PROGRESSION,No,Black or African American,Yes,4,1,Female,BRCA_LumB,-6
0:LIVING,TCGA-AO-A0JM-01,TCGA-AO-A0JM,44bec761-b603-49c0-8634-f6bfe0319bb1,71.802,0:LIVING,0:LIVING,0:LIVING,1,0,0.869405,0.130595,0.880819,0.119181,4,0,0,0,0,brca_tcga_pan_can_atlas_2018,15,Breast Cancer,Breast Invasive Ductal Carcinoma,0.3307,0.2626,0.38,35,IDC,Primary,Matched,245,No,Yes,MSKCC,AO,1.16667,Breast,Infiltrating Ductal Carcinoma,40,STAGE IIB,-9,BRCA,2184,-14653,0,71.802,0:DiseaseFree,71.802,0:ALIVE OR DEAD TUMOR FREE,Hispanic Or Latino,2010-09-20 00:00:00,,No,C50.9,8500/3,C50.9,Yes,Yes,No,M0,N1,T2,Tumor Free,71.802,0:CENSORED,No,,Yes,16,1,Female,BRCA_LumB,18
0:LIVING,TCGA-AO-A125-01,TCGA-AO-A125,8577ffcb-242e-40e2-98d4-2831d952be34,113.621,0:LIVING,0:LIVING,0:LIVING,0.88,0.12,0.840295,0.159705,0.82228,0.17772,4,0,0,0,0,brca_tcga_pan_can_atlas_2018,5,Breast Cancer,Breast Invasive Carcinoma (NOS),0.1154,,0.2,31,BRCNOS,Primary,Matched,2,No,Yes,MSKCC,AO,1.03333,Breast,Other,72,STAGE IIA,-17,BRCA,3019,-26466,0,113.621,0:DiseaseFree,113.621,0:ALIVE OR DEAD TUMOR FREE,Not Hispanic Or Latino,2010-12-07 00:00:00,AFR,No,C50.9,8050/3,C50.9,Yes,Yes,,M0,N0 (I-),T2,Tumor Free,113.621,0:CENSORED,No,Black or African American,No,-4,1,Female,BRCA_LumA,-22
0:LIVING,TCGA-AO-A126-01,TCGA-AO-A126,cc0902fd-a2fc-4327-929e-d4219e32e1d7,108.722,0:LIVING,0:LIVING,0:LIVING,0.9,0.1,0.870261,0.129739,0.844521,0.155479,4,0,0,0,0,brca_tcga_pan_can_atlas_2018,4,Breast Cancer,Breast Invasive Ductal Carcinoma,0.1535,,0.16,20,IDC,Primary,Matched,83,No,Yes,MSKCC,AO,0.633333,Breast,Infiltrating Ductal Carcinoma,39,STAGE IIA,-9,BRCA,3307,-14264,0,8.77799,1:Recurred/Progressed,108.722,0:ALIVE OR DEAD TUMOR FREE,Not Hispanic Or Latino,2010-12-07 00:00:00,EAS,No,C50.9,8500/3,C50.9,Yes,Yes,Yes,M0,N0 (I-),T2,Tumor Free,8.77799,1:PROGRESSION,No,Asian,Yes,-10,1,Female,BRCA_LumA,-12
1:DECEASED,TCGA-AR-A0TR-01,TCGA-AR-A0TR,d1703dbd-5c93-4cf2-a4d1-0d90640882bd,5.26022,1:DECEASED,0:LIVING,0:LIVING,0.4,0.6,0.847703,0.152297,0.870182,0.129818,4,0,0,0,0,brca_tcga_pan_can_atlas_2018,19,Breast Cancer,Breast Invasive Ductal Carcinoma,0.6024,0.2857,0.26,31,IDC,Primary,Matched,23,No,Yes,Mayo,AR,1.03333,Breast,Infiltrating Ductal Carcinoma,68,STAGE IIB,-35,BRCA,,-25190,0,5.26022,0:DiseaseFree,5.26022,,Not Hispanic Or Latino,2011-03-08 00:00:00,EUR,No,C50.9,8500/3,C50.9,Yes,Yes,No,M0,N1,T2,,5.26022,0:CENSORED,No,White,No,-18,1,Female,BRCA_LumA,-42
1:DECEASED,TCGA-AR-A1AR-01,TCGA-AR-A1AR,eda6d2d5-4199-4f76-a45b-1d0401b4e54c,17.2272,1:DECEASED,0:LIVING,0:LIVING,0.385714,0.614286,0.866271,0.133729,0.813854,0.186146,4,1,0,1,1,brca_tcga_pan_can_atlas_2018,17,Breast Cancer,Breast Invasive Ductal Carcinoma,0.4696,0.2662,0.03,47,IDC,Primary,Matched,179,No,Yes,Mayo,AR,1.56667,Breast,Infiltrating Ductal Carcinoma,50,STAGE IIIA,7,BRCA,,-18482,0,8.81086,1:Recurred/Progressed,17.2272,1:DEAD WITH TUMOR,Not Hispanic Or Latino,2011-06-28 00:00:00,EUR,No,C50.9,8500/3,C50.9,Yes,Yes,Yes,M0,N2,T1,Tumor Free,8.81086,1:PROGRESSION,Yes,White,Yes,12,1,Female,BRCA_Basal,-14
1:DECEASED,TCGA-AR-A24L-01,TCGA-AR-A24L,de646f6a-6d50-4be2-b3cd-f17554b234df,94.2236,1:DECEASED,0:LIVING,0:LIVING,0.2,0.8,0.885305,0.114695,0.86667,0.13333,4,0,0,0,0,brca_tcga_pan_can_atlas_2018,8,Breast Cancer,Breast Invasive Ductal Carcinoma,0.3426,0.3085,0.09,40,IDC,Primary,Matched,84,No,Yes,Mayo,AR,1.33333,Breast,Infiltrating Ductal Carcinoma,26,STAGE IIB,-27,BRCA,2221,-9706,0,46.4872,1:Recurred/Progressed,94.2236,1:DEAD WITH TUMOR,Not Hispanic Or Latino,2011-08-12 00:00:00,EUR,No,C50.9,8500/3,C50.9,Yes,Yes,Yes,M0,N1,T2,,46.4872,1:PROGRESSION,No,White,Yes,8,1,Female,BRCA_LumA,-14
0:LIVING,TCGA-AR-A24M-01,TCGA-AR-A24M,aa30ac3d-4216-45dd-a314-1ae192fafcb2,120.327,0:LIVING,0:LIVING,0:LIVING,0.9,0.1,0.874279,0.125721,0.846805,0.153195,4,0,0,0,0,brca_tcga_pan_can_atlas_2018,4,Breast Cancer,Breast Invasive Carcinoma (NOS),0.1579,0.3199,0.28,14,BRCNOS,Primary,Matched,26,No,Yes,Mayo,AR,0.466667,Breast,Mixed Histology (NOS),38,STAGE IIIA,-37,BRCA,3660,-14119,0,120.327,0:DiseaseFree,120.327,0:ALIVE OR DEAD TUMOR FREE,Not Hispanic Or Latino,2011-08-12 00:00:00,EUR,No,C50.9,8522/3,C50.9,Yes,Yes,No,M0,N2,T2,,120.327,0:CENSORED,No,White,Yes,2,1,Female,BRCA_LumA,-26
0:LIVING,TCGA-B6-A0I2-01,TCGA-B6-A0I2,328dfcb0-b5ae-43f2-bc87-dad0ab3df9e7,143.374,0:LIVING,0:LIVING,0:LIVING,0.65,0.35,0.862648,0.137352,0.986134,0.0138659,4,1,0,1,0,brca_tcga_pan_can_atlas_2018,23,Breast Cancer,Breast Invasive Ductal Carcinoma,0.8535,0.2733,0.46,52,IDC,Primary,Matched,73,No,Yes,Duke,B6,1.8,Breast,Infiltrating Ductal Carcinoma,45,STAGE IA,15,BRCA,4361,-16702,0,,,143.374,0:ALIVE OR DEAD TUMOR FREE,Not Hispanic Or Latino,2010-11-02 00:00:00,EUR,No,C50.9,8500/3,C50.9,Yes,Yes,No,M0,N0 (I-),T1C,Tumor Free,143.374,0:CENSORED,No,White,Yes,10,1,Female,BRCA_Basal,6
0:LIVING,TCGA-B6-A0I5-01,TCGA-B6-A0I5,1a18974d-967c-4727-b42e-12ae7be66589,281.29,0:LIVING,0:LIVING,0:LIVING,0.921429,0.0785714,0.853888,0.146112,0.996257,0.00374341,4,0,0,0,0,brca_tcga_pan_can_atlas_2018,11,Breast Cancer,Breast Invasive Ductal Carcinoma,0.2451,0.2711,0.08,25,IDC,Primary,Matched,4,No,Yes,Duke,B6,0.833333,Breast,Infiltrating Ductal Carcinoma,49,STAGE IIB,9,BRCA,8556,-18038,0,281.29,0:DiseaseFree,281.29,0:ALIVE OR DEAD TUMOR FREE,Not Hispanic Or Latino,2010-11-02 00:00:00,EUR,No,C50.9,8500/3,C50.9,Yes,Yes,No,M0,N1B,T2,Tumor Free,281.29,0:CENSORED,No,White,No,2,1,Female,BRCA_LumA,10
0:LIVING,TCGA-B6-A0IA-01,TCGA-B6-A0IA,0807435a-e75e-4e04-8e45-ed0cd49a841a,275.865,0:LIVING,0:LIVING,0:LIVING,0.7625,0.2375,0.852315,0.147685,0.948088,0.0519118,4,0,0,0,0,brca_tcga_pan_can_atlas_2018,6,Breast Cancer,Breast Invasive Carcinoma (NOS),0.2386,0.2676,0.3,26,BRCNOS,Primary,Matched,49,No,Yes,Duke,B6,0.9,Breast,Other,51,STAGE IIA,3,BRCA,8391,-18748,0,275.865,0:DiseaseFree,275.865,0:ALIVE OR DEAD TUMOR FREE,Not Hispanic Or Latino,2010-11-02 00:00:00,EUR,No,C50.9,8523/3,C50.9,Yes,Yes,No,M0,N0 (I-),T2,Tumor Free,275.865,0:CENSORED,No,White,No,2,1,Female,BRCA_LumA,0
0:LIVING,TCGA-B6-A0RN-01,TCGA-B6-A0RN,2199b7a1-bd47-4bb5-b36a-a3e291e3e259,263.274,0:LIVING,0:LIVING,0:LIVING,0.8875,0.1125,0.84422,0.15578,0.987897,0.0121029,4,0,0,0,0,brca_tcga_pan_can_atlas_2018,4,Breast Cancer,Breast Invasive Ductal Carcinoma,0.0741,0.264,0.04,25,IDC,Primary,Matched,5,No,Yes,Duke,B6,0.833333,Breast,Infiltrating Ductal Carcinoma,60,STAGE IA,-37,BRCA,8008,-22077,0,263.274,0:DiseaseFree,263.274,0:ALIVE OR DEAD TUMOR FREE,Not Hispanic Or Latino,2010-11-02 00:00:00,EUR,No,C50.9,8500/3,C50.9,Yes,Yes,No,M0,N0 (I-),T1C,Tumor Free,263.274,0:CENSORED,No,White,Yes,-16,1,Female,BRCA_LumA,-34
1:DECEASED,TCGA-B6-A0X7-01,TCGA-B6-A0X7,5b9a5cd2-5ec8-48a0-b9f2-da9bede0b089,58.5528,1:DECEASED,0:LIVING,0:LIVING,0.260833,0.739167,0.852438,0.147562,0.592739,0.407261,4,0,0,0,0,brca_tcga_pan_can_atlas_2018,5,Breast Cancer,Breast Invasive Carcinoma (NOS),0.1698,,0.16,16,BRCNOS,Primary,Matched,51,No,Yes,Duke,B6,0.533333,Breast,Mixed Histology (NOS),62,STAGE X,-35,BRCA,,-22723,0,,,58.5528,0:ALIVE OR DEAD TUMOR FREE,Not Hispanic Or Latino,2010-12-14 00:00:00,EUR,No,C50.9,8500/3,C50.9,Yes,Yes,Yes,MX,NX,T1C,,36.2955,1:PROGRESSION,No,White,Yes,-18,1,Female,BRCA_LumA,-38
0:LIVING,TCGA-3C-AALJ-01,TCGA-3C-AALJ,427D0648-3F77-4FFC-B52C-89855426D647,48.4597,0:LIVING,0:LIVING,0:LIVING,0.814286,0.185714,0.874126,0.125874,0.824877,0.175123,5,1,1,0,0,brca_tcga_pan_can_atlas_2018,13,Breast Cancer,Breast Invasive Ductal Carcinoma,0.534,0.3266,0.31,28,IDC,Primary,Matched,365,No,Yes,Columbia University,3C,0.933333,Breast,Infiltrating Ductal Carcinoma,62,STAGE IIB,-5,BRCA,1474,-22848,0,48.4597,0:DiseaseFree,48.4597,0:ALIVE OR DEAD TUMOR FREE,Not Hispanic Or Latino,2014-07-28 00:00:00,AFR_ADMIX,No,C50.9,8500/3,C50.9,Yes,Yes,No,M0,N1A,T2,Tumor Free,48.4597,0:CENSORED,No,Black or African American,No,12,1,Female,BRCA_LumB,-10
0:LIVING,TCGA-5L-AAT0-01,TCGA-5L-AAT0,86C6F993-327F-4525-9983-29C55625593A,48.5584,0:LIVING,0:LIVING,0:LIVING,1,0,0.894342,0.105658,0.824877,0.175123,5,0,0,0,0,brca_tcga_pan_can_atlas_2018,3,Breast Cancer,Breast Invasive Lobular Carcinoma,0.0702,0.3208,0,139,ILC,Primary,Matched,28,No,Yes,University of Sao Paulo,5L,4.6,Breast,Infiltrating Lobular Carcinoma,42,STAGE IIA,-25,BRCA,1477,-15393,0,,,48.5584,0:ALIVE OR DEAD TUMOR FREE,Hispanic Or Latino,2014-08-15 00:00:00,,No,C50.9,8520/3,C50.9,Yes,Yes,No,M0,N0,T2,Tumor Free,48.5584,0:CENSORED,Yes,White,Yes,-16,1,Female,BRCA_LumA,-28
1:DECEASED,TCGA-A2-A04P-01,TCGA-A2-A04P,ccd4a24b-d8cc-4686-9dee-c98b0c5a8d21,18.0162,1:DECEASED,0:LIVING,0:LIVING,0,1,0.877054,0.122946,0.824877,0.175123,5,1,0,1,0,brca_tcga_pan_can_atlas_2018,9,Breast Cancer,Breast Invasive Ductal Carcinoma,0.6407,0.3046,1.12,128,IDC,Primary,Matched,298,No,Yes,Walter Reed,A2,4.26667,Breast,Infiltrating Ductal Carcinoma,36,STAGE IIIC,17,BRCA,,-13238,0,,,18.0162,1:DEAD WITH TUMOR,,2010-08-26 00:00:00,AFR,No,C50.9,8500/3,C50.9,Yes,Yes,Yes,M0,N3C,T2,With Tumor,3.35339,1:PROGRESSION,No,Black or African American,Yes,12,1,Female,BRCA_Basal,4
0:LIVING,TCGA-A2-A04T-01,TCGA-A2-A04T,b58ad350-5140-4fa8-bc2c-24bca8395f3a,73.8403,0:LIVING,0:LIVING,0:LIVING,0.95,0.05,0.846359,0.153641,0.824877,0.175123,5,1,0,1,0,brca_tcga_pan_can_atlas_2018,14,Breast Cancer,Breast Invasive Ductal Carcinoma,0.6936,0.2887,1.39,89,IDC,Primary,Matched,206,No,Yes,Walter Reed,A2,2.93333,Breast,Infiltrating Ductal Carcinoma,62,STAGE IIA,19,BRCA,2246,-22707,0,73.8403,0:DiseaseFree,73.8403,0:ALIVE OR DEAD TUMOR FREE,,2010-08-09 00:00:00,EUR,No,C50.9,8500/3,C50.9,Yes,Yes,,M0,N0 (I-),T2,Tumor Free,73.8403,0:CENSORED,No,White,Yes,14,1,Female,BRCA_Basal,6
0:LIVING,TCGA-A2-A0CW-01,TCGA-A2-A0CW,32efa6e8-6b19-480a-9d04-ace02e93318a,107.933,0:LIVING,0:LIVING,0:LIVING,0.983333,0.0166667,0.842153,0.157847,0.824877,0.175123,5,1,0,1,0,brca_tcga_pan_can_atlas_2018,15,Breast Cancer,Breast Invasive Ductal Carcinoma,0.3083,0.2846,0.32,64,IDC,Primary,Matched,343,No,Yes,Walter Reed,A2,2.16667,Breast,Infiltrating Ductal Carcinoma,67,STAGE IIB,-1,BRCA,3283,-24541,0,107.933,0:DiseaseFree,107.933,0:ALIVE OR DEAD TUMOR FREE,Not Hispanic Or Latino,2011-01-28 00:00:00,EUR,No,C50.9,8500/3,C50.9,Yes,Yes,No,M0,N1A,T2,Tumor Free,107.933,0:CENSORED,No,White,No,20,1,Female,BRCA_LumB,4
0:LIVING,TCGA-A2-A0D4-01,TCGA-A2-A0D4,75113445-d2d6-44a0-866c-c9175e6d214b,25.2162,0:LIVING,0:LIVING,0:LIVING,0.9,0.1,0.876733,0.123267,0.824877,0.175123,5,0,0,0,0,brca_tcga_pan_can_atlas_2018,19,Breast Cancer,Breast Invasive Ductal Carcinoma,0.3856,0.2711,0.86,36,IDC,Primary,Matched,113,No,Yes,Walter Reed,A2,1.2,Breast,Infiltrating Ductal Carcinoma,37,STAGE IIB,-7,BRCA,767,-13805,0,25.2162,0:DiseaseFree,25.2162,0:ALIVE OR DEAD TUMOR FREE,Not Hispanic Or Latino,2010-09-21 00:00:00,AFR_ADMIX,No,C50.9,8500/3,C50.9,Yes,Yes,No,M0,N1A,T2,Tumor Free,25.2162,0:CENSORED,No,Black or African American,Yes,16,1,Female,BRCA_LumB,-10
0:LIVING,TCGA-A2-A0ET-01,TCGA-A2-A0ET,96f23d8a-be0f-4925-ba00-805dc293414c,35.0462,0:LIVING,0:LIVING,0:LIVING,0.9,0.1,0.852969,0.147031,0.860426,0.139574,5,0,0,0,0,brca_tcga_pan_can_atlas_2018,22,Breast Cancer,Breast Invasive Ductal Carcinoma,0.5078,0.2854,0.64,43,IDC,Primary,Matched,31,No,Yes,Walter Reed,A2,1.43333,Breast,Infiltrating Ductal Carcinoma,58,STAGE IIIA,-43,BRCA,1066,-21464,0,35.0462,0:DiseaseFree,35.0462,0:ALIVE OR DEAD TUMOR FREE,Not Hispanic Or Latino,2010-09-20 00:00:00,EUR,No,C50.9,8500/3,C50.9,Yes,Yes,No,M0,N2A,T2,Tumor Free,35.0462,0:CENSORED,No,White,Yes,-10,1,Female,BRCA_LumA,-46
0:LIVING,TCGA-A2-A0T3-01,TCGA-A2-A0T3,058dcb78-bed1-40c3-a6c2-a0cc40065531,49.8405,0:LIVING,0:LIVING,0:LIVING,0.966667,0.0333333,0.87881,0.12119,0.824877,0.175123,5,1,1,1,0,brca_tcga_pan_can_atlas_2018,31,Breast Cancer,Breast Invasive Ductal Carcinoma,0.5528,0.2828,0.51,29,IDC,Primary,Matched,165,No,Yes,Walter Reed,A2,1,Breast,Infiltrating Ductal Carcinoma,37,STAGE IB,-9,BRCA,1516,-13680,0,49.8405,0:DiseaseFree,49.8405,0:ALIVE OR DEAD TUMOR FREE,Not Hispanic Or Latino,2011-02-21 00:00:00,EUR,No,C50.9,8500/3,C50.9,Yes,Yes,No,M0,N1MI,T1C,Tumor Free,49.8405,0:CENSORED,No,White,Yes,8,1,Female,BRCA_LumB,-2
1:DECEASED,TCGA-A2-A3XU-01,TCGA-A2-A3XU,A8E7D8A4-BBF0-496B-B387-8E014CFDCEA6,29.9832,1:DECEASED,0:LIVING,0:LIVING,0,1,0.889459,0.110541,0.824877,0.175123,5,0,0,0,0,brca_tcga_pan_can_atlas_2018,10,Breast Cancer,Breast Invasive Ductal Carcinoma,0.3244,0.3179,0.6,21,IDC,Primary,Matched,51,No,Yes,Walter Reed,A2,0.7,Breast,Infiltrating Ductal Carcinoma,35,STAGE IIB,29,BRCA,,-13046,0,18.871,1:Recurred/Progressed,29.9832,1:DEAD WITH TUMOR,Not Hispanic Or Latino,2012-08-29 00:00:00,AFR_ADMIX,No,C50.9,8500/3,C50.9,Yes,Yes,Yes,M0,N1MI,T2,With Tumor,18.871,1:PROGRESSION,No,Black or African American,Yes,4,1,Female,BRCA_Basal,8
0:LIVING,TCGA-A2-A3XV-01,TCGA-A2-A3XV,189E1F27-7738-413A-A4D4-97D41D592A13,32.7448,0:LIVING,0:LIVING,0:LIVING,1,0,0.879404,0.120596,0.824877,0.175123,5,1,0,1,0,brca_tcga_pan_can_atlas_2018,6,Breast Cancer,Breast Invasive Ductal Carcinoma,0.1244,0.2941,0.01,37,IDC,Primary,Matched,16,Yes,No,Walter Reed,A2,1.3,Breast,Infiltrating Ductal Carcinoma,46,STAGE IIA,13,BRCA,996,-16971,0,32.7448,0:DiseaseFree,32.7448,0:ALIVE OR DEAD TUMOR FREE,Not Hispanic Or Latino,2012-08-24 00:00:00,AFR_ADMIX,No,C50.9,8500/3,C50.9,Yes,Yes,No,M0,N0,T2,Tumor Free,32.7448,0:CENSORED,No,Black or African American,Yes,0,1,Female,BRCA_Her2,2
0:LIVING,TCGA-A7-A0CJ-01,TCGA-A7-A0CJ,d69e59a8-b10b-46f5-b859-b6c178d90506,30.6079,0:LIVING,0:LIVING,0:LIVING,0.85,0.15,0.854924,0.145076,0.824877,0.175123,5,1,0,1,1,brca_tcga_pan_can_atlas_2018,22,Breast Cancer,Breast Invasive Ductal Carcinoma,0.5648,0.2683,1.26,55,IDC,Primary,Matched,293,Yes,No,Christiana Healthcare,A7,1.76667,Breast,Infiltrating Ductal Carcinoma,57,STAGE IIA,21,BRCA,931,-21014,0,,,30.6079,0:ALIVE OR DEAD TUMOR FREE,Not Hispanic Or Latino,2010-10-07 00:00:00,EUR,No,C50.9,8500/3,C50.9,Yes,Yes,No,M0,N0 (I-),T2,Tumor Free,30.6079,0:CENSORED,No,White,Yes,20,1,Female,BRCA_LumB,16
0:LIVING,TCGA-A7-A5ZW-01,TCGA-A7-A5ZW,523E24A2-51B9-4658-BE2F-42E5FCCEBB17,10.7177,0:LIVING,0:LIVING,0:LIVING,1,0,0.882918,0.117082,0.824877,0.175123,5,0,0,0,0,brca_tcga_pan_can_atlas_2018,2,Breast Cancer,Breast Invasive Ductal Carcinoma,0.0489,0.2967,0,28,IDC,Primary,Matched,1,Yes,No,Christiana Healthcare,A7,0.966667,Breast,Infiltrating Ductal Carcinoma,47,STAGE IIA,-31,BRCA,326,-17529,0,10.7177,0:DiseaseFree,10.7177,0:ALIVE OR DEAD TUMOR FREE,Not Hispanic Or Latino,2013-05-13 00:00:00,AFR_ADMIX,No,C50.9,8500/3,C50.9,Yes,Yes,No,M0,N1A,T1C,Tumor Free,10.7177,0:CENSORED,No,Black or African American,Yes,-14,1,Female,BRCA_LumA,-28
0:LIVING,TCGA-A8-A06R-01,TCGA-A8-A06R,f3ba71f9-25f3-4784-bf2d-3aa522a0cba8,17.9834,0:LIVING,0:LIVING,0:LIVING,0.916667,0.0833333,0.845129,0.154871,0.560304,0.439696,5,1,0,1,1,brca_tcga_pan_can_atlas_2018,20,Breast Cancer,Breast Invasive Ductal Carcinoma,0.5927,0.3035,1.23,58,IDC,Primary,Matched,1101,No,Yes,Indivumed,A8,1.93333,Breast,Infiltrating Ductal Carcinoma,69,STAGE IIB,25,BRCA,547,-25477,0,17.9834,0:DiseaseFree,17.9834,0:ALIVE OR DEAD TUMOR FREE,,2011-05-27 00:00:00,EUR,No,C50.9,8500/3,C50.9,Yes,Yes,No,M0,N1A,T2,Tumor Free,17.9834,0:CENSORED,No,,Yes,6,1,Female,BRCA_LumB,16
0:LIVING,TCGA-A8-A07F-01,TCGA-A8-A07F,5d688049-f271-40ef-813a-d37240ffe21c,18.9697,0:LIVING,0:LIVING,0:LIVING,1,0,0.851024,0.148976,0.679733,0.320267,5,0,0,0,0,brca_tcga_pan_can_atlas_2018,22,Breast Cancer,Breast Invasive Ductal Carcinoma,0.6103,0.2604,0.11,27,IDC,Primary,Matched,9,No,Yes,Indivumed,A8,0.933333,Breast,Infiltrating Ductal Carcinoma,65,STAGE IIB,-29,BRCA,577,-23742,0,18.9697,0:DiseaseFree,18.9697,0:ALIVE OR DEAD TUMOR FREE,,2011-05-27 00:00:00,EUR,No,C50.9,8500/3,C50.9,Yes,Yes,No,M0,N1A,T2,Tumor Free,18.9697,0:CENSORED,No,,Yes,-4,1,Female,BRCA_LumA,-24
0:LIVING,TCGA-A8-A086-01,TCGA-A8-A086,f9eb88f7-9293-46bf-ace4-a746e4ff80dc,13.019,0:LIVING,0:LIVING,0:LIVING,1,0,0.857807,0.142193,0.737833,0.262167,5,0,0,0,0,brca_tcga_pan_can_atlas_2018,13,Breast Cancer,Breast Invasive Ductal Carcinoma,0.2758,,0.31,18,IDC,Primary,Matched,53,No,Yes,Indivumed,A8,0.6,Breast,Infiltrating Ductal Carcinoma,59,STAGE IIA,-9,BRCA,396,-21731,0,13.019,0:DiseaseFree,13.019,0:ALIVE OR DEAD TUMOR FREE,,2011-05-27 00:00:00,EUR,No,C50.9,8500/3,C50.9,Yes,Yes,No,M0,N1A,T1C,Tumor Free,13.019,0:CENSORED,No,,Yes,6,1,Female,BRCA_LumA,2
0:LIVING,TCGA-A8-A08B-01,TCGA-A8-A08B,d8d7a6c2-6427-4f47-968c-6c3affba4617,38.0051,0:LIVING,0:LIVING,0:LIVING,1,0,0.865012,0.134988,0.662895,0.337105,5,0,0,0,0,brca_tcga_pan_can_atlas_2018,19,Breast Cancer,Breast Invasive Ductal Carcinoma,0.3997,0.2653,0.63,47,IDC,Primary,Matched,229,No,Yes,Indivumed,A8,1.56667,Breast,Infiltrating Ductal Carcinoma,52,STAGE IIA,5,BRCA,1156,-19114,0,38.0051,0:DiseaseFree,38.0051,0:ALIVE OR DEAD TUMOR FREE,,2011-05-27 00:00:00,EUR,No,C50.9,8500/3,C50.9,Yes,Yes,No,M0,N0,T2,Tumor Free,38.0051,0:CENSORED,No,,Yes,24,1,Female,BRCA_Her2,-4
1:DECEASED,TCGA-A8-A08J-01,TCGA-A8-A08J,68177e92-4784-45d9-af14-4ce0c00eae74,37.0516,1:DECEASED,0:LIVING,0:LIVING,0,1,0.864136,0.135864,0.718804,0.281196,5,1,1,0,0,brca_tcga_pan_can_atlas_2018,16,Breast Cancer,Breast Invasive Ductal Carcinoma,0.4491,0.271,0.49,35,IDC,Primary,Matched,383,No,Yes,Indivumed,A8,1.2,Breast,Infiltrating Ductal Carcinoma,52,STAGE IV,11,BRCA,,-19266,0,,,37.0516,1:DEAD WITH TUMOR,,2011-05-27 00:00:00,EUR,No,C50.9,8541/3,C50.9,Yes,Yes,,M1,N3,T4B,With Tumor,37.0516,1:PROGRESSION,No,,No,12,1,Female,BRCA_Her2,8
0:LIVING,TCGA-A8-A099-01,TCGA-A8-A099,e98b69bc-766a-485f-b5e8-9166b8d457b3,9.99441,0:LIVING,0:LIVING,0:LIVING,1,0,0.836498,0.163502,0.799083,0.200917,5,0,0,0,0,brca_tcga_pan_can_atlas_2018,5,Breast Cancer,Breast Invasive Ductal Carcinoma,0.1923,0.2753,0.62,27,IDC,Primary,Matched,27,No,Yes,Indivumed,A8,0.9,Breast,Infiltrating Ductal Carcinoma,76,STAGE X,-35,BRCA,304,-28063,0,,,9.99441,0:ALIVE OR DEAD TUMOR FREE,,2011-05-27 00:00:00,EUR,No,C50.9,8500/3,C50.9,Yes,Yes,No,MX,N3A,T4B,,9.99441,0:CENSORED,No,,Yes,-16,1,Female,BRCA_LumA,-36
0:LIVING,TCGA-A8-A09V-01,TCGA-A8-A09V,cc348a26-ee11-47a4-8b51-de922967e175,15.0245,0:LIVING,0:LIVING,0:LIVING,1,0,0.867357,0.132643,0.883286,0.116714,5,0,0,0,0,brca_tcga_pan_can_atlas_2018,3,Breast Cancer,Breast Invasive Lobular Carcinoma,0.0703,0.2656,0.18,30,ILC,Primary,Matched,25,No,Yes,Indivumed,A8,1.03333,Breast,Infiltrating Lobular Carcinoma,51,STAGE IIA,-33,BRCA,457,-18628,0,15.0245,0:DiseaseFree,15.0245,0:ALIVE OR DEAD TUMOR FREE,,2011-05-27 00:00:00,EUR,No,C50.9,8520/3,C50.9,Yes,Yes,No,M0,N0,T2,Tumor Free,15.0245,0:CENSORED,No,,Yes,-8,1,Female,BRCA_LumA,-40
0:LIVING,TCGA-A8-A0A1-01,TCGA-A8-A0A1,3efa245d-177d-4ef9-94f7-f554c54e345e,11.9999,0:LIVING,0:LIVING,0:LIVING,1,0,0.826582,0.173418,0.87089,0.12911,5,0,0,0,0,brca_tcga_pan_can_atlas_2018,3,Breast Cancer,Breast Invasive Lobular Carcinoma,0.117,0.2575,0.03,45,ILC,Primary,Matched,19,No,Yes,Indivumed,A8,1.5,Breast,Infiltrating Lobular Carcinoma,84,STAGE IIA,-35,BRCA,365,-30742,0,11.9999,0:DiseaseFree,11.9999,0:ALIVE OR DEAD TUMOR FREE,,2011-05-27 00:00:00,EUR,No,C50.9,8520/3,C50.9,Yes,Yes,,M0,N0,T2,Tumor Free,11.9999,0:CENSORED,No,,,-6,1,Female,BRCA_LumA,-44
0:LIVING,TCGA-A8-A0A2-01,TCGA-A8-A0A2,34d5a193-85e5-4399-8a9b-e92858eafdfe,19.0354,0:LIVING,0:LIVING,0:LIVING,1,0,0.84889,0.15111,0.859066,0.140934,5,1,0,0,1,brca_tcga_pan_can_atlas_2018,17,Breast Cancer,Breast Invasive Lobular Carcinoma,0.3321,0.2664,0.12,28,ILC,Primary,Matched,28,No,Yes,Indivumed,A8,0.933333,Breast,Infiltrating Lobular Carcinoma,66,STAGE IIA,-33,BRCA,579,-24380,0,19.0354,0:DiseaseFree,19.0354,0:ALIVE OR DEAD TUMOR FREE,,2011-05-27 00:00:00,EUR,No,C50.9,8520/3,C50.9,Yes,Yes,,M0,N0,T2,Tumor Free,19.0354,0:CENSORED,No,,,-4,1,Female,BRCA_LumA,-24
0:LIVING,TCGA-AC-A23E-01,TCGA-AC-A23E,e7bae6e7-f779-449d-92b9-66996041e00d,22.9477,0:LIVING,0:LIVING,0:LIVING,1,0,0.868387,0.131613,0.824877,0.175123,5,0,0,0,0,brca_tcga_pan_can_atlas_2018,19,Breast Cancer,Breast Invasive Ductal Carcinoma,0.1121,0.3013,0.05,19,IDC,Primary,Matched,11,,,International Genomics Consortium,AC,0.633333,Breast,Infiltrating Ductal Carcinoma,50,STAGE IIB,9,BRCA,698,-18500,0,22.9477,0:DiseaseFree,22.9477,0:ALIVE OR DEAD TUMOR FREE,,2011-07-18 00:00:00,EUR,No,C50.9,8500/3,C50.9,Yes,Yes,No,MX,N1,T2,Tumor Free,22.9477,0:CENSORED,No,White,Yes,-2,1,Female,BRCA_LumA,2
0:LIVING,TCGA-AC-A2BM-01,TCGA-AC-A2BM,8159FF7B-89F4-411A-9B9C-491F1CB3EB34,99.3523,0:LIVING,0:LIVING,0:LIVING,1,0,0.876212,0.123788,0.824877,0.175123,5,0,0,0,0,brca_tcga_pan_can_atlas_2018,18,Breast Cancer,Breast Invasive Ductal Carcinoma,0.3919,0.3186,0.26,20,IDC,Primary,Matched,267,No,Yes,International Genomics Consortium,AC,0.7,Breast,Infiltrating Ductal Carcinoma,41,STAGE IIB,-23,BRCA,3022,-15212,0,99.3523,0:DiseaseFree,99.3523,0:ALIVE OR DEAD TUMOR FREE,,2011-09-12 00:00:00,AFR,No,C50.9,8500/3,C50.9,Yes,Yes,No,MX,N1A,T2,Tumor Free,99.3523,0:CENSORED,No,Black or African American,No,6,1,Female,BRCA_LumB,-42
0:LIVING,TCGA-AC-A3QP-01,TCGA-AC-A3QP,6F4C8D30-47FB-47DF-9EB7-4E5881E3711E,22.1915,0:LIVING,0:LIVING,0:LIVING,0.971429,0.0285714,0.840841,0.159159,0.824877,0.175123,5,0,0,0,0,brca_tcga_pan_can_atlas_2018,2,Breast Cancer,Breast Invasive Lobular Carcinoma,0.0716,0.2972,0,22,ILC,Primary,Matched,15,Yes,No,International Genomics Consortium,AC,0.733333,Breast,Infiltrating Lobular Carcinoma,79,STAGE IIB,-11,BRCA,675,-29113,0,22.1915,0:DiseaseFree,22.1915,0:ALIVE OR DEAD TUMOR FREE,Not Hispanic Or Latino,2012-07-05 00:00:00,EUR,No,C50.9,8520/3,C50.9,Yes,Yes,No,MX,N1MI,T2,Tumor Free,22.1915,0:CENSORED,No,White,Yes,-22,1,Female,BRCA_LumA,-2
0:LIVING,TCGA-AN-A04D-01,TCGA-AN-A04D,49717f75-0f2d-4e1c-9a12-f1cd7877b80a,1.70957,0:LIVING,0:LIVING,0:LIVING,1,0,0.856176,0.143824,0.849353,0.150647,5,0,0,0,0,brca_tcga_pan_can_atlas_2018,4,Breast Cancer,Breast Invasive Ductal Carcinoma,0.3686,0.2756,0.66,83,IDC,Primary,Matched,93,No,Yes,Cureline,AN,2.8,Breast,Infiltrating Ductal Carcinoma,58,STAGE IIB,5,BRCA,52,-21426,0,,,1.70957,0:ALIVE OR DEAD TUMOR FREE,Not Hispanic Or Latino,2010-12-20 00:00:00,EUR,No,C50.9,8500/3,C50.9,Yes,Yes,,M0,N1,T2,Tumor Free,1.70957,0:CENSORED,No,White,,12,1,Female,BRCA_Basal,-22
0:LIVING,TCGA-AN-A0FD-01,TCGA-AN-A0FD,c6086936-7544-4da0-8c0c-114166848483,6.44376,0:LIVING,0:LIVING,0:LIVING,1,0,0.840567,0.159433,0.849897,0.150103,5,1,1,0,0,brca_tcga_pan_can_atlas_2018,6,Breast Cancer,Breast Invasive Ductal Carcinoma,0.171,0.3047,0.25,31,IDC,Primary,Matched,255,No,Yes,Cureline,AN,1.06667,Breast,Infiltrating Ductal Carcinoma,71,STAGE IIA,-7,BRCA,196,-26007,0,6.44376,0:DiseaseFree,6.44376,0:ALIVE OR DEAD TUMOR FREE,Not Hispanic Or Latino,2010-12-20 00:00:00,EUR,No,C50.9,8500/3,C50.9,Yes,Yes,,M0,N0,T2,Tumor Free,6.44376,0:CENSORED,No,White,No,4,1,Female,BRCA_LumA,0
0:LIVING,TCGA-AN-A0FJ-01,TCGA-AN-A0FJ,546248b0-22a0-4b70-a437-76fb0a238a0d,7.95608,0:LIVING,0:LIVING,0:LIVING,0.9,0.1,0.854466,0.145534,0.835509,0.164491,5,1,0,1,0,brca_tcga_pan_can_atlas_2018,12,Breast Cancer,Breast Invasive Ductal Carcinoma,0.6191,0.2694,1.15,78,IDC,Primary,Matched,557,No,Yes,Cureline,AN,2.63333,Breast,Infiltrating Ductal Carcinoma,59,STAGE IV,29,BRCA,242,-21910,0,,,7.95608,0:ALIVE OR DEAD TUMOR FREE,Not Hispanic Or Latino,2010-12-27 00:00:00,EUR,No,C50.9,8500/3,C50.9,Yes,Yes,,M1,N2,T2,Tumor Free,7.95608,0:CENSORED,No,White,No,18,1,Female,BRCA_Basal,6
0:LIVING,TCGA-AN-A0FS-01,TCGA-AN-A0FS,10c9be1e-2cc0-45e4-8d2c-c013ea63ef05,6.90403,0:LIVING,0:LIVING,0:LIVING,1,0,0.859413,0.140587,0.845791,0.154209,5,0,0,0,0,brca_tcga_pan_can_atlas_2018,3,Breast Cancer,Breast Invasive Lobular Carcinoma,0.1049,0.3024,0.1,61,ILC,Primary,Matched,49,No,Yes,Cureline,AN,2.03333,Breast,Infiltrating Lobular Carcinoma,55,STAGE IA,-35,BRCA,210,-20352,0,6.90403,0:DiseaseFree,6.90403,0:ALIVE OR DEAD TUMOR FREE,Not Hispanic Or Latino,2010-12-20 00:00:00,EUR,No,C50.9,8500/3,C50.9,Yes,Yes,,M0,N0,T1C,Tumor Free,6.90403,0:CENSORED,No,White,No,-12,1,Female,BRCA_LumA,-32
0:LIVING,TCGA-AN-A0XP-01,TCGA-AN-A0XP,cf0e7e4e-b857-4db5-9ae2-551a899f77be,0.295887,0:LIVING,0:LIVING,0:LIVING,1,0,0.845253,0.154747,0.905503,0.094497,5,0,0,0,0,brca_tcga_pan_can_atlas_2018,14,Breast Cancer,Breast Invasive Ductal Carcinoma,0.1617,0.2804,0.03,25,IDC,Primary,Matched,9,No,Yes,Cureline,AN,0.866667,Breast,Infiltrating Ductal Carcinoma,69,STAGE IIIA,-39,BRCA,9,-25305,0,0.295887,0:DiseaseFree,0.295887,0:ALIVE OR DEAD TUMOR FREE,Not Hispanic Or Latino,2011-03-25 00:00:00,EUR,No,C50.9,8500/3,C50.9,Yes,Yes,,M0,N2,T2,,0.295887,0:CENSORED,No,White,No,-12,1,Female,BRCA_LumA,-32
0:LIVING,TCGA-AO-A0J2-01,TCGA-AO-A0J2,d2f2560c-ec80-4fea-9474-c47a2e85ea95,32.7777,0:LIVING,0:LIVING,0:LIVING,0.966667,0.0333333,0.87205,0.12795,0.846272,0.153728,5,1,0,1,1,brca_tcga_pan_can_atlas_2018,9,Breast Cancer,Breast Invasive Ductal Carcinoma,0.7158,0.2894,1.15,53,IDC,Primary,Matched,298,No,Yes,MSKCC,AO,1.76667,Breast,Infiltrating Ductal Carcinoma,41,STAGE IA,31,BRCA,997,-15324,0,32.7777,0:DiseaseFree,32.7777,0:ALIVE OR DEAD TUMOR FREE,Not Hispanic Or Latino,2010-09-19 00:00:00,EUR,No,C50.9,8500/3,C50.9,Yes,Yes,No,M0,N0 (I-),T1C,Tumor Free,32.7777,0:CENSORED,No,White,No,16,1,Female,BRCA_Her2,18
0:LIVING,TCGA-AO-A0JI-01,TCGA-AO-A0JI,e17c565c-9857-4df3-a352-903b53093c85,50.2351,0:LIVING,0:LIVING,0:LIVING,1,0,0.856391,0.143609,0.886492,0.113508,5,0,0,0,0,brca_tcga_pan_can_atlas_2018,7,Breast Cancer,Breast Invasive Ductal Carcinoma,0.2489,0.2769,0.28,15,IDC,Primary,Matched,48,No,Yes,MSKCC,AO,0.466667,Breast,Infiltrating Ductal Carcinoma,56,STAGE IIA,-27,BRCA,1528,-20694,0,50.2351,0:DiseaseFree,50.2351,0:ALIVE OR DEAD TUMOR FREE,Not Hispanic Or Latino,2010-12-07 00:00:00,EUR,No,C50.9,8500/3,C50.9,Yes,Yes,No,M0,N1,T1C,Tumor Free,50.2351,0:CENSORED,No,White,No,0,1,Female,BRCA_LumA,-32
0:LIVING,TCGA-AO-A12D-01,TCGA-AO-A12D,2fe854b4-bac9-4801-9a1c-ee99388e8082,82.684,0:LIVING,0:LIVING,0:LIVING,0.966667,0.0333333,0.870343,0.129657,0.842358,0.157642,5,1,0,1,0,brca_tcga_pan_can_atlas_2018,16,Breast Cancer,Breast Invasive Ductal Carcinoma,0.325,0.2829,0.07,53,IDC,Primary,Matched,306,No,Yes,MSKCC,AO,1.76667,Breast,Infiltrating Ductal Carcinoma,43,STAGE IIA,-15,BRCA,2515,-15774,0,82.684,0:DiseaseFree,82.684,0:ALIVE OR DEAD TUMOR FREE,Not Hispanic Or Latino,2010-12-08 00:00:00,EUR,No,C50.9,8500/3,C50.9,Yes,Yes,No,M0,N1A,T1C,Tumor Free,82.684,0:CENSORED,No,White,Yes,6,1,Female,BRCA_Her2,-32
0:LIVING,TCGA-AR-A0TT-01,TCGA-AR-A0TT,13ca97a1-75bb-4a49-b8c3-181e5b2c9e86,109.018,0:LIVING,0:LIVING,0:LIVING,1,0,0.85904,0.14096,0.837509,0.162491,5,0,0,0,0,brca_tcga_pan_can_atlas_2018,12,Breast Cancer,Breast Invasive Ductal Carcinoma,0.3875,0.2872,0.22,55,IDC,Primary,Matched,485,No,Yes,Mayo,AR,1.83333,Breast,Infiltrating Ductal Carcinoma,53,STAGE IIIA,-19,BRCA,3316,-19679,0,109.018,0:DiseaseFree,109.018,0:ALIVE OR DEAD TUMOR FREE,,2011-03-08 00:00:00,AFR_ADMIX,No,C50.9,8500/3,C50.9,Yes,Yes,No,M0,N2,T2,,109.018,0:CENSORED,No,Black or African American,Yes,8,1,Female,BRCA_LumB,-34
0:LIVING,TCGA-AR-A0TX-01,TCGA-AR-A0TX,c364e81c-eb1e-4870-ab37-9c661f5f2e3d,64.8322,0:LIVING,0:LIVING,0:LIVING,0.716667,0.283333,0.847807,0.152193,0.904363,0.0956369,5,1,0,1,0,brca_tcga_pan_can_atlas_2018,7,Breast Cancer,Breast Invasive Ductal Carcinoma,0.2237,0.2842,0.08,276,IDC,Primary,Matched,193,No,Yes,Mayo,AR,9.3,Breast,Infiltrating Ductal Carcinoma,64,STAGE IIA,-9,BRCA,1972,-23653,0,64.8322,0:DiseaseFree,64.8322,0:ALIVE OR DEAD TUMOR FREE,,2011-03-10 00:00:00,EUR,No,C50.9,8500/3,C50.9,Yes,Yes,,M0,N1,T1,,64.8322,0:CENSORED,No,,Yes,8,1,Female,BRCA_Her2,-24
0:LIVING,TCGA-AR-A1AY-01,TCGA-AR-A1AY,5fd9552a-c742-4388-940d-295d1107ae00,33.7311,0:LIVING,0:LIVING,0:LIVING,1,0,0.85015,0.14985,0.87311,0.12689,5,1,0,1,1,brca_tcga_pan_can_atlas_2018,13,Breast Cancer,Breast Invasive Ductal Carcinoma,0.5101,0.2776,1.18,57,IDC,Primary,Matched,115,No,Yes,Mayo,AR,1.9,Breast,Infiltrating Ductal Carcinoma,65,STAGE I,23,BRCA,1026,-23927,0,33.7311,0:DiseaseFree,33.7311,0:ALIVE OR DEAD TUMOR FREE,Not Hispanic Or Latino,2011-06-14 00:00:00,EUR,No,C50.9,8500/3,C50.9,Yes,Yes,No,M0,N0,T1,,33.7311,0:CENSORED,No,White,Yes,16,1,Female,BRCA_Basal,4
0:LIVING,TCGA-AR-A24T-01,TCGA-AR-A24T,9e3de467-fb0d-4021-89f8-b34968a7c7bc,105.27,0:LIVING,0:LIVING,0:LIVING,1,0,0.870217,0.129783,0.846598,0.153402,5,1,0,1,0,brca_tcga_pan_can_atlas_2018,,Breast Cancer,Breast Invasive Lobular Carcinoma,0.2168,0.3378,0.17,23,ILC,Primary,Matched,33,No,Yes,Mayo,AR,0.766667,Breast,Infiltrating Lobular Carcinoma,46,STAGE IIIC,-37,BRCA,3202,-17135,0,105.27,0:DiseaseFree,105.27,0:ALIVE OR DEAD TUMOR FREE,Not Hispanic Or Latino,2011-08-30 00:00:00,EUR,No,C50.9,8520/3,C50.9,Yes,Yes,No,M0,N3,T3,,105.27,0:CENSORED,No,White,Yes,-12,1,Female,BRCA_LumA,-30
0:LIVING,TCGA-AR-A24U-01,TCGA-AR-A24U,241fffc8-4250-4cfa-b2e7-e68c33ae07dc,102.837,0:LIVING,0:LIVING,0:LIVING,0.966667,0.0333333,0.869982,0.130018,0.866391,0.133609,5,1,0,1,0,brca_tcga_pan_can_atlas_2018,8,Breast Cancer,Breast Invasive Ductal Carcinoma,0.1646,0.3456,0.49,34,IDC,Primary,Matched,178,No,Yes,Mayo,AR,1.13333,Breast,Infiltrating Ductal Carcinoma,47,STAGE IIA,-7,BRCA,2363,-17523,0,102.837,0:DiseaseFree,102.837,0:ALIVE OR DEAD TUMOR FREE,Not Hispanic Or Latino,2011-08-26 00:00:00,EUR,No,C50.9,8500/3,C50.9,Yes,Yes,No,M0,N1,T1,,102.837,0:CENSORED,No,White,Yes,12,1,Female,BRCA_Her2,-14
0:LIVING,TCGA-AR-A24W-01,TCGA-AR-A24W,67526f5a-3a30-45b2-aeab-2b21a855063e,50.9583,0:LIVING,0:LIVING,0:LIVING,1,0,0.865204,0.134796,0.824877,0.175123,5,1,0,0,1,brca_tcga_pan_can_atlas_2018,28,Breast Cancer,Breast Invasive Ductal Carcinoma,0.1024,0.3248,0.03,15,IDC,Primary,Matched,60,No,Yes,Mayo,AR,0.466667,Breast,Infiltrating Ductal Carcinoma,55,STAGE IIB,-27,BRCA,991,-20123,0,50.9583,0:DiseaseFree,50.9583,0:ALIVE OR DEAD TUMOR FREE,,2011-11-10 00:00:00,EUR,No,C50.9,8500/3,C50.9,Yes,Yes,No,M0,N1,T2,,50.9583,0:CENSORED,No,White,No,-18,1,Female,BRCA_LumA,-20
0:LIVING,TCGA-AR-A24X-01,TCGA-AR-A24X,491d5ebb-e9ab-4b17-acb8-630ff9fef0f2,98.7606,0:LIVING,0:LIVING,0:LIVING,0.9,0.1,0.864756,0.135244,0.841593,0.158407,5,0,0,0,0,brca_tcga_pan_can_atlas_2018,4,Breast Cancer,Breast Invasive Carcinoma (NOS),0.0713,0.3918,1.71,27,BRCNOS,Primary,Matched,2,No,Yes,Mayo,AR,0.9,Breast,Mixed Histology (NOS),52,STAGE IIA,-35,BRCA,3004,-19030,0,98.7606,0:DiseaseFree,98.7606,0:ALIVE OR DEAD TUMOR FREE,,2011-08-30 00:00:00,EUR,No,C50.9,8522/3,C50.9,Yes,Yes,No,M0,N0,T2,,98.7606,0:CENSORED,No,White,No,-6,1,Female,BRCA_LumA,-32
0:LIVING,TCGA-AR-A2LM-01,TCGA-AR-A2LM,0BF6E772-1AA1-4F54-9A50-C1414E2F22F3,63.6157,0:LIVING,0:LIVING,0:LIVING,1,0,0.871397,0.128603,0.846425,0.153575,5,0,0,0,0,brca_tcga_pan_can_atlas_2018,4,Breast Cancer,Breast Invasive Lobular Carcinoma,0.1,0.2864,0.13,11,ILC,Primary,Matched,45,No,Yes,Mayo,AR,0.366667,Breast,Infiltrating Lobular Carcinoma,49,STAGE II,-43,BRCA,1935,-18053,0,63.6157,0:DiseaseFree,63.6157,0:ALIVE OR DEAD TUMOR FREE,Not Hispanic Or Latino,2012-01-12 00:00:00,EUR,No,C50.9,8520/3,C50.9,Yes,Yes,No,M0,N1,T1,,63.6157,0:CENSORED,No,White,No,-16,1,Female,BRCA_LumA,-40
0:LIVING,TCGA-AR-A2LO-01,TCGA-AR-A2LO,AD0FA961-C085-4F38-B3DB-5FC0CBF6B64F,39.3859,0:LIVING,0:LIVING,0:LIVING,1,0,0.875074,0.124926,0.949905,0.0500951,5,1,0,0,1,brca_tcga_pan_can_atlas_2018,11,Breast Cancer,Breast Invasive Lobular Carcinoma,0.2232,0.3064,0.09,16,ILC,Primary,Matched,44,No,Yes,Mayo,AR,0.533333,Breast,Infiltrating Lobular Carcinoma,46,STAGE IIB,-35,BRCA,1198,-17080,0,39.3859,0:DiseaseFree,39.3859,0:ALIVE OR DEAD TUMOR FREE,Not Hispanic Or Latino,2012-01-12 00:00:00,EUR,No,C50.9,8520/3,C50.9,Yes,Yes,No,M0,N1,T2,,39.3859,0:CENSORED,No,White,Yes,4,1,Female,BRCA_LumA,-20
1:DECEASED,TCGA-B6-A0IE-01,TCGA-B6-A0IE,3f834fa7-6d7b-4b85-98c0-5c55d55b6c95,65.5226,1:DECEASED,0:LIVING,0:LIVING,0,1,0.876127,0.123873,0.759456,0.240544,5,1,0,1,0,brca_tcga_pan_can_atlas_2018,12,Breast Cancer,Breast Invasive Carcinoma (NOS),0.349,0.2736,0.22,29,BRCNOS,Primary,Matched,112,No,Yes,Duke,B6,1,Breast,Mixed Histology (NOS),38,STAGE IIIA,-5,BRCA,,-13982,0,27.4189,1:Recurred/Progressed,65.5226,1:DEAD WITH TUMOR,Not Hispanic Or Latino,2010-11-02 00:00:00,AFR_ADMIX,No,C50.9,8520/3,C50.9,Yes,Yes,Yes,M0,N1B,T3,With Tumor,27.4189,1:PROGRESSION,No,Black or African American,Yes,8,1,Female,BRCA_LumA,4
1:DECEASED,TCGA-B6-A0IG-01,TCGA-B6-A0IG,34ab0cb8-bf19-4cbb-b4eb-3c45ee5aa60b,146.497,1:DECEASED,0:LIVING,0:LIVING,0,1,0.862904,0.137096,0.930717,0.069283,5,1,1,0,0,brca_tcga_pan_can_atlas_2018,11,Breast Cancer,Breast Invasive Ductal Carcinoma,0.3174,,0.24,37,IDC,Primary,Matched,157,No,Yes,Duke,B6,1.23333,Breast,Infiltrating Ductal Carcinoma,50,STAGE IIB,15,BRCA,,-18433,0,,,146.497,1:DEAD WITH TUMOR,Not Hispanic Or Latino,2010-11-02 00:00:00,EUR,No,C50.9,8500/3,C50.9,Yes,Yes,,M0,N1B,T2,With Tumor,146.497,1:PROGRESSION,No,White,Yes,18,1,Female,BRCA_LumA,24
1:DECEASED,TCGA-B6-A0RP-01,TCGA-B6-A0RP,451e1a67-47e6-4738-99d7-fb7771ef61a3,102.771,1:DECEASED,0:LIVING,0:LIVING,0.025,0.975,0.834388,0.165612,0.835481,0.164519,5,0,0,0,0,brca_tcga_pan_can_atlas_2018,20,Breast Cancer,Breast Invasive Carcinoma (NOS),0.4882,0.2791,0.01,21,BRCNOS,Primary,Matched,5,No,Yes,Duke,B6,0.7,Breast,Mixed Histology (NOS),73,STAGE IIIB,-41,BRCA,,-26941,0,91.6264,1:Recurred/Progressed,102.771,1:DEAD WITH TUMOR,Not Hispanic Or Latino,2010-11-02 00:00:00,EUR,No,C50.9,8522/3,C50.9,Yes,Yes,Yes,M0,N1B,T2,,91.6264,1:PROGRESSION,No,White,No,-20,1,Female,BRCA_LumA,-42
0:LIVING,TCGA-B6-A0RU-01,TCGA-B6-A0RU,6956473b-92e5-4069-a26b-b48e280e76f2,282.901,0:LIVING,0:LIVING,0:LIVING,0.780952,0.219048,0.864916,0.135084,0.958691,0.0413086,5,1,0,1,1,brca_tcga_pan_can_atlas_2018,13,Breast Cancer,Breast Invasive Carcinoma (NOS),0.3834,0.2802,0.25,45,BRCNOS,Primary,Matched,62,No,Yes,Duke,B6,1.53333,Breast,Other,40,STAGE IA,23,BRCA,8605,-14920,0,101.128,1:Recurred/Progressed,282.901,0:ALIVE OR DEAD TUMOR FREE,Not Hispanic Or Latino,2010-11-02 00:00:00,EUR,No,C50.9,8523/3,C50.9,Yes,Yes,No,M0,N0 (I-),T1C,Tumor Free,101.128,1:PROGRESSION,No,White,Yes,14,1,Female,BRCA_Basal,20
0:LIVING,TCGA-A1-A0SJ-01,TCGA-A1-A0SJ,a2db9dd1-44d5-48b5-817c-a21a85fadb21,13.6766,0:LIVING,0:LIVING,0:LIVING,0.897778,0.102222,0.880546,0.119454,0.870879,0.129121,6,0,0,0,0,brca_tcga_pan_can_atlas_2018,24,Breast Cancer,Breast Invasive Ductal Carcinoma,0.46,0.292,0.37,30,IDC,Primary,Matched,297,No,Yes,UCSF,A1,1.03333,Breast,Infiltrating Ductal Carcinoma,39,STAGE IIIA,-9,BRCA,416,-14383,0,13.6766,0:DiseaseFree,13.6766,0:ALIVE OR DEAD TUMOR FREE,Not Hispanic Or Latino,2010-12-06 00:00:00,AFR_ADMIX,No,C50.9,8500/3,C50.9,Yes,Yes,,M0,N1A,T3,Tumor Free,13.6766,0:CENSORED,No,Black or African American,,6,1,Female,BRCA_LumA,-12
0:LIVING,TCGA-A1-A0SO-01,TCGA-A1-A0SO,6644fd4e-d2fe-4785-a73c-0f36fcc740e2,28.0107,0:LIVING,0:LIVING,0:LIVING,0.96,0.04,0.852312,0.147688,0.885826,0.114174,6,1,0,1,0,brca_tcga_pan_can_atlas_2018,,Breast Cancer,Breast Invasive Ductal Carcinoma,0.77,0.3308,2.84,271,IDC,Primary,Matched,492,No,Yes,UCSF,A1,9.06667,Breast,Infiltrating Ductal Carcinoma,67,STAGE IIB,-5,BRCA,852,-24826,0,28.0107,0:DiseaseFree,28.0107,0:ALIVE OR DEAD TUMOR FREE,Not Hispanic Or Latino,2010-12-06 00:00:00,EUR,No,C50.9,8500/3,C50.9,Yes,Yes,,M0,N1,T2,Tumor Free,28.0107,0:CENSORED,No,White,,12,1,Female,BRCA_Basal,-22
0:LIVING,TCGA-A2-A0ES-01,TCGA-A2-A0ES,a2934508-3daf-49e2-b14f-ed9b7693f96f,71.9992,0:LIVING,0:LIVING,0:LIVING,0.9,0.1,0.853049,0.146951,0.827326,0.172674,6,0,0,0,0,brca_tcga_pan_can_atlas_2018,0,Breast Cancer,Breast Invasive Lobular Carcinoma,0.0056,0.2529,0.04,13,ILC,Primary,Matched,34,No,Yes,Walter Reed,A2,0.433333,Breast,Infiltrating Lobular Carcinoma,52,STAGE IIA,-43,BRCA,2190,-19160,0,71.9992,0:DiseaseFree,71.9992,0:ALIVE OR DEAD TUMOR FREE,Not Hispanic Or Latino,2011-01-25 00:00:00,EUR,No,C50.9,8520/3,C50.9,Yes,Yes,No,M0,N0 (I-),T2,Tumor Free,71.9992,0:CENSORED,No,White,No,-24,1,Female,BRCA_LumA,-34
1:DECEASED,TCGA-A2-A0EW-01,TCGA-A2-A0EW,8d5fe6e8-d2cc-481f-a6a1-9cb6e7982cde,61.939,1:DECEASED,0:LIVING,0:LIVING,0.2,0.8,0.865777,0.134223,0.827326,0.172674,6,0,0,0,0,brca_tcga_pan_can_atlas_2018,2,Breast Cancer,Breast Invasive Lobular Carcinoma,0.0724,0.2504,0,15,ILC,Primary,Matched,55,No,Yes,Walter Reed,A2,0.5,Breast,Infiltrating Lobular Carcinoma,53,STAGE IIIC,-39,BRCA,905,-19413,0,,,61.939,1:DEAD WITH TUMOR,Not Hispanic Or Latino,2011-01-05 00:00:00,EUR,No,C50.9,8520/3,C50.9,Yes,Yes,Yes,M0,N3A,T1B,Tumor Free,44.4817,1:PROGRESSION,No,White,Yes,-16,1,Female,BRCA_LumA,-40
0:LIVING,TCGA-A2-A0T1-01,TCGA-A2-A0T1,02bed00f-bef7-4fb7-b243-540354990e45,17.1286,0:LIVING,0:LIVING,0:LIVING,1,0,0.866671,0.133329,0.864576,0.135424,6,1,0,1,0,brca_tcga_pan_can_atlas_2018,17,Breast Cancer,Breast Invasive Ductal Carcinoma,0.1868,0.2768,0.02,24,IDC,Primary,Matched,339,No,Yes,Walter Reed,A2,0.8,Breast,Infiltrating Ductal Carcinoma,55,STAGE IIIC,3,BRCA,521,-20227,0,17.1286,0:DiseaseFree,17.1286,0:ALIVE OR DEAD TUMOR FREE,Not Hispanic Or Latino,2010-11-12 00:00:00,,No,C50.9,8500/3,C50.9,Yes,Yes,No,M0,N3,T3,Tumor Free,17.1286,0:CENSORED,No,American Indian or Alaska Native,Yes,14,1,Female,BRCA_Her2,0
0:LIVING,TCGA-A2-A1G6-01,TCGA-A2-A1G6,295cf595-4a29-46a3-a0c5-e5f08f947031,16.4711,0:LIVING,0:LIVING,0:LIVING,1,0,0.873724,0.126276,0.827326,0.172674,6,0,0,0,0,brca_tcga_pan_can_atlas_2018,,Breast Cancer,Breast Invasive Ductal Carcinoma,0.0001,0.3082,0.07,8,IDC,Primary,Matched,0,Yes,No,Walter Reed,A2,0.266667,Breast,Infiltrating Ductal Carcinoma,50,STAGE IIIA,-33,BRCA,501,-18514,0,16.4711,0:DiseaseFree,16.4711,0:ALIVE OR DEAD TUMOR FREE,Not Hispanic Or Latino,2011-04-22 00:00:00,EUR,No,C50.9,8500/3,C50.9,Yes,Yes,No,M0,N2A,T2,Tumor Free,16.4711,0:CENSORED,No,White,Yes,-16,1,Female,BRCA_Normal,-36
0:LIVING,TCGA-A2-A25A-01,TCGA-A2-A25A,aaea5f9c-b35b-47f8-93cb-bdc7b81844ff,107.703,0:LIVING,0:LIVING,0:LIVING,0.94,0.06,0.850706,0.149294,0.827326,0.172674,6,0,0,0,0,brca_tcga_pan_can_atlas_2018,5,Breast Cancer,Breast Invasive Lobular Carcinoma,0.1189,0.3222,0.08,300,ILC,Primary,Matched,14,No,Yes,Walter Reed,A2,10.1,Breast,Infiltrating Lobular Carcinoma,44,STAGE IIA,-39,BRCA,3276,-16084,0,107.703,0:DiseaseFree,107.703,0:ALIVE OR DEAD TUMOR FREE,Not Hispanic Or Latino,2011-06-21 00:00:00,EUR,No,C50.9,8520/3,C50.9,Yes,Yes,No,M0,N0 (I-),T2,Tumor Free,107.703,0:CENSORED,Yes,White,Yes,-2,1,Female,BRCA_Normal,-30
0:LIVING,TCGA-A2-A25B-01,TCGA-A2-A25B,eadf8482-e60e-4307-adb7-d5c3b9fa6cae,42.4434,0:LIVING,0:LIVING,0:LIVING,0.883333,0.116667,0.875586,0.124414,0.827326,0.172674,6,1,1,0,0,brca_tcga_pan_can_atlas_2018,,Breast Cancer,Breast Invasive Ductal Carcinoma,0.4302,0.314,0.61,98,IDC,Primary,Matched,395,Yes,No,Walter Reed,A2,3.26667,Breast,Infiltrating Ductal Carcinoma,39,STAGE IIB,-7,BRCA,1291,-14454,0,,,42.4434,0:ALIVE OR DEAD TUMOR FREE,Not Hispanic Or Latino,2011-07-15 00:00:00,AFR,No,C50.9,8500/3,C50.9,Yes,Yes,Yes,M0,N1,T2,Tumor Free,42.4105,1:PROGRESSION,No,Black or African American,Yes,12,1,Female,BRCA_LumB,0
0:LIVING,TCGA-A7-A26G-01,TCGA-A7-A26G,5ed024e8-d05e-4c65-9441-eda9930ccc82,23.7367,0:LIVING,0:LIVING,0:LIVING,0.977778,0.0222222,0.873378,0.126622,0.827326,0.172674,6,1,0,1,1,brca_tcga_pan_can_atlas_2018,10,Breast Cancer,Breast Invasive Carcinoma (NOS),0.249,0.3251,0.77,45,BRCNOS,Primary,Matched,417,Yes,No,Christiana Healthcare,A7,1.5,Breast,Other,50,STAGE IIA,-17,BRCA,722,-18362,0,23.7367,0:DiseaseFree,23.7367,0:ALIVE OR DEAD TUMOR FREE,Not Hispanic Or Latino,2011-08-10 00:00:00,AFR,No,C50.9,8575/3,C50.9,Yes,Yes,No,M0,N0 (I+),T2,,23.7367,0:CENSORED,No,Black or African American,No,6,1,Female,BRCA_Basal,-18
0:LIVING,TCGA-A7-A6VX-01,TCGA-A7-A6VX,7EEA2B6E-771F-44C0-9350-38F45C8DBE87,10.4218,0:LIVING,0:LIVING,0:LIVING,0.916667,0.0833333,0.876886,0.123114,0.827326,0.172674,6,1,0,1,0,brca_tcga_pan_can_atlas_2018,17,Breast Cancer,Breast Invasive Ductal Carcinoma,0.6347,0.355,1.31,119,IDC,Primary,Matched,264,Yes,No,Christiana Healthcare,A7,3.96667,Breast,Infiltrating Ductal Carcinoma,68,STAGE IIA,-11,BRCA,317,-25066,0,10.4218,0:DiseaseFree,10.4218,0:ALIVE OR DEAD TUMOR FREE,Not Hispanic Or Latino,2013-10-29 00:00:00,AFR,No,C50.9,8500/3,C50.9,Yes,Yes,No,M0,N0,T2,Tumor Free,10.4218,0:CENSORED,No,Black or African American,Yes,2,1,Female,BRCA_LumB,-6
0:LIVING,TCGA-A8-A06P-01,TCGA-A8-A06P,5f90d955-bbb0-4b44-a5ac-ba6fda9ca0fb,13.019,0:LIVING,0:LIVING,0:LIVING,1,0,0.865499,0.134501,0.703712,0.296288,6,0,0,0,0,brca_tcga_pan_can_atlas_2018,5,Breast Cancer,Breast Invasive Ductal Carcinoma,0.0945,0.2424,0.04,32,IDC,Primary,Matched,33,No,Yes,Indivumed,A8,1.06667,Breast,Infiltrating Ductal Carcinoma,63,STAGE IIIA,-19,BRCA,396,-23011,0,13.019,0:DiseaseFree,13.019,0:ALIVE OR DEAD TUMOR FREE,,2011-05-27 00:00:00,EUR,No,C50.9,8500/3,C50.9,Yes,Yes,,M0,N2A,T1C,Tumor Free,13.019,0:CENSORED,No,,Yes,-16,1,Female,BRCA_LumA,-18
0:LIVING,TCGA-A8-A081-01,TCGA-A8-A081,9d876f05-5080-4c4e-9bf5-45f631d381e5,0,0:LIVING,0:LIVING,0:LIVING,0.916667,0.0833333,0.854269,0.145731,0.694585,0.305415,6,1,0,1,0,brca_tcga_pan_can_atlas_2018,22,Breast Cancer,Breast Invasive Ductal Carcinoma,0.645,0.2701,0.84,108,IDC,Primary,Matched,181,No,Yes,Indivumed,A8,3.66667,Breast,Infiltrating Ductal Carcinoma,80,STAGE IIA,-9,BRCA,0,-29555,0,0,0:DiseaseFree,0,0:ALIVE OR DEAD TUMOR FREE,,2011-05-27 00:00:00,EUR,No,C50.9,8500/3,C50.9,Yes,Yes,,M0,N0,T2,Tumor Free,0,0:CENSORED,No,,,20,1,Female,BRCA_LumB,-16
0:LIVING,TCGA-A8-A082-01,TCGA-A8-A082,5e4187c9-98f8-4bdb-a8da-6a914e96f47a,18.0491,0:LIVING,0:LIVING,0:LIVING,1,0,0.873443,0.126557,0.664967,0.335033,6,0,0,0,0,brca_tcga_pan_can_atlas_2018,5,Breast Cancer,Breast Invasive Ductal Carcinoma,0.1231,0.2483,0.1,20,IDC,Primary,Matched,38,No,Yes,Indivumed,A8,0.666667,Breast,Infiltrating Ductal Carcinoma,58,STAGE IIB,-7,BRCA,-31,-21338,0,18.0491,0:DiseaseFree,18.0491,0:ALIVE OR DEAD TUMOR FREE,,2011-05-27 00:00:00,EUR,No,C50.9,8500/3,C50.9,Yes,Yes,No,M0,N1A,T2,Tumor Free,18.0491,0:CENSORED,No,,No,12,1,Female,BRCA_LumB,-16
0:LIVING,TCGA-A8-A083-01,TCGA-A8-A083,afb9418e-91eb-4db1-aacf-12bd946c9ba0,0,0:LIVING,0:LIVING,0:LIVING,1,0,0.865723,0.134277,0.72942,0.27058,6,0,0,0,0,brca_tcga_pan_can_atlas_2018,8,Breast Cancer,Breast Invasive Ductal Carcinoma,0.1819,0.2715,0.2,29,IDC,Primary,Matched,12,No,Yes,Indivumed,A8,0.966667,Breast,Infiltrating Ductal Carcinoma,67,STAGE IIB,-35,BRCA,0,-24746,0,0,0:DiseaseFree,0,0:ALIVE OR DEAD TUMOR FREE,,2011-05-27 00:00:00,EUR,No,C50.9,8500/3,C50.9,Yes,Yes,,M0,N0,T3,Tumor Free,0,0:CENSORED,No,,,-22,1,Female,BRCA_LumA,-42
0:LIVING,TCGA-A8-A08H-01,TCGA-A8-A08H,db8d38ab-cc61-49ee-863d-40060112f2af,0,0:LIVING,0:LIVING,0:LIVING,1,0,0.866922,0.133078,0.776182,0.223818,6,0,0,0,0,brca_tcga_pan_can_atlas_2018,0,Breast Cancer,Breast Invasive Ductal Carcinoma,0,0.2613,0.02,107,IDC,Primary,Matched,4,No,Yes,Indivumed,A8,3.56667,Breast,Infiltrating Ductal Carcinoma,66,STAGE IIA,-3,BRCA,0,-24137,0,0,0:DiseaseFree,0,0:ALIVE OR DEAD TUMOR FREE,,2011-05-27 00:00:00,EUR,No,C50.9,8500/3,C50.9,Yes,Yes,,M0,N0,T2,Tumor Free,0,0:CENSORED,No,,,12,1,Female,BRCA_Normal,-16
0:LIVING,TCGA-A8-A09B-01,TCGA-A8-A09B,3828b534-908e-4953-a3fb-07d01cf49c7d,11.9999,0:LIVING,0:LIVING,0:LIVING,1,0,0.869094,0.130906,0.863795,0.136205,6,0,0,0,0,brca_tcga_pan_can_atlas_2018,26,Breast Cancer,Breast Invasive Ductal Carcinoma,0.5104,0.2659,0.27,40,IDC,Primary,Matched,49,No,Yes,Indivumed,A8,1.33333,Breast,Infiltrating Ductal Carcinoma,58,STAGE IIIB,-37,BRCA,365,-21520,0,11.9999,0:DiseaseFree,11.9999,0:ALIVE OR DEAD TUMOR FREE,,2011-05-27 00:00:00,EUR,No,C50.9,8500/3,C50.9,Yes,Yes,,M0,N1A,T4B,Tumor Free,11.9999,0:CENSORED,No,,Yes,-6,1,Female,BRCA_LumA,-18
0:LIVING,TCGA-A8-A09D-01,TCGA-A8-A09D,36449392-de76-4ee9-bc09-627a07e18727,50.0378,0:LIVING,0:LIVING,0:LIVING,1,0,0.866128,0.133872,0.700195,0.299805,6,0,0,0,0,brca_tcga_pan_can_atlas_2018,4,Breast Cancer,Breast Invasive Ductal Carcinoma,0.2338,0.2589,0.16,35,IDC,Primary,Matched,351,No,Yes,Indivumed,A8,1.3,Breast,Infiltrating Ductal Carcinoma,47,STAGE IIB,-13,BRCA,1522,-17440,0,50.0378,0:DiseaseFree,50.0378,0:ALIVE OR DEAD TUMOR FREE,,2011-05-27 00:00:00,EUR,No,C50.9,8500/3,C50.9,Yes,Yes,No,M0,N1,T2,Tumor Free,50.0378,0:CENSORED,No,,Yes,2,1,Female,BRCA_LumA,-18
0:LIVING,TCGA-A8-A09R-01,TCGA-A8-A09R,cb0a2055-2168-4454-8755-47dd613db36f,8.97524,0:LIVING,0:LIVING,0:LIVING,0.98,0.02,0.849831,0.150169,0.70171,0.29829,6,0,0,0,0,brca_tcga_pan_can_atlas_2018,20,Breast Cancer,Breast Invasive Ductal Carcinoma,0.4749,,0.41,66,IDC,Primary,Matched,105,No,Yes,Indivumed,A8,2.16667,Breast,Infiltrating Ductal Carcinoma,82,STAGE IIB,-31,BRCA,273,-30196,0,8.97524,0:DiseaseFree,8.97524,0:ALIVE OR DEAD TUMOR FREE,,2011-05-27 00:00:00,EUR,No,C50.9,8500/3,C50.9,Yes,Yes,No,M0,N1,T2,Tumor Free,8.97524,0:CENSORED,No,,Yes,2,1,Female,BRCA_LumB,-24
0:LIVING,TCGA-A8-A0A6-01,TCGA-A8-A0A6,4b0d295c-e185-4b52-9752-178e5bc1d47d,21.0409,0:LIVING,0:LIVING,0:LIVING,1,0,0.862078,0.137922,0.765065,0.234935,6,0,0,0,0,brca_tcga_pan_can_atlas_2018,17,Breast Cancer,Breast Invasive Lobular Carcinoma,0.1429,0.2919,0.12,25,ILC,Primary,Matched,56,No,Yes,Indivumed,A8,0.866667,Breast,Infiltrating Lobular Carcinoma,64,STAGE IIIC,-39,BRCA,640,-23404,0,21.0409,0:DiseaseFree,21.0409,0:ALIVE OR DEAD TUMOR FREE,,2011-05-27 00:00:00,EUR,No,C50.9,8520/3,C50.9,Yes,Yes,No,M0,N3A,T2,Tumor Free,21.0409,0:CENSORED,No,,Yes,-18,1,Female,BRCA_LumA,-44
0:LIVING,TCGA-AC-A3YJ-01,TCGA-AC-A3YJ,86CF879E-3B40-44DD-AAA7-6F49F54A15D9,24.7888,0:LIVING,0:LIVING,0:LIVING,0.8,0.2,0.867563,0.132437,0.827326,0.172674,6,1,0,0,1,brca_tcga_pan_can_atlas_2018,1,Breast Cancer,Breast Invasive Carcinoma (NOS),0.0443,0.2942,0,17,BRCNOS,Primary,Matched,11,Yes,No,International Genomics Consortium,AC,0.566667,Breast,Other,66,STAGE IIA,-17,BRCA,754,-24439,0,24.7888,0:DiseaseFree,24.7888,0:ALIVE OR DEAD TUMOR FREE,Not Hispanic Or Latino,2012-10-03 00:00:00,EUR,No,C50.9,8050/3,C50.9,Yes,Yes,No,MX,N0 (I-),T2,Tumor Free,24.7888,0:CENSORED,No,White,No,-20,1,Female,BRCA_LumA,-18
0:LIVING,TCGA-AC-A4ZE-01,TCGA-AC-A4ZE,0CF0D67C-2F7F-42A6-94F3-407D0EC46C88,29.26,0:LIVING,0:LIVING,0:LIVING,0.9,0.1,0.885003,0.114997,0.827326,0.172674,6,0,0,0,0,brca_tcga_pan_can_atlas_2018,7,Breast Cancer,Breast Invasive Lobular Carcinoma,0.182,0.3411,0.43,45,ILC,Primary,Matched,49,Yes,No,International Genomics Consortium,AC,1.5,Breast,Infiltrating Lobular Carcinoma,63,STAGE IIB,-31,BRCA,890,-23284,0,29.26,0:DiseaseFree,29.26,0:ALIVE OR DEAD TUMOR FREE,Not Hispanic Or Latino,2015-06-09 00:00:00,EUR,No,C50.9,8520/3,C50.9,Yes,Yes,No,M0,N0,T3,Tumor Free,29.26,0:CENSORED,No,White,No,-2,1,Female,BRCA_LumA,-40
0:LIVING,TCGA-AC-A5XS-01,TCGA-AC-A5XS,D9627184-B972-4E00-8C11-B0B946AC357A,19.3313,0:LIVING,0:LIVING,0:LIVING,0.96,0.04,0.867568,0.132432,0.847856,0.152144,6,0,0,0,0,brca_tcga_pan_can_atlas_2018,9,Breast Cancer,Breast Invasive Lobular Carcinoma,0.2478,0.3059,0,400,ILC,Primary,Matched,42,Yes,No,International Genomics Consortium,AC,27.1333,Breast,Infiltrating Lobular Carcinoma,74,STAGE IIA,-9,BRCA,588,-27160,0,19.3313,0:DiseaseFree,19.3313,0:ALIVE OR DEAD TUMOR FREE,Not Hispanic Or Latino,2013-07-15 00:00:00,EUR,No,C50.9,8520/3,C50.9,Yes,Yes,No,MX,N0,T2,Tumor Free,19.3313,0:CENSORED,Yes,White,No,-10,1,Female,BRCA_LumA,-8
0:LIVING,TCGA-AC-A62X-01,TCGA-AC-A62X,5B2A4F11-CA46-4974-9420-59B4820920BF,13.7094,0:LIVING,0:LIVING,0:LIVING,0.977778,0.0222222,0.872739,0.127261,0.869921,0.130079,6,1,0,1,0,brca_tcga_pan_can_atlas_2018,29,Breast Cancer,Breast Invasive Ductal Carcinoma,0.5697,0.3234,0.68,53,IDC,Primary,Matched,58,Yes,No,International Genomics Consortium,AC,1.76667,Breast,Infiltrating Ductal Carcinoma,72,STAGE IIA,29,BRCA,417,-26627,0,13.7094,0:DiseaseFree,13.7094,0:ALIVE OR DEAD TUMOR FREE,Not Hispanic Or Latino,2013-10-21 00:00:00,AFR,No,C50.9,8500/3,C50.9,Yes,Yes,No,MX,N0,T2,Tumor Free,13.7094,0:CENSORED,Yes,Black or African American,No,16,1,Female,BRCA_Basal,14
0:LIVING,TCGA-AC-A62Y-01,TCGA-AC-A62Y,05AF737D-89AA-49B6-97B2-28B8AC8BD2CF,17.4245,0:LIVING,0:LIVING,0:LIVING,0.85,0.15,0.866154,0.133846,0.840293,0.159707,6,1,0,0,1,brca_tcga_pan_can_atlas_2018,22,Breast Cancer,Breast Invasive Lobular Carcinoma,0.4145,0.2991,0.02,56,ILC,Primary,Matched,51,Yes,No,International Genomics Consortium,AC,1.9,Breast,Infiltrating Lobular Carcinoma,79,STAGE IIB,-11,BRCA,530,-28876,0,,,17.4245,0:ALIVE OR DEAD TUMOR FREE,Not Hispanic Or Latino,2013-09-19 00:00:00,EUR,No,C50.9,8520/3,C50.9,Yes,Yes,No,MX,N1,T2,Tumor Free,17.4245,0:CENSORED,No,White,Yes,-12,1,Female,BRCA_LumA,-6
0:LIVING,TCGA-AC-A6NO-01,TCGA-AC-A6NO,8D9B50D1-139B-4447-AE9C-E54764D9E2A7,1.67669,0:LIVING,0:LIVING,0:LIVING,0.977778,0.0222222,0.899343,0.100657,0.827326,0.172674,6,0,0,0,0,brca_tcga_pan_can_atlas_2018,8,Breast Cancer,Breast Invasive Ductal Carcinoma,0.1481,0.331,0.01,26,IDC,Primary,Matched,4,Yes,No,International Genomics Consortium,AC,0.866667,Breast,Infiltrating Ductal Carcinoma,43,STAGE IIB,-29,BRCA,51,-15996,0,1.67669,0:DiseaseFree,1.67669,0:ALIVE OR DEAD TUMOR FREE,Not Hispanic Or Latino,2014-04-10 00:00:00,AFR_ADMIX,No,C50.9,8500/3,C50.9,Yes,Yes,No,MX,N1A,T2,Tumor Free,1.67669,0:CENSORED,No,Black or African American,,8,1,Female,BRCA_LumA,-14
0:LIVING,TCGA-AC-A7VB-01,TCGA-AC-A7VB,56230E4A-29CA-4F37-A0F9-730DBDFB6FA2,8.21909,0:LIVING,0:LIVING,0:LIVING,0.977778,0.0222222,0.891859,0.108141,0.854389,0.145611,6,0,0,0,0,brca_tcga_pan_can_atlas_2018,8,Breast Cancer,Breast Invasive Ductal Carcinoma,0.2511,0.3405,0.19,21,IDC,Primary,Matched,257,Yes,No,International Genomics Consortium,AC,0.733333,Breast,Infiltrating Ductal Carcinoma,51,STAGE IIA,-1,BRCA,250,-18806,0,8.21909,0:DiseaseFree,8.21909,0:ALIVE OR DEAD TUMOR FREE,Not Hispanic Or Latino,2014-02-26 00:00:00,AFR_ADMIX,No,C50.9,8500/3,C50.9,Yes,Yes,No,MX,N1A,T1C,Tumor Free,8.21909,0:CENSORED,No,Black or African American,Yes,4,1,Female,BRCA_LumB,-12
0:LIVING,TCGA-AN-A0FX-01,TCGA-AN-A0FX,13b860c3-8048-4dc9-9eb0-7480bc660837,0.328764,0:LIVING,0:LIVING,0:LIVING,1,0,0.87398,0.12602,0.827326,0.172674,6,1,0,1,0,brca_tcga_pan_can_atlas_2018,14,Breast Cancer,Breast Invasive Ductal Carcinoma,0.5402,0.3678,0.53,117,IDC,Primary,Matched,193,No,Yes,Cureline,AN,4,Breast,Infiltrating Ductal Carcinoma,52,STAGE IIA,17,BRCA,10,-19309,0,0.328764,0:DiseaseFree,0.328764,0:ALIVE OR DEAD TUMOR FREE,Not Hispanic Or Latino,2010-11-28 00:00:00,EUR,No,C50.9,8500/3,C50.9,Yes,Yes,,M0,N0,T2,Tumor Free,0.328764,0:CENSORED,No,White,No,12,1,Female,BRCA_Basal,24
0:LIVING,TCGA-AN-A0XT-01,TCGA-AN-A0XT,3e25056d-d137-49f5-abaa-f68509426600,0.328764,0:LIVING,0:LIVING,0:LIVING,1,0,0.875263,0.124737,0.890476,0.109524,6,1,0,1,0,brca_tcga_pan_can_atlas_2018,9,Breast Cancer,Breast Invasive Ductal Carcinoma,0.3076,0.2982,0.31,11,IDC,Primary,Matched,125,No,Yes,Cureline,AN,0.366667,Breast,Infiltrating Ductal Carcinoma,54,STAGE IIIA,-35,BRCA,10,-19794,0,0.328764,0:DiseaseFree,0.328764,0:ALIVE OR DEAD TUMOR FREE,Not Hispanic Or Latino,2011-03-28 00:00:00,EUR,No,C50.9,8500/3,C50.9,Yes,Yes,,M0,N2,T2,,0.328764,0:CENSORED,No,White,No,-14,1,Female,BRCA_LumA,-36
0:LIVING,TCGA-AO-A03R-01,TCGA-AO-A03R,2e82e576-3095-4aee-9853-65f676647c34,68.7445,0:LIVING,0:LIVING,0:LIVING,1,0,0.847218,0.152782,0.921566,0.0784342,6,1,0,1,0,brca_tcga_pan_can_atlas_2018,8,Breast Cancer,Breast Invasive Ductal Carcinoma,0.2442,0.2568,0.09,36,IDC,Primary,Matched,37,No,Yes,MSKCC,AO,1.23333,Breast,Infiltrating Ductal Carcinoma,57,STAGE IIB,9,BRCA,2091,-20930,0,68.7445,0:DiseaseFree,68.7445,0:ALIVE OR DEAD TUMOR FREE,Not Hispanic Or Latino,2010-09-19 00:00:00,EUR,No,C50.9,8500/3,C50.9,Yes,Yes,No,M0,N1A,T2,Tumor Free,68.7445,0:CENSORED,No,White,Yes,4,1,Female,BRCA_Normal,-4
0:LIVING,TCGA-AO-A03V-01,TCGA-AO-A03V,a6cb373a-1604-4e25-bd81-da6c3e4f06ee,44.416,0:LIVING,0:LIVING,0:LIVING,1,0,0.874749,0.125251,0.90761,0.0923904,6,1,0,1,0,brca_tcga_pan_can_atlas_2018,7,Breast Cancer,Breast Invasive Ductal Carcinoma,0.3132,0.2742,0.23,51,IDC,Primary,Matched,302,No,Yes,MSKCC,AO,1.7,Breast,Infiltrating Ductal Carcinoma,41,STAGE I,-21,BRCA,886,-15284,0,44.416,0:DiseaseFree,44.416,0:ALIVE OR DEAD TUMOR FREE,Not Hispanic Or Latino,2011-01-09 00:00:00,EUR,No,C50.9,8500/3,C50.9,Yes,Yes,,M0,N0 (I-),T1C,Tumor Free,44.416,0:CENSORED,No,White,No,-8,1,Female,BRCA_LumA,-18
0:LIVING,TCGA-AO-A0J4-01,TCGA-AO-A0J4,a9b7d7fe-be31-4f71-afee-c1bfdf511888,52.1748,0:LIVING,0:LIVING,0:LIVING,0.9,0.1,0.866309,0.133691,0.789304,0.210696,6,1,0,1,0,brca_tcga_pan_can_atlas_2018,19,Breast Cancer,Breast Invasive Ductal Carcinoma,0.4434,0.2752,0.14,101,IDC,Primary,Matched,159,No,Yes,MSKCC,AO,3.46667,Breast,Infiltrating Ductal Carcinoma,41,STAGE IA,23,BRCA,1587,-15052,0,52.1748,0:DiseaseFree,52.1748,0:ALIVE OR DEAD TUMOR FREE,Not Hispanic Or Latino,2010-09-19 00:00:00,AFR,No,C50.9,8500/3,C50.9,Yes,Yes,No,M0,N0 (I-),T1C,Tumor Free,52.1748,0:CENSORED,No,Black or African American,Yes,20,1,Female,BRCA_Basal,20
1:DECEASED,TCGA-AO-A0J5-01,TCGA-AO-A0J5,c1442467-d618-435f-8792-b1a18f696f1a,26.0381,1:DECEASED,0:LIVING,0:LIVING,0.183333,0.816667,0.870704,0.129296,0.828011,0.171989,6,1,1,0,0,brca_tcga_pan_can_atlas_2018,3,Breast Cancer,Breast Invasive Carcinoma (NOS),0.1273,0.277,0.12,54,BRCNOS,Primary,Matched,111,No,Yes,MSKCC,AO,1.76667,Breast,Other,48,STAGE IV,-33,BRCA,705,-17815,0,,,26.0381,1:DEAD WITH TUMOR,Not Hispanic Or Latino,2010-12-07 00:00:00,EUR,Yes,C50.9,8523/3,C50.9,Yes,Yes,No,M1,N1A,T4,With Tumor,26.0381,1:PROGRESSION,No,White,Yes,2,1,Female,BRCA_LumA,-48
0:LIVING,TCGA-AO-A0JA-01,TCGA-AO-A0JA,86b7b206-8e69-432d-acc9-bccce710955e,21.534,0:LIVING,0:LIVING,0:LIVING,0.781111,0.218889,0.879422,0.120578,0.869264,0.130736,6,1,0,0,1,brca_tcga_pan_can_atlas_2018,10,Breast Cancer,Breast Invasive Ductal Carcinoma,0.3029,0.2673,0.11,19,IDC,Primary,Matched,60,No,Yes,MSKCC,AO,0.7,Breast,Infiltrating Ductal Carcinoma,36,STAGE IIIC,-33,BRCA,655,-13307,0,4.70132,1:Recurred/Progressed,21.534,0:ALIVE OR DEAD TUMOR FREE,Not Hispanic Or Latino,2010-09-19 00:00:00,AFR_ADMIX,No,C50.9,8500/3,C50.9,Yes,Yes,Yes,M0,N3,T2,With Tumor,4.70132,1:PROGRESSION,No,Black or African American,No,8,1,Female,BRCA_LumA,-26
0:LIVING,TCGA-AO-A0JE-01,TCGA-AO-A0JE,36fe6152-f61e-4948-9ccc-23ac01a9d77d,76.7663,0:LIVING,0:LIVING,0:LIVING,0.8,0.2,0.84775,0.15225,0.863374,0.136626,6,1,0,1,0,brca_tcga_pan_can_atlas_2018,12,Breast Cancer,Breast Invasive Ductal Carcinoma,0.3619,0.2746,0.15,45,IDC,Primary,Matched,259,No,Yes,MSKCC,AO,1.5,Breast,Infiltrating Ductal Carcinoma,53,STAGE IIIA,-5,BRCA,2335,-19516,0,,,76.7663,0:ALIVE OR DEAD TUMOR FREE,Not Hispanic Or Latino,2010-09-20 00:00:00,AFR,No,C50.9,8500/3,C50.9,Yes,Yes,No,M0,N2A,T2,Tumor Free,76.7663,0:CENSORED,No,Black or African American,Yes,14,1,Female,BRCA_Her2,8
0:LIVING,TCGA-AO-A12H-01,TCGA-AO-A12H,b5b99291-507e-4b68-a039-9a0f571f55df,40.5694,0:LIVING,0:LIVING,0:LIVING,0.84,0.16,0.847294,0.152706,0.832238,0.167762,6,0,0,0,0,brca_tcga_pan_can_atlas_2018,0,Breast Cancer,Breast Invasive Carcinoma (NOS),0,0.2725,0.02,21,BRCNOS,Primary,Matched,4,No,Yes,MSKCC,AO,0.7,Breast,Other,69,STAGE IIA,-27,BRCA,1234,-25515,0,40.5694,0:DiseaseFree,40.5694,0:ALIVE OR DEAD TUMOR FREE,Not Hispanic Or Latino,2010-12-08 00:00:00,AFR,No,C50.9,8523/3,C50.9,Yes,Yes,No,M0,N0 (I-),T2,Tumor Free,40.5694,0:CENSORED,No,Black or African American,No,-14,1,Female,BRCA_LumA,-38
0:LIVING,TCGA-AO-A1KS-01,TCGA-AO-A1KS,bb8d42d3-ad65-4d88-ae1d-f9aadfc7962d,11.5067,0:LIVING,0:LIVING,0:LIVING,1,0,0.863337,0.136663,0.880239,0.119761,6,1,0,1,0,brca_tcga_pan_can_atlas_2018,24,Breast Cancer,Breast Invasive Lobular Carcinoma,0.4859,0.3351,0.26,33,ILC,Primary,Matched,119,No,Yes,MSKCC,AO,1.1,Breast,Infiltrating Lobular Carcinoma,69,STAGE IIA,-15,BRCA,16,-25230,0,11.5067,0:DiseaseFree,11.5067,0:ALIVE OR DEAD TUMOR FREE,Not Hispanic Or Latino,2011-04-01 00:00:00,EUR,No,C50.9,8520/3,C50.9,Yes,Yes,,M0,N0 (I-),T2,Tumor Free,11.5067,0:CENSORED,No,White,Yes,4,1,Female,BRCA_LumB,-18
0:LIVING,TCGA-AO-A1KT-01,TCGA-AO-A1KT,1f8f87cb-8a0b-474c-97fb-c71b4fd88d97,17.7861,0:LIVING,0:LIVING,0:LIVING,0.98,0.02,0.849529,0.150471,0.91095,0.08905,6,0,0,0,0,brca_tcga_pan_can_atlas_2018,11,Breast Cancer,Breast Invasive Ductal Carcinoma,0.3513,0.3339,0.96,35,IDC,Primary,Matched,69,No,Yes,MSKCC,AO,1.16667,Breast,Infiltrating Ductal Carcinoma,78,STAGE IIA,23,BRCA,541,-28660,0,17.7861,0:DiseaseFree,17.7861,0:ALIVE OR DEAD TUMOR FREE,Not Hispanic Or Latino,2011-04-01 00:00:00,EUR,No,C50.9,8500/3,C50.9,Yes,Yes,,M0,N1,T1,Tumor Free,17.7861,0:CENSORED,,White,Yes,20,1,Female,BRCA_LumB,34
0:LIVING,TCGA-AR-A0TS-01,TCGA-AR-A0TS,972447aa-4332-47e7-bddd-2eb699dbb664,84.0977,0:LIVING,0:LIVING,0:LIVING,1,0,0.854465,0.145535,0.770961,0.229039,6,1,0,1,0,brca_tcga_pan_can_atlas_2018,14,Breast Cancer,Breast Invasive Ductal Carcinoma,0.0895,0.2793,0,69,IDC,Primary,Matched,103,No,Yes,Mayo,AR,2.3,Breast,Infiltrating Ductal Carcinoma,46,STAGE IIB,-19,BRCA,2558,-17141,0,84.0977,0:DiseaseFree,84.0977,0:ALIVE OR DEAD TUMOR FREE,Not Hispanic Or Latino,2011-03-08 00:00:00,EUR,No,C50.9,8500/3,C50.9,Yes,Yes,No,M0,N1,T2,,84.0977,0:CENSORED,No,White,Yes,6,1,Female,BRCA_Basal,-30
0:LIVING,TCGA-AR-A0TW-01,TCGA-AR-A0TW,8da3d6cf-381b-4d1b-93fa-41fd9d2b2e66,98.9249,0:LIVING,0:LIVING,0:LIVING,0.635714,0.364286,0.846408,0.153592,0.832225,0.167775,6,1,1,0,0,brca_tcga_pan_can_atlas_2018,16,Breast Cancer,Breast Invasive Ductal Carcinoma,0.4849,0.2729,0.2,48,IDC,Primary,Matched,436,No,Yes,Mayo,AR,1.6,Breast,Infiltrating Ductal Carcinoma,50,STAGE IIIA,-3,BRCA,3009,-18263,0,24.2956,1:Recurred/Progressed,98.9249,0:ALIVE OR DEAD TUMOR FREE,Not Hispanic Or Latino,2011-03-10 00:00:00,EUR,No,C50.9,8500/3,C50.9,Yes,Yes,No,M0,N1,T3,,24.2956,1:PROGRESSION,No,White,No,-8,1,Female,BRCA_LumA,-2
0:LIVING,TCGA-AR-A1AK-01,TCGA-AR-A1AK,94b03e1d-50ec-4680-bffd-7086d1536ff2,103.856,0:LIVING,0:LIVING,0:LIVING,1,0,0.827172,0.172828,0.865557,0.134443,6,0,0,0,0,brca_tcga_pan_can_atlas_2018,14,Breast Cancer,Breast Invasive Lobular Carcinoma,0.2941,0.2496,0.07,57,ILC,Primary,Matched,34,No,Yes,Mayo,AR,1.93333,Breast,Infiltrating Lobular Carcinoma,70,STAGE I,-27,BRCA,3159,-25825,0,103.856,0:DiseaseFree,103.856,0:ALIVE OR DEAD TUMOR FREE,Not Hispanic Or Latino,2011-06-15 00:00:00,EUR,No,C50.9,8520/3,C50.9,Yes,Yes,No,M0,N0,T1,Tumor Free,103.856,0:CENSORED,No,White,No,2,1,Female,BRCA_LumA,-26
1:DECEASED,TCGA-B6-A0IB-01,TCGA-B6-A0IB,157ec9e0-ca6e-4da1-9233-f976cf0db433,129.566,1:DECEASED,0:LIVING,0:LIVING,0.133333,0.866667,0.847702,0.152298,0.703881,0.296119,6,1,0,0,1,brca_tcga_pan_can_atlas_2018,21,Breast Cancer,Breast Invasive Ductal Carcinoma,0.5461,0.278,0.25,66,IDC,Primary,Matched,32,No,Yes,Duke,B6,2.2,Breast,Infiltrating Ductal Carcinoma,64,STAGE IV,-5,BRCA,,-23646,0,,,129.566,1:DEAD WITH TUMOR,Not Hispanic Or Latino,2010-11-02 00:00:00,EUR,No,C50.9,8500/3,C50.9,Yes,Yes,Yes,M1,N3,T3,With Tumor,89.325,1:PROGRESSION,No,White,No,12,1,Female,BRCA_LumB,-2
1:DECEASED,TCGA-B6-A0IC-01,TCGA-B6-A0IC,b804f7ae-da8f-4414-be11-f880f1859160,50.6953,1:DECEASED,0:LIVING,0:LIVING,0.432143,0.567857,0.823495,0.176505,0.799978,0.200022,6,0,0,0,0,brca_tcga_pan_can_atlas_2018,4,Breast Cancer,Breast Invasive Carcinoma (NOS),0.0787,0.269,0.11,29,BRCNOS,Primary,Matched,30,No,Yes,Duke,B6,1,Breast,Other,90,STAGE X,-35,BRCA,,-32872,0,50.6953,0:DiseaseFree,50.6953,0:ALIVE OR DEAD TUMOR FREE,Not Hispanic Or Latino,2010-11-02 00:00:00,EUR,No,C50.9,8503/3,C50.9,Yes,Yes,No,MX,NX,T2,,50.6953,0:CENSORED,No,White,No,-10,1,Female,BRCA_LumA,-44
1:DECEASED,TCGA-B6-A0IN-01,TCGA-B6-A0IN,16a8d916-ad46-4690-b1a5-3b2b323f4336,84.5909,1:DECEASED,0:LIVING,0:LIVING,0,1,0.864072,0.135928,0.716108,0.283892,6,0,0,0,0,brca_tcga_pan_can_atlas_2018,7,Breast Cancer,Breast Invasive Carcinoma (NOS),0.2325,0.2872,0.12,29,BRCNOS,Primary,Matched,257,No,Yes,Duke,B6,0.966667,Breast,Other,45,STAGE X,7,BRCA,,-16705,0,46.4214,1:Recurred/Progressed,84.5909,1:DEAD WITH TUMOR,Not Hispanic Or Latino,2010-11-02 00:00:00,EUR,No,C50.9,8523/3,C50.9,Yes,Yes,Yes,MX,NX,T1C,With Tumor,46.4214,1:PROGRESSION,No,White,No,0,1,Female,BRCA_LumB,-8
0:LIVING,TCGA-B6-A0RI-01,TCGA-B6-A0RI,bfd55808-dddd-44c3-97d7-41600497b992,234.277,1:DECEASED,0:LIVING,0:LIVING,0.32,0.68,0.79685,0.20315,0.8175,0.1825,6,0,0,0,0,brca_tcga_pan_can_atlas_2018,3,Breast Cancer,Breast Invasive Ductal Carcinoma,0.0928,0.2565,0.02,20,IDC,Primary,Matched,19,No,Yes,Duke,B6,0.666667,Breast,Infiltrating Ductal Carcinoma,44,STAGE IIIB,-15,BRCA,7126,-16138,0,36.164,1:Recurred/Progressed,234.277,0:ALIVE OR DEAD TUMOR FREE,Not Hispanic Or Latino,2010-11-02 00:00:00,EUR,No,C50.9,8500/3,C50.9,Yes,Yes,Yes,M0,N1B,T4B,With Tumor,36.164,1:PROGRESSION,No,White,Yes,12,1,Female,BRCA_LumA,-18
1:DECEASED,TCGA-B6-A0RQ-01,TCGA-B6-A0RQ,caa9b533-24b4-4ecd-9159-c165de049f6a,140.283,1:DECEASED,0:LIVING,0:LIVING,0.486667,0.513333,0.847091,0.152909,0.72511,0.27489,6,0,0,0,0,brca_tcga_pan_can_atlas_2018,,Breast Cancer,Breast Invasive Lobular Carcinoma,0.0134,0.2823,0.02,41,ILC,Primary,Matched,2,No,Yes,Duke,B6,1.36667,Breast,Infiltrating Lobular Carcinoma,68,STAGE IIB,-39,BRCA,,-25010,0,140.283,0:DiseaseFree,140.283,0:ALIVE OR DEAD TUMOR FREE,Not Hispanic Or Latino,2011-03-15 00:00:00,EUR,No,C50.9,8520/3,C50.9,Yes,Yes,No,M0,N0 (I-),T3,Tumor Free,140.283,0:CENSORED,No,White,No,-22,1,Female,BRCA_Normal,-52
0:LIVING,TCGA-3C-AAAU-01,TCGA-3C-AAAU,6E7D5EC6-A469-467C-B748-237353C23416,133.051,0:LIVING,0:LIVING,0:LIVING,0.720833,0.279167,0.807132,0.192868,0.820268,0.179732,7,0,0,0,0,brca_tcga_pan_can_atlas_2018,19,Breast Cancer,Breast Invasive Lobular Carcinoma,0.7787,0.3319,0.55,24,ILC,Primary,Matched,205,No,Yes,Columbia University,3C,0.8,Breast,Infiltrating Lobular Carcinoma,55,STAGE X,-21,BRCA,4047,-20211,0,59.4404,1:Recurred/Progressed,133.051,0:ALIVE OR DEAD TUMOR FREE,Not Hispanic Or Latino,2014-01-13 00:00:00,EUR,No,C50.9,8520/3,C50.9,Yes,Yes,No,MX,NX,TX,With Tumor,59.4404,1:PROGRESSION,No,White,No,0,1,Female,BRCA_LumA,-28
0:LIVING,TCGA-A2-A0CP-01,TCGA-A2-A0CP,fe15c48b-116d-461e-9b40-68514730fd18,92.4812,0:LIVING,0:LIVING,0:LIVING,1,0,0.845882,0.154118,0.820268,0.179732,7,0,0,0,0,brca_tcga_pan_can_atlas_2018,5,Breast Cancer,Breast Invasive Ductal Carcinoma,0.087,0.273,0.04,35,IDC,Primary,Matched,3,No,Yes,Walter Reed,A2,1.23333,Breast,Infiltrating Ductal Carcinoma,60,STAGE IA,-21,BRCA,2813,-22133,0,92.4812,0:DiseaseFree,92.4812,0:ALIVE OR DEAD TUMOR FREE,Not Hispanic Or Latino,2010-09-08 00:00:00,EUR,No,C50.9,8500/3,C50.9,Yes,Yes,No,M0,N0 (I-),T1C,Tumor Free,92.4812,0:CENSORED,No,White,Yes,-14,1,Female,BRCA_LumA,-12
0:LIVING,TCGA-A2-A0EQ-01,TCGA-A2-A0EQ,2192c1db-4718-4254-ba42-3ae7f30ad5a8,79.758,0:LIVING,0:LIVING,0:LIVING,0.975,0.025,0.891642,0.108358,0.820268,0.179732,7,1,0,1,0,brca_tcga_pan_can_atlas_2018,21,Breast Cancer,Breast Invasive Ductal Carcinoma,0.2545,0.272,0.11,212,IDC,Primary,Matched,149,No,Yes,Walter Reed,A2,7.1,Breast,Infiltrating Ductal Carcinoma,64,STAGE IIA,-1,BRCA,2426,-23543,0,79.758,0:DiseaseFree,79.758,0:ALIVE OR DEAD TUMOR FREE,Not Hispanic Or Latino,2010-08-11 00:00:00,AFR,No,C50.9,8500/3,C50.9,Yes,Yes,No,M0,N0 (I-),T2,Tumor Free,79.758,0:CENSORED,No,Black or African American,Yes,20,1,Female,BRCA_Her2,-16
0:LIVING,TCGA-A2-A0T4-01,TCGA-A2-A0T4,b0f8d698-a30e-4d8d-b0a2-a5a01fac8406,20.5148,0:LIVING,0:LIVING,0:LIVING,1,0,0.862569,0.137431,0.820268,0.179732,7,0,0,0,0,brca_tcga_pan_can_atlas_2018,7,Breast Cancer,Breast Invasive Lobular Carcinoma,0.2209,0.3097,0.01,31,ILC,Primary,Matched,65,No,Yes,Walter Reed,A2,1.03333,Breast,Infiltrating Lobular Carcinoma,62,STAGE IIA,-11,BRCA,624,-22849,0,20.5148,0:DiseaseFree,20.5148,0:ALIVE OR DEAD TUMOR FREE,Not Hispanic Or Latino,2010-11-17 00:00:00,EUR,No,C50.9,8520/3,C50.9,Yes,Yes,No,M0,N0 (I-),T2,Tumor Free,20.5148,0:CENSORED,No,White,No,12,1,Female,BRCA_LumA,-16
0:LIVING,TCGA-A2-A0T6-01,TCGA-A2-A0T6,08306ede-e74b-4be9-b768-7fd98647b6ac,18.9039,0:LIVING,0:LIVING,0:LIVING,1,0,0.878049,0.121951,0.820268,0.179732,7,0,0,0,0,brca_tcga_pan_can_atlas_2018,6,Breast Cancer,Breast Invasive Lobular Carcinoma,0.1161,0.2844,0.04,17,ILC,Primary,Matched,7,No,Yes,Walter Reed,A2,0.566667,Breast,Infiltrating Lobular Carcinoma,50,STAGE IIB,-39,BRCA,575,-18334,0,18.9039,0:DiseaseFree,18.9039,0:ALIVE OR DEAD TUMOR FREE,Not Hispanic Or Latino,2010-11-17 00:00:00,EUR,No,C50.9,8520/3,C50.9,Yes,Yes,No,M0,N0 (I-),T3,Tumor Free,18.9039,0:CENSORED,No,White,Yes,-16,1,Female,BRCA_LumA,-44
0:LIVING,TCGA-A2-A1FW-01,TCGA-A2-A1FW,54883111-d475-4515-ba3f-fece8a71e79e,17.3587,0:LIVING,0:LIVING,0:LIVING,1,0,0.821863,0.178137,0.820268,0.179732,7,0,0,0,0,brca_tcga_pan_can_atlas_2018,21,Breast Cancer,Breast Invasive Ductal Carcinoma,0.6055,0.3305,0.89,60,IDC,Primary,Matched,441,Yes,No,Walter Reed,A2,2.03333,Breast,Infiltrating Ductal Carcinoma,62,STAGE IIIA,-9,BRCA,528,-22779,0,17.3587,0:DiseaseFree,17.3587,0:ALIVE OR DEAD TUMOR FREE,Not Hispanic Or Latino,2011-05-11 00:00:00,EUR,No,C50.9,8500/3,C50.9,Yes,Yes,No,M0,N2A,T3,Tumor Free,17.3587,0:CENSORED,No,White,Yes,10,1,Female,BRCA_LumB,-10
0:LIVING,TCGA-A2-A1FZ-01,TCGA-A2-A1FZ,805bfe39-3695-43c2-93e4-d66d0559b89f,22.4545,0:LIVING,0:LIVING,0:LIVING,0.825,0.175,0.873017,0.126983,0.820268,0.179732,7,0,0,0,0,brca_tcga_pan_can_atlas_2018,2,Breast Cancer,Breast Invasive Ductal Carcinoma,0.1009,0.3362,0.06,26,IDC,Primary,Matched,10,Yes,No,Walter Reed,A2,0.866667,Breast,Infiltrating Ductal Carcinoma,63,STAGE IIA,-43,BRCA,683,-23055,0,22.4545,0:DiseaseFree,22.4545,0:ALIVE OR DEAD TUMOR FREE,Not Hispanic Or Latino,2011-04-21 00:00:00,EUR,No,C50.9,8500/3,C50.9,Yes,Yes,No,M0,N0 (I-),T2,Tumor Free,22.4545,0:CENSORED,No,White,No,-8,1,Female,BRCA_LumA,-38
0:LIVING,TCGA-A2-A25D-01,TCGA-A2-A25D,3b963d72-ba5c-467b-83c9-fbdb462510a3,18.1477,0:LIVING,0:LIVING,0:LIVING,0.82,0.18,0.844965,0.155035,0.820268,0.179732,7,0,0,0,0,brca_tcga_pan_can_atlas_2018,7,Breast Cancer,Breast Invasive Lobular Carcinoma,0.2363,0.3005,0,49,ILC,Primary,Matched,134,Yes,No,Walter Reed,A2,1.7,Breast,Infiltrating Lobular Carcinoma,90,STAGE IIIC,-9,BRCA,552,-32872,0,,,18.1477,0:ALIVE OR DEAD TUMOR FREE,Not Hispanic Or Latino,2011-06-21 00:00:00,EUR,No,C50.9,8520/3,C50.9,Yes,Yes,No,M0,N3A,T2,Tumor Free,18.1477,0:CENSORED,No,White,Yes,6,1,Female,BRCA_LumA,-10
0:LIVING,TCGA-A2-A25F-01,TCGA-A2-A25F,c836951b-3ffb-4e20-8504-0eccb7d50dd4,10.5862,0:LIVING,0:LIVING,0:LIVING,0.9,0.1,0.865278,0.134722,0.820268,0.179732,7,0,0,0,0,brca_tcga_pan_can_atlas_2018,,Breast Cancer,Breast Invasive Ductal Carcinoma,0.0021,0.3314,0.55,6,IDC,Primary,Matched,11,Yes,No,Walter Reed,A2,0.166667,Breast,Infiltrating Ductal Carcinoma,66,STAGE IIA,1,BRCA,322,-24319,0,10.5862,0:DiseaseFree,10.5862,0:ALIVE OR DEAD TUMOR FREE,Not Hispanic Or Latino,2011-07-26 00:00:00,EUR,No,C50.9,8500/3,C50.9,Yes,Yes,No,M0,N0 (I-),T2,Tumor Free,10.5862,0:CENSORED,No,White,Yes,12,1,Female,BRCA_Basal,-28
1:DECEASED,TCGA-A2-A3XX-01,TCGA-A2-A3XX,53886143-C1C6-40E9-88E6-E4E5E0271FC8,47.3091,0:LIVING,0:LIVING,0:LIVING,0.9,0.1,0.87321,0.12679,0.820268,0.179732,7,1,0,1,0,brca_tcga_pan_can_atlas_2018,23,Breast Cancer,Breast Invasive Ductal Carcinoma,0.555,0.3153,0.21,32,IDC,Primary,Matched,76,Yes,No,Walter Reed,A2,1.1,Breast,Infiltrating Ductal Carcinoma,49,STAGE IIA,25,BRCA,1168,-17981,0,47.3091,0:DiseaseFree,47.3091,0:ALIVE OR DEAD TUMOR FREE,Not Hispanic Or Latino,2012-08-15 00:00:00,AFR,No,C50.9,8500/3,C50.9,Yes,Yes,No,M0,N0,T2,Tumor Free,47.3091,0:CENSORED,No,Black or African American,No,14,1,Female,BRCA_Basal,2
0:LIVING,TCGA-A7-A0CD-01,TCGA-A7-A0CD,09765b0a-94f6-47d2-af56-93368084ac3a,38.301,0:LIVING,0:LIVING,0:LIVING,0.983333,0.0166667,0.858384,0.141616,0.820268,0.179732,7,0,0,0,0,brca_tcga_pan_can_atlas_2018,27,Breast Cancer,Breast Invasive Ductal Carcinoma,0.5843,0.2652,0.63,22,IDC,Primary,Matched,8,Yes,No,Christiana Healthcare,A7,0.733333,Breast,Infiltrating Ductal Carcinoma,66,STAGE I,-29,BRCA,1165,-24242,0,38.301,0:DiseaseFree,38.301,0:ALIVE OR DEAD TUMOR FREE,Not Hispanic Or Latino,2010-10-05 00:00:00,EUR,No,C50.9,8500/3,C50.9,Yes,Yes,No,M0,N0,T1,Tumor Free,38.301,0:CENSORED,Yes,White,Yes,-4,1,Female,BRCA_LumA,-28
0:LIVING,TCGA-A7-A26F-01,TCGA-A7-A26F,3b7b9c1e-a84c-47ed-983c-9e4b00cbf01a,24.2627,0:LIVING,0:LIVING,0:LIVING,0.942857,0.0571429,0.872408,0.127592,0.820268,0.179732,7,1,0,1,1,brca_tcga_pan_can_atlas_2018,9,Breast Cancer,Breast Invasive Carcinoma (NOS),0.3177,0.3293,1.3,39,BRCNOS,Primary,Matched,54,Yes,No,Christiana Healthcare,A7,1.23333,Breast,Other,55,STAGE IA,17,BRCA,738,-20210,0,24.2627,0:DiseaseFree,24.2627,0:ALIVE OR DEAD TUMOR FREE,Not Hispanic Or Latino,2011-08-08 00:00:00,EUR,No,C50.9,8575/3,C50.9,Yes,Yes,No,M0,N0,T1,,24.2627,0:CENSORED,Yes,White,Yes,14,1,Female,BRCA_Basal,16
0:LIVING,TCGA-A7-A4SD-01,TCGA-A7-A4SD,8C09F413-E938-4F2E-A414-84F0E7FCFE41,14.4985,0:LIVING,0:LIVING,0:LIVING,0.925,0.075,0.863432,0.136568,0.820268,0.179732,7,1,0,1,1,brca_tcga_pan_can_atlas_2018,20,Breast Cancer,Breast Invasive Ductal Carcinoma,0.3712,0.3243,0.21,44,IDC,Primary,Matched,241,Yes,No,Christiana Healthcare,A7,2.96667,Breast,Infiltrating Ductal Carcinoma,52,STAGE IIA,27,BRCA,441,-19131,0,14.4985,0:DiseaseFree,14.4985,0:ALIVE OR DEAD TUMOR FREE,Not Hispanic Or Latino,2013-02-19 00:00:00,AFR,No,C50.9,8500/3,C50.9,Yes,Yes,No,M0,N0,T2,Tumor Free,14.4985,0:CENSORED,No,Black or African American,No,22,1,Female,BRCA_Basal,30
0:LIVING,TCGA-A7-A5ZX-01,TCGA-A7-A5ZX,BA80DB4E-D899-4DA4-AE49-5263D98E1530,11.0465,0:LIVING,0:LIVING,0:LIVING,0.828333,0.171667,0.898948,0.101052,0.820268,0.179732,7,0,0,0,0,brca_tcga_pan_can_atlas_2018,3,Breast Cancer,Breast Invasive Lobular Carcinoma,0.0684,0.2904,0,31,ILC,Primary,Matched,28,Yes,No,Christiana Healthcare,A7,2.06667,Breast,Infiltrating Lobular Carcinoma,48,STAGE IIIC,-35,BRCA,336,-17683,0,,,11.0465,0:ALIVE OR DEAD TUMOR FREE,Not Hispanic Or Latino,2013-05-13 00:00:00,EUR,No,C50.9,8520/3,C50.9,Yes,Yes,No,M0,N3A,T2,Tumor Free,11.0465,0:CENSORED,Yes,White,Yes,-16,1,Female,BRCA_LumA,-32
0:LIVING,TCGA-A7-A6VY-01,TCGA-A7-A6VY,E8EA576B-EB16-44F7-B241-DAEFC1375388,8.74511,0:LIVING,0:LIVING,0:LIVING,0.908333,0.0916667,0.89069,0.10931,0.820268,0.179732,7,1,0,1,0,brca_tcga_pan_can_atlas_2018,7,Breast Cancer,Breast Invasive Ductal Carcinoma,0.4614,0.3463,0.26,92,IDC,Primary,Matched,218,Yes,No,Christiana Healthcare,A7,3.16667,Breast,Infiltrating Ductal Carcinoma,48,STAGE IIB,43,BRCA,266,-17640,0,8.74511,0:DiseaseFree,8.74511,0:ALIVE OR DEAD TUMOR FREE,Not Hispanic Or Latino,2013-10-25 00:00:00,AFR_ADMIX,No,C50.9,8500/3,C50.9,Yes,Yes,No,M0,N1,T2,Tumor Free,8.74511,0:CENSORED,No,Black or African American,Yes,22,1,Female,BRCA_Basal,42
0:LIVING,TCGA-A8-A07L-01,TCGA-A8-A07L,e89a9deb-6321-4e61-b412-b4993d4277dd,32.0544,0:LIVING,0:LIVING,0:LIVING,0.975,0.025,0.853069,0.146931,0.57534,0.42466,7,0,0,0,0,brca_tcga_pan_can_atlas_2018,5,Breast Cancer,Breast Invasive Ductal Carcinoma,0.4588,0.2776,1.33,81,IDC,Primary,Matched,274,No,Yes,Indivumed,A8,2.66667,Breast,Infiltrating Ductal Carcinoma,58,STAGE IIIA,1,BRCA,975,-21428,0,32.0544,0:DiseaseFree,32.0544,0:ALIVE OR DEAD TUMOR FREE,,2011-05-27 00:00:00,EUR,No,C50.9,8500/3,C50.9,Yes,Yes,No,M0,N1A,T3,Tumor Free,32.0544,0:CENSORED,No,,Yes,6,1,Female,BRCA_LumB,12
0:LIVING,TCGA-A8-A09W-01,TCGA-A8-A09W,452672e8-b6d9-45b5-bb02-e88e03e2dd66,0.986291,0:LIVING,0:LIVING,0:LIVING,0.92,0.08,0.880441,0.119559,0.878685,0.121315,7,0,0,0,0,brca_tcga_pan_can_atlas_2018,7,Breast Cancer,Breast Invasive Lobular Carcinoma,0.3816,0.2509,0.52,80,ILC,Primary,Matched,111,No,Yes,Indivumed,A8,2.7,Breast,Infiltrating Lobular Carcinoma,70,STAGE IIIB,5,BRCA,30,-25659,0,,,0.986291,0:ALIVE OR DEAD TUMOR FREE,,2011-05-27 00:00:00,EUR,No,C50.9,8520/3,C50.9,Yes,Yes,,M0,N3,T2,,0.986291,0:CENSORED,No,,,12,1,Female,BRCA_LumB,8
0:LIVING,TCGA-AC-A23C-01,TCGA-AC-A23C,dfd0b7ba-c7d3-498e-b455-346301865452,19.2327,0:LIVING,0:LIVING,0:LIVING,1,0,0.881036,0.118964,0.820268,0.179732,7,1,0,1,1,brca_tcga_pan_can_atlas_2018,4,Breast Cancer,Breast Invasive Ductal Carcinoma,0.1676,0.3232,0.77,111,IDC,Primary,Matched,196,No,Yes,International Genomics Consortium,AC,3.73333,Breast,Infiltrating Ductal Carcinoma,62,STAGE IIB,-25,BRCA,585,-22751,0,19.2327,0:DiseaseFree,19.2327,0:ALIVE OR DEAD TUMOR FREE,,2011-07-14 00:00:00,EUR,No,C50.9,8500/3,C50.9,Yes,Yes,No,MX,N1,T2,,19.2327,0:CENSORED,No,White,No,-2,1,Female,BRCA_LumA,-24
1:DECEASED,TCGA-AC-A23H-01,TCGA-AC-A23H,7dcf550c-90ce-4f63-aecd-0e46897e2a3e,5.72049,1:DECEASED,0:LIVING,0:LIVING,0.216667,0.783333,1,1.978e-07,0.820268,0.179732,7,1,1,0,0,brca_tcga_pan_can_atlas_2018,16,Breast Cancer,Breast Invasive Ductal Carcinoma,0.2724,0.3208,0.54,4259,IDC,Primary,Matched,215,No,Yes,International Genomics Consortium,AC,142.667,Breast,Infiltrating Ductal Carcinoma,90,STAGE IIA,7,BRCA,81,-32873,0,,,5.72049,1:DEAD WITH TUMOR,Not Hispanic Or Latino,2011-07-13 00:00:00,EUR,No,C50.9,8500/3,C50.9,Yes,Yes,No,M0,NX,T2,Tumor Free,5.72049,1:PROGRESSION,No,White,No,18,1,Female,BRCA_Her2,10
0:LIVING,TCGA-AC-A2FO-01,TCGA-AC-A2FO,F5D4C2D3-CC69-4B38-8551-0917E3622A68,74.1362,0:LIVING,0:LIVING,0:LIVING,1,0,0.847791,0.152209,0.8736,0.1264,7,0,0,0,0,brca_tcga_pan_can_atlas_2018,2,Breast Cancer,Breast Invasive Lobular Carcinoma,0.1185,0.3027,0,24,ILC,Primary,Matched,49,No,Yes,International Genomics Consortium,AC,0.8,Breast,Infiltrating Lobular Carcinoma,65,STAGE IIB,-35,BRCA,2255,-23928,0,74.1362,0:DiseaseFree,74.1362,0:ALIVE OR DEAD TUMOR FREE,Not Hispanic Or Latino,2011-09-21 00:00:00,EUR,No,C50.9,8520/3,C50.9,Yes,Yes,No,MX,N1,T2,Tumor Free,74.1362,0:CENSORED,No,White,No,-12,1,Female,BRCA_LumA,-44
0:LIVING,TCGA-AC-A3QQ-01,TCGA-AC-A3QQ,95CEF916-5545-455B-920C-773A54FC7676,24.1312,0:LIVING,0:LIVING,0:LIVING,1,0,0.880468,0.119532,0.820268,0.179732,7,0,0,0,0,brca_tcga_pan_can_atlas_2018,6,Breast Cancer,Breast Invasive Lobular Carcinoma,0.1273,0.3129,0.45,26,ILC,Primary,Matched,53,Yes,No,International Genomics Consortium,AC,0.866667,Breast,Infiltrating Lobular Carcinoma,54,STAGE IA,3,BRCA,734,-19723,0,,,24.1312,0:ALIVE OR DEAD TUMOR FREE,Not Hispanic Or Latino,2012-12-03 00:00:00,EUR,No,C50.9,8520/3,C50.9,Yes,Yes,No,MX,N0 (I-),T1C,Tumor Free,24.1312,0:CENSORED,No,White,No,0,1,Female,BRCA_LumA,-8
0:LIVING,TCGA-AN-A049-01,TCGA-AN-A049,2e1e3bf0-1708-4b65-936c-48b89eb8966a,0.624651,0:LIVING,0:LIVING,0:LIVING,1,0,0.864585,0.135415,0.903337,0.0966626,7,0,0,0,0,brca_tcga_pan_can_atlas_2018,10,Breast Cancer,Breast Invasive Ductal Carcinoma,0.3796,0.2375,0.37,28,IDC,Primary,Matched,127,No,Yes,Cureline,AN,0.966667,Breast,Infiltrating Ductal Carcinoma,62,STAGE IIA,-11,BRCA,19,-22710,0,,,0.624651,0:ALIVE OR DEAD TUMOR FREE,Not Hispanic Or Latino,2010-12-29 00:00:00,EUR,No,C50.9,8500/3,C50.9,Yes,Yes,,M0,N0,T2,Tumor Free,0.624651,0:CENSORED,No,White,,6,1,Female,BRCA_LumA,-8
0:LIVING,TCGA-AN-A04A-01,TCGA-AN-A04A,e5aae05a-478e-4a55-a27c-12b2b4be302a,2.95887,0:LIVING,0:LIVING,0:LIVING,0.9,0.1,0.879432,0.120568,0.916346,0.0836545,7,0,0,0,0,brca_tcga_pan_can_atlas_2018,14,Breast Cancer,Breast Invasive Ductal Carcinoma,0.5374,0.2812,0.34,40,IDC,Primary,Matched,163,No,Yes,Cureline,AN,1.36667,Breast,Infiltrating Ductal Carcinoma,36,STAGE IIIA,1,BRCA,90,-13445,0,,,2.95887,0:ALIVE OR DEAD TUMOR FREE,Not Hispanic Or Latino,2010-12-29 00:00:00,EUR,No,C50.9,8500/3,C50.9,Yes,Yes,,M0,N2,T2,Tumor Free,2.95887,0:CENSORED,No,White,,4,1,Female,BRCA_LumA,22
0:LIVING,TCGA-AN-A0AT-01,TCGA-AN-A0AT,05506f4c-e701-4a9d-ae06-97f066aade43,0.328764,0:LIVING,0:LIVING,0:LIVING,1,0,0.870722,0.129278,0.889406,0.110594,7,1,0,0,1,brca_tcga_pan_can_atlas_2018,8,Breast Cancer,Breast Invasive Ductal Carcinoma,0.4552,0.2819,1.3,117,IDC,Primary,Matched,270,No,Yes,Cureline,AN,3.93333,Breast,Infiltrating Ductal Carcinoma,62,STAGE IIA,33,BRCA,10,-22798,0,0.328764,0:DiseaseFree,0.328764,0:ALIVE OR DEAD TUMOR FREE,Not Hispanic Or Latino,2010-12-28 00:00:00,EUR,No,C50.9,8500/3,C50.9,Yes,Yes,,M0,N0,T2,Tumor Free,0.328764,0:CENSORED,No,White,No,22,1,Female,BRCA_Basal,34
0:LIVING,TCGA-AN-A0XL-01,TCGA-AN-A0XL,4649dee3-b668-44cd-ab97-3834de3ef8f8,5.35885,0:LIVING,0:LIVING,0:LIVING,1,0,0.877702,0.122298,0.891245,0.108755,7,0,0,0,0,brca_tcga_pan_can_atlas_2018,13,Breast Cancer,Breast Invasive Ductal Carcinoma,0.3332,,0.09,33,IDC,Primary,Matched,37,No,Yes,Cureline,AN,1.1,Breast,Infiltrating Ductal Carcinoma,61,STAGE IIA,-31,BRCA,163,-22341,0,5.35885,0:DiseaseFree,5.35885,0:ALIVE OR DEAD TUMOR FREE,Not Hispanic Or Latino,2011-03-25 00:00:00,EUR,No,C50.9,8500/3,C50.9,Yes,Yes,,M0,N0,T2,Tumor Free,5.35885,0:CENSORED,No,White,No,0,1,Female,BRCA_LumA,-30
0:LIVING,TCGA-AN-A0XU-01,TCGA-AN-A0XU,a1da9db1-db11-4f4d-a249-c738db81b87e,0.328764,0:LIVING,0:LIVING,0:LIVING,1,0,0.86715,0.13285,0.884833,0.115167,7,1,0,1,1,brca_tcga_pan_can_atlas_2018,10,Breast Cancer,Breast Invasive Ductal Carcinoma,0.4834,0.3016,1.04,114,IDC,Primary,Matched,341,No,Yes,Cureline,AN,3.83333,Breast,Infiltrating Ductal Carcinoma,54,STAGE IIA,35,BRCA,10,-20052,0,0.328764,0:DiseaseFree,0.328764,0:ALIVE OR DEAD TUMOR FREE,Not Hispanic Or Latino,2011-03-28 00:00:00,EUR,No,C50.9,8500/3,C50.9,Yes,Yes,,M0,N0,T2,,0.328764,0:CENSORED,No,White,No,28,1,Female,BRCA_Basal,30
0:LIVING,TCGA-AO-A03L-01,TCGA-AO-A03L,1174f6e4-ffbe-4e59-a000-8d861c968369,80.2841,0:LIVING,0:LIVING,0:LIVING,1,0,0.838106,0.161894,0.823175,0.176825,7,1,1,1,0,brca_tcga_pan_can_atlas_2018,23,Breast Cancer,Breast Invasive Ductal Carcinoma,0.6527,0.2649,0.1,27,IDC,Primary,Matched,201,No,Yes,MSKCC,AO,0.933333,Breast,Infiltrating Ductal Carcinoma,34,STAGE IIIA,-7,BRCA,2442,-12443,0,80.2841,0:DiseaseFree,80.2841,0:ALIVE OR DEAD TUMOR FREE,Not Hispanic Or Latino,2010-12-07 00:00:00,SAS_ADMIX,No,C50.9,8500/3,C50.9,Yes,Yes,,M0,N2,T3,Tumor Free,80.2841,0:CENSORED,No,Asian,Yes,16,1,Female,BRCA_LumA,14
0:LIVING,TCGA-AO-A0J9-01,TCGA-AO-A0J9,a4903de8-6cf5-4541-8ec7-065beace8b44,53.0296,0:LIVING,0:LIVING,0:LIVING,0.72,0.28,0.881664,0.118336,0.903329,0.096671,7,0,0,0,0,brca_tcga_pan_can_atlas_2018,17,Breast Cancer,Breast Invasive Lobular Carcinoma,0.3623,0.2677,0.05,106,ILC,Primary,Matched,16,No,Yes,MSKCC,AO,3.56667,Breast,Infiltrating Lobular Carcinoma,61,STAGE IIIC,-23,BRCA,1613,-22642,0,35.0462,1:Recurred/Progressed,53.0296,0:ALIVE OR DEAD TUMOR FREE,Not Hispanic Or Latino,2010-09-19 00:00:00,EUR,No,C50.9,8520/3,C50.9,Yes,Yes,Yes,M0,N3,T2,With Tumor,35.0462,1:PROGRESSION,No,White,Yes,4,1,Female,BRCA_LumA,0
0:LIVING,TCGA-AO-A0JF-01,TCGA-AO-A0JF,f357fe19-5359-4662-8ce9-aa996132283b,65.0952,0:LIVING,0:LIVING,0:LIVING,1,0,0.849296,0.150704,0.859409,0.140591,7,0,0,0,0,brca_tcga_pan_can_atlas_2018,2,Breast Cancer,Breast Invasive Ductal Carcinoma,0.0531,0.2755,0,26,IDC,Primary,Matched,3,No,Yes,MSKCC,AO,0.866667,Breast,Infiltrating Ductal Carcinoma,68,STAGE IIA,-35,BRCA,1980,-24923,0,65.0952,0:DiseaseFree,65.0952,0:ALIVE OR DEAD TUMOR FREE,Not Hispanic Or Latino,2010-09-20 00:00:00,EUR,No,C50.9,8500/3,C50.9,Yes,Yes,No,M0,N1A,T1C,Tumor Free,65.0952,0:CENSORED,No,White,Yes,-14,1,Female,BRCA_LumA,-32
0:LIVING,TCGA-AO-A1KR-01,TCGA-AO-A1KR,b7f74ae1-6f58-447c-be50-a7666eb19d9a,82.6183,0:LIVING,0:LIVING,0:LIVING,0.94,0.06,0.821223,0.178777,0.820268,0.179732,7,0,0,0,0,brca_tcga_pan_can_atlas_2018,13,Breast Cancer,Breast Invasive Ductal Carcinoma,0.4509,0.313,0.18,63,IDC,Primary,Matched,326,No,Yes,MSKCC,AO,2.13333,Breast,Infiltrating Ductal Carcinoma,51,STAGE IIA,23,BRCA,2513,-18900,0,82.6183,0:DiseaseFree,82.6183,0:ALIVE OR DEAD TUMOR FREE,Not Hispanic Or Latino,2011-09-15 00:00:00,EUR,No,C50.9,8500/3,C50.9,Yes,Yes,No,M0,N0,T2,Tumor Free,82.6183,0:CENSORED,No,White,No,20,1,Female,BRCA_Basal,10
0:LIVING,TCGA-AQ-A1H2-01,TCGA-AQ-A1H2,4d120899-9a80-4736-b097-285e9e261bcb,15.6163,0:LIVING,0:LIVING,0:LIVING,0.966667,0.0333333,0.844718,0.155282,0.857885,0.142115,7,0,0,0,0,brca_tcga_pan_can_atlas_2018,10,Breast Cancer,Breast Invasive Ductal Carcinoma,0.3295,0.306,0.19,24,IDC,Primary,Matched,89,Yes,No,UNC,AQ,0.8,Breast,Infiltrating Ductal Carcinoma,84,STAGE IIIA,-19,BRCA,475,-30958,0,15.6163,0:DiseaseFree,15.6163,0:ALIVE OR DEAD TUMOR FREE,Not Hispanic Or Latino,2011-04-20 00:00:00,EUR,No,C50.9,8500/3,C50.9,Yes,Yes,No,MX,N2A,T2,Tumor Free,15.6163,0:CENSORED,No,White,Yes,-10,1,Female,BRCA_LumA,-22
0:LIVING,TCGA-AR-A0TQ-01,TCGA-AR-A0TQ,5dc1bee9-c44d-4fdc-9ae5-83426c4d6880,98.3332,0:LIVING,0:LIVING,0:LIVING,1,0,0.856843,0.143157,0.862814,0.137186,7,1,1,0,0,brca_tcga_pan_can_atlas_2018,11,Breast Cancer,Breast Invasive Ductal Carcinoma,0.1275,0.2818,0.13,31,IDC,Primary,Matched,91,No,Yes,Mayo,AR,1.06667,Breast,Infiltrating Ductal Carcinoma,27,STAGE IIIA,-3,BRCA,2991,-9873,0,98.3332,0:DiseaseFree,98.3332,0:ALIVE OR DEAD TUMOR FREE,Not Hispanic Or Latino,2011-03-07 00:00:00,EUR,No,C50.9,8500/3,C50.9,Yes,Yes,No,M0,N1,T3,Tumor Free,98.3332,0:CENSORED,No,White,Yes,20,1,Female,BRCA_LumB,0
0:LIVING,TCGA-AR-A0U1-01,TCGA-AR-A0U1,17d9e646-6ab3-40b3-a0bc-2c834d3c3213,133.215,0:LIVING,0:LIVING,0:LIVING,1,0,0.840415,0.159585,0.791149,0.208851,7,1,0,1,1,brca_tcga_pan_can_atlas_2018,6,Breast Cancer,Breast Invasive Ductal Carcinoma,0.4237,0.2682,0.15,78,IDC,Primary,Matched,193,No,Yes,Mayo,AR,2.56667,Breast,Infiltrating Ductal Carcinoma,36,STAGE IIB,,BRCA,4052,-13467,0,133.215,0:DiseaseFree,133.215,0:ALIVE OR DEAD TUMOR FREE,Not Hispanic Or Latino,2011-02-28 00:00:00,EUR,No,C50.9,8500/3,C50.9,Yes,No,No,M0,N1,T2,,133.215,0:CENSORED,No,White,Yes,,1,Female,,
0:LIVING,TCGA-AR-A1AN-01,TCGA-AR-A1AN,43029932-feb0-4658-97fa-645c1e775009,95.9989,0:LIVING,0:LIVING,0:LIVING,1,0,0.821774,0.178226,0.839204,0.160796,7,1,0,1,0,brca_tcga_pan_can_atlas_2018,9,Breast Cancer,Breast Invasive Ductal Carcinoma,0.3367,0.2497,0.23,26,IDC,Primary,Matched,229,No,Yes,Mayo,AR,0.833333,Breast,Infiltrating Ductal Carcinoma,46,STAGE IIA,-27,BRCA,2920,-16974,0,95.9989,0:DiseaseFree,95.9989,0:ALIVE OR DEAD TUMOR FREE,Hispanic Or Latino,2011-06-14 00:00:00,EUR,No,C50.9,8500/3,C50.9,Yes,Yes,No,M0,N0,T2,Tumor Free,95.9989,0:CENSORED,No,White,Yes,-8,1,Female,BRCA_LumA,2
0:LIVING,TCGA-AR-A1AQ-01,TCGA-AR-A1AQ,98e0b4de-52fc-4945-9bf5-11e29368f939,99.3195,0:LIVING,0:LIVING,0:LIVING,1,0,0.842494,0.157506,0.860807,0.139193,7,1,0,1,0,brca_tcga_pan_can_atlas_2018,18,Breast Cancer,Breast Invasive Ductal Carcinoma,0.4982,0.283,0.39,39,IDC,Primary,Matched,90,No,Yes,Mayo,AR,1.26667,Breast,Infiltrating Ductal Carcinoma,49,STAGE IIA,19,BRCA,3021,-18109,0,99.3195,0:DiseaseFree,99.3195,0:ALIVE OR DEAD TUMOR FREE,Not Hispanic Or Latino,2011-06-14 00:00:00,EUR,No,C50.9,8500/3,C50.9,Yes,Yes,No,M0,N0,T2,Tumor Free,99.3195,0:CENSORED,No,White,Yes,16,1,Female,BRCA_Basal,-10
0:LIVING,TCGA-AR-A1AS-01,TCGA-AR-A1AS,7d681cc6-689d-41c8-9e84-e13733089ec9,37.8078,0:LIVING,0:LIVING,0:LIVING,1,0,0.867849,0.132151,0.841656,0.158344,7,1,0,1,0,brca_tcga_pan_can_atlas_2018,6,Breast Cancer,Breast Invasive Ductal Carcinoma,0.1378,0.2916,0.17,29,IDC,Primary,Matched,23,No,Yes,Mayo,AR,0.966667,Breast,Infiltrating Ductal Carcinoma,54,STAGE IIB,11,BRCA,1150,-20028,0,37.8078,0:DiseaseFree,37.8078,0:ALIVE OR DEAD TUMOR FREE,,2011-06-14 00:00:00,SAS,No,C50.9,8500/3,C50.9,Yes,Yes,No,M0,N1,T2,,37.8078,0:CENSORED,No,Asian,Yes,10,1,Female,BRCA_LumA,14
0:LIVING,TCGA-AR-A24Q-01,TCGA-AR-A24Q,28e9048a-e540-42de-a1f4-4ef894fccc4c,104.284,0:LIVING,0:LIVING,0:LIVING,1,0,0.874515,0.125485,0.861803,0.138197,7,1,0,1,1,brca_tcga_pan_can_atlas_2018,16,Breast Cancer,Breast Invasive Ductal Carcinoma,0.664,0.3299,0.42,162,IDC,Primary,Matched,196,No,Yes,Mayo,AR,5.43333,Breast,Infiltrating Ductal Carcinoma,49,STAGE IIB,21,BRCA,3172,-18084,0,104.284,0:DiseaseFree,104.284,0:ALIVE OR DEAD TUMOR FREE,,2011-08-30 00:00:00,EUR,No,C50.9,8500/3,C50.9,Yes,Yes,No,M0,N0,T3,,104.284,0:CENSORED,No,White,Yes,14,1,Female,BRCA_Basal,18
0:LIVING,TCGA-AR-A252-01,TCGA-AR-A252,4d0fec97-e024-4608-a0cc-426a3decc7b1,93.3031,0:LIVING,0:LIVING,0:LIVING,1,0,0.839449,0.160551,0.849258,0.150742,7,1,1,0,0,brca_tcga_pan_can_atlas_2018,16,Breast Cancer,Breast Invasive Ductal Carcinoma,0.0162,0.3281,0.21,14,IDC,Primary,Matched,99,No,Yes,Mayo,AR,0.466667,Breast,Infiltrating Ductal Carcinoma,50,STAGE I,-35,BRCA,2838,-18611,0,93.3031,0:DiseaseFree,93.3031,0:ALIVE OR DEAD TUMOR FREE,Not Hispanic Or Latino,2011-08-30 00:00:00,EUR,No,C50.9,8500/3,C50.9,Yes,Yes,No,M0,N0,T1,,93.3031,0:CENSORED,No,White,Yes,-4,1,Female,BRCA_LumA,-48
0:LIVING,TCGA-AR-A254-01,TCGA-AR-A254,6014a582-d22e-46e1-9000-c8e2fbad7acf,85.6429,0:LIVING,0:LIVING,0:LIVING,1,0,0.818887,0.181113,0.835072,0.164928,7,1,0,1,0,brca_tcga_pan_can_atlas_2018,11,Breast Cancer,Breast Invasive Ductal Carcinoma,0.2369,0.3291,0.52,33,IDC,Primary,Matched,269,No,Yes,Mayo,AR,1.1,Breast,Infiltrating Ductal Carcinoma,50,STAGE IIIA,-5,BRCA,2605,-18270,0,85.6429,0:DiseaseFree,85.6429,0:ALIVE OR DEAD TUMOR FREE,Not Hispanic Or Latino,2011-08-31 00:00:00,EUR,No,C50.9,8500/3,C50.9,Yes,Yes,No,M0,N2,T2,,85.6429,0:CENSORED,No,White,Yes,20,1,Female,BRCA_Her2,4
0:LIVING,TCGA-AR-A5QN-01,TCGA-AR-A5QN,077506EA-8F11-405D-BB8E-3C9924FE54D0,33.3037,0:LIVING,0:LIVING,0:LIVING,0.92,0.08,0.872584,0.127416,0.920339,0.0796612,7,0,0,0,0,brca_tcga_pan_can_atlas_2018,6,Breast Cancer,Breast Invasive Lobular Carcinoma,0.2012,0.2848,0.03,30,ILC,Primary,Matched,61,No,Yes,Mayo,AR,1,Breast,Infiltrating Lobular Carcinoma,68,STAGE IIIC,-29,BRCA,1013,-25089,0,,,33.3037,0:ALIVE OR DEAD TUMOR FREE,Not Hispanic Or Latino,2013-05-15 00:00:00,EUR,No,C50.9,8520/3,C50.9,Yes,Yes,No,M0,N3,T2,Tumor Free,33.3037,0:CENSORED,No,White,Yes,-4,1,Female,BRCA_LumA,-34
1:DECEASED,TCGA-B6-A0IH-01,TCGA-B6-A0IH,2476dda9-da2a-4242-9642-b92b8b9b1c79,112.371,1:DECEASED,0:LIVING,0:LIVING,0.3,0.7,0.852397,0.147603,0.645812,0.354188,7,0,0,0,0,brca_tcga_pan_can_atlas_2018,27,Breast Cancer,Breast Invasive Lobular Carcinoma,0.1988,0.2791,0.02,37,ILC,Primary,Matched,36,No,Yes,Duke,B6,1.23333,Breast,Infiltrating Lobular Carcinoma,81,STAGE IIIA,-39,BRCA,,-29907,0,112.371,0:DiseaseFree,112.371,,Not Hispanic Or Latino,2011-03-15 00:00:00,EUR,No,C50.9,8520/3,C50.9,Yes,Yes,,M0,N1B,T3,,112.371,0:CENSORED,No,White,Yes,-16,1,Female,BRCA_LumA,-30
1:DECEASED,TCGA-B6-A0RL-01,TCGA-B6-A0RL,5562455d-bbb8-46eb-a510-e8c6e1e26789,81.1717,0:LIVING,0:LIVING,0:LIVING,0.75,0.25,0.85132,0.14868,0.99304,0.0069597,7,0,0,0,0,brca_tcga_pan_can_atlas_2018,9,Breast Cancer,Breast Invasive Ductal Carcinoma,0.3215,0.2985,0.93,53,IDC,Primary,Matched,141,No,Yes,Duke,B6,1.73333,Breast,Infiltrating Ductal Carcinoma,60,STAGE IIA,-1,BRCA,,-22238,0,81.1717,0:DiseaseFree,81.1717,0:ALIVE OR DEAD TUMOR FREE,Not Hispanic Or Latino,2010-11-02 00:00:00,AFR,No,C50.9,8500/3,C50.9,Yes,Yes,No,M0,N0 (I-),T2,Tumor Free,81.1717,0:CENSORED,No,Black or African American,No,8,1,Female,BRCA_LumB,2
1:DECEASED,TCGA-B6-A0RS-01,TCGA-B6-A0RS,9416ff9b-6f29-4554-b04d-b537a3ae3969,100.7,1:DECEASED,0:LIVING,0:LIVING,0.183333,0.816667,0.879161,0.120839,0.797582,0.202418,7,1,0,1,0,brca_tcga_pan_can_atlas_2018,13,Breast Cancer,Breast Invasive Ductal Carcinoma,0.4276,0.3095,0.22,137,IDC,Primary,Matched,247,No,Yes,Duke,B6,4.63333,Breast,Infiltrating Ductal Carcinoma,38,STAGE IIA,17,BRCA,,-14134,0,67.1006,1:Recurred/Progressed,100.7,1:DEAD WITH TUMOR,Not Hispanic Or Latino,2010-11-02 00:00:00,EUR,No,C50.9,8500/3,C50.9,Yes,Yes,Yes,M0,N0 (I-),T2,With Tumor,67.1006,1:PROGRESSION,No,White,No,22,1,Female,BRCA_Her2,28
1:DECEASED,TCGA-B6-A0WX-01,TCGA-B6-A0WX,a482fc4c-ff1d-46a0-a968-7df06422cc4b,21.008,1:DECEASED,0:LIVING,1:DECEASED,0.142857,0.857143,0.859847,0.140153,0.441717,0.558283,7,1,0,1,0,brca_tcga_pan_can_atlas_2018,16,Breast Cancer,Breast Invasive Carcinoma (NOS),0.4622,0.3032,0.18,27,BRCNOS,Primary,Matched,110,No,Yes,Duke,B6,0.9,Breast,Other,40,STAGE IIIA,-9,BRCA,,-14784,0,18.5094,1:Recurred/Progressed,21.008,1:DEAD WITH TUMOR,Not Hispanic Or Latino,2010-12-14 00:00:00,AFR,No,C50.9,8520/3,C50.9,Yes,Yes,Yes,M0,N1B,T3,With Tumor,18.5094,1:PROGRESSION,No,Black or African American,No,2,1,Female,BRCA_Basal,-30
0:LIVING,TCGA-B6-A0WZ-01,TCGA-B6-A0WZ,08740d7f-5a5e-4dfa-bd48-7fbf228a7a28,206.858,0:LIVING,0:LIVING,0:LIVING,0.92,0.08,0.805017,0.194983,0.804297,0.195703,7,0,0,0,0,brca_tcga_pan_can_atlas_2018,11,Breast Cancer,Breast Invasive Ductal Carcinoma,0.2496,0.2808,0.04,55,IDC,Primary,Matched,11,No,Yes,Duke,B6,1.86667,Breast,Infiltrating Ductal Carcinoma,50,STAGE II,3,BRCA,6292,-18584,0,206.858,0:DiseaseFree,206.858,0:ALIVE OR DEAD TUMOR FREE,Not Hispanic Or Latino,2010-12-14 00:00:00,AFR_ADMIX,No,C50.9,8500/3,C50.9,Yes,Yes,Yes,M0,N1B,T2,Tumor Free,168.228,1:PROGRESSION,No,Black or African American,Yes,10,1,Female,BRCA_LumA,12
0:LIVING,TCGA-A1-A0SG-01,TCGA-A1-A0SG,0ed9ad26-7fdc-4d75-93f9-d029eee94993,14.2683,0:LIVING,0:LIVING,0:LIVING,1,0,0.854831,0.145169,0.799465,0.200535,8,0,0,0,0,brca_tcga_pan_can_atlas_2018,4,Breast Cancer,Breast Invasive Carcinoma (NOS),0.0969,0.311,0,27,BRCNOS,Primary,Matched,30,No,Yes,UCSF,A1,0.9,Breast,Other,61,STAGE IIB,-17,BRCA,434,-22380,0,14.2683,0:DiseaseFree,14.2683,0:ALIVE OR DEAD TUMOR FREE,Not Hispanic Or Latino,2011-05-31 00:00:00,EUR,No,C50.9,8507/3,C50.9,Yes,Yes,,M0,N1A,T2,,14.2683,0:CENSORED,No,White,,-2,1,Female,BRCA_LumA,-20
1:DECEASED,TCGA-A1-A0SK-01,TCGA-A1-A0SK,a5b44d66-c162-46b5-9df2-86305f0385c5,31.7914,1:DECEASED,0:LIVING,0:LIVING,0.122222,0.877778,0.856807,0.143193,0.799465,0.200535,8,1,0,1,0,brca_tcga_pan_can_atlas_2018,16,Breast Cancer,Breast Invasive Carcinoma (NOS),0.4163,0.2902,1.02,62,BRCNOS,Primary,Matched,205,No,Yes,UCSF,A1,2.03333,Breast,Other,54,STAGE IIA,27,BRCA,,-20048,0,,,31.7914,1:DEAD WITH TUMOR,Not Hispanic Or Latino,2010-12-06 00:00:00,EAS,No,C50.9,8013/3,C50.9,Yes,Yes,,M0,N0 (I-),T2,,31.7914,1:PROGRESSION,No,Asian,,14,1,Female,BRCA_Basal,22
0:LIVING,TCGA-A2-A0CL-01,TCGA-A2-A0CL,5c8983f2-9788-4dfa-971c-3ec457b6166e,99.1222,0:LIVING,0:LIVING,0:LIVING,0.96,0.04,0.872341,0.127659,0.799465,0.200535,8,1,0,1,1,brca_tcga_pan_can_atlas_2018,25,Breast Cancer,Breast Invasive Ductal Carcinoma,0.0591,0.2896,0.13,133,IDC,Primary,Matched,248,No,Yes,Walter Reed,A2,4.43333,Breast,Infiltrating Ductal Carcinoma,37,STAGE IIIA,-27,BRCA,3015,-13556,0,,,99.1222,0:ALIVE OR DEAD TUMOR FREE,Not Hispanic Or Latino,2011-01-28 00:00:00,AFR,No,C50.9,8500/3,C50.9,Yes,Yes,No,M0,N2A,T3,Tumor Free,99.1222,0:CENSORED,No,Black or African American,Yes,12,1,Female,BRCA_Normal,-40
0:LIVING,TCGA-A2-A0CT-01,TCGA-A2-A0CT,378778d2-b331-4867-a93b-c64028c8b4c7,75.254,0:LIVING,0:LIVING,1:DECEASED,0.9,0.1,0.838934,0.161066,0.360328,0.639672,8,0,0,0,0,brca_tcga_pan_can_atlas_2018,25,Breast Cancer,Breast Invasive Ductal Carcinoma,0.7056,0.2932,1.11,79,IDC,Primary,Matched,90,No,Yes,Walter Reed,A2,2.66667,Breast,Infiltrating Ductal Carcinoma,71,STAGE IIA,-13,BRCA,2289,-25959,0,75.254,0:DiseaseFree,75.254,0:ALIVE OR DEAD TUMOR FREE,Not Hispanic Or Latino,2010-09-09 00:00:00,EUR,No,C50.9,8500/3,C50.9,Yes,Yes,No,M0,N0 (I-),T2,Tumor Free,75.254,0:CENSORED,No,White,No,2,1,Female,BRCA_LumA,-14
0:LIVING,TCGA-A2-A0ER-01,TCGA-A2-A0ER,7455d832-ad66-40df-85d7-3a7051c4498d,74.3992,0:LIVING,0:LIVING,0:LIVING,1,0,0.846437,0.153563,0.799465,0.200535,8,0,0,0,0,brca_tcga_pan_can_atlas_2018,4,Breast Cancer,Breast Invasive Ductal Carcinoma,0.0756,0.2644,0.06,27,IDC,Primary,Matched,55,No,Yes,Walter Reed,A2,0.9,Breast,Infiltrating Ductal Carcinoma,63,STAGE IB,-15,BRCA,2263,-23021,0,74.3992,0:DiseaseFree,74.3992,0:ALIVE OR DEAD TUMOR FREE,Not Hispanic Or Latino,2010-08-13 00:00:00,EUR,No,C50.9,8500/3,C50.9,Yes,Yes,No,M0,N1MI,T1C,Tumor Free,74.3992,0:CENSORED,No,White,Yes,6,1,Female,BRCA_LumA,-26
0:LIVING,TCGA-A2-A0SU-01,TCGA-A2-A0SU,c632675e-e8af-43cd-8744-5be3754c1c14,54.6405,0:LIVING,0:LIVING,0:LIVING,1,0,0.845503,0.154497,0.799465,0.200535,8,0,0,0,0,brca_tcga_pan_can_atlas_2018,4,Breast Cancer,Breast Invasive Ductal Carcinoma,0.1178,0.2844,0.04,32,IDC,Primary,Matched,38,No,Yes,Walter Reed,A2,1.06667,Breast,Infiltrating Ductal Carcinoma,66,STAGE IIA,-25,BRCA,1662,-24219,0,54.6405,0:DiseaseFree,54.6405,0:ALIVE OR DEAD TUMOR FREE,Not Hispanic Or Latino,2010-11-17 00:00:00,EUR,No,C50.9,8500/3,C50.9,Yes,Yes,No,M0,N0 (I+),T2,Tumor Free,54.6405,0:CENSORED,No,White,No,-4,1,Female,BRCA_LumA,-16
0:LIVING,TCGA-A2-A3KD-01,TCGA-A2-A3KD,BB026999-0AAB-4232-96D7-2C93B6C9691D,39.6489,0:LIVING,0:LIVING,0:LIVING,0.9,0.1,0.871814,0.128186,0.799465,0.200535,8,0,0,0,0,brca_tcga_pan_can_atlas_2018,5,Breast Cancer,Breast Invasive Mixed Mucinous Carcinoma,0.2021,0.2961,0,8,IMMC,Primary,Matched,23,Yes,No,Walter Reed,A2,0.233333,Breast,Mucinous Carcinoma,47,STAGE IIIA,-33,BRCA,1206,-17372,0,,,39.6489,0:ALIVE OR DEAD TUMOR FREE,Not Hispanic Or Latino,2012-04-02 00:00:00,EUR,No,C50.9,8480/3,C50.9,Yes,Yes,No,M0,N1MI,T3,Tumor Free,39.6489,0:CENSORED,No,White,Yes,-10,1,Female,BRCA_LumA,-20
0:LIVING,TCGA-A2-A3XW-01,TCGA-A2-A3XW,C02699B5-580A-4D55-971E-F4692B2CCE57,56.2843,0:LIVING,0:LIVING,0:LIVING,0.7625,0.2375,0.877529,0.122471,0.526759,0.473241,8,0,0,0,0,brca_tcga_pan_can_atlas_2018,,Breast Cancer,Breast Invasive Ductal Carcinoma,0.0011,0.2963,0,8,IDC,Primary,Matched,58,Yes,No,Walter Reed,A2,0.266667,Breast,Infiltrating Ductal Carcinoma,42,STAGE IIB,-5,BRCA,1712,-15670,0,56.2843,0:DiseaseFree,56.2843,0:ALIVE OR DEAD TUMOR FREE,Not Hispanic Or Latino,2012-08-15 00:00:00,AFR_ADMIX,No,C50.9,8500/3,C50.9,Yes,Yes,No,M0,N1A,T2,Tumor Free,56.2843,0:CENSORED,No,Black or African American,Yes,-4,1,Female,BRCA_Normal,2
0:LIVING,TCGA-A7-A0D9-01,TCGA-A7-A0D9,17baef7c-d97d-4b98-ab53-503ef856523d,37.4462,0:LIVING,0:LIVING,0:LIVING,1,0,0.870944,0.129056,0.799465,0.200535,8,0,0,0,0,brca_tcga_pan_can_atlas_2018,7,Breast Cancer,Breast Invasive Ductal Carcinoma,0.1867,0.2619,0.34,20,IDC,Primary,Matched,132,Yes,No,Christiana Healthcare,A7,1.33333,Breast,Infiltrating Ductal Carcinoma,37,STAGE IIA,-23,BRCA,1139,-13836,0,37.4462,0:DiseaseFree,37.4462,0:ALIVE OR DEAD TUMOR FREE,Not Hispanic Or Latino,2010-10-04 00:00:00,EUR,No,C50.9,8500/3,C50.9,Yes,Yes,No,M0,N0 (I-),T2,Tumor Free,37.4462,0:CENSORED,No,White,No,-6,1,Female,BRCA_LumA,-20
0:LIVING,TCGA-A7-A0DB-01,TCGA-A7-A0DB,f130f376-5801-40f9-975d-a7e2f7b5670d,33.1065,0:LIVING,0:LIVING,0:LIVING,0.8,0.2,0.854678,0.145322,0.799465,0.200535,8,0,0,0,0,brca_tcga_pan_can_atlas_2018,17,Breast Cancer,Breast Invasive Ductal Carcinoma,0.3296,0.298,0.64,31,IDC,Primary,Matched,3,Yes,No,Christiana Healthcare,A7,1.03333,Breast,Infiltrating Ductal Carcinoma,56,STAGE IIA,-23,BRCA,1007,-20570,0,,,33.1065,0:ALIVE OR DEAD TUMOR FREE,Not Hispanic Or Latino,2010-10-04 00:00:00,EUR,No,C50.9,8500/3,C50.9,Yes,Yes,No,M0,N0 (I-),T2,Tumor Free,33.1065,0:CENSORED,No,White,Yes,-14,1,Female,BRCA_LumA,-24
1:DECEASED,TCGA-A7-A13E-01,TCGA-A7-A13E,8c7e74e0-71ef-49b8-9217-94b8ef740ef9,20.1861,1:DECEASED,0:LIVING,0:LIVING,0.322222,0.677778,0.852399,0.147601,0.822431,0.177569,8,1,0,1,0,brca_tcga_pan_can_atlas_2018,22,Breast Cancer,Breast Invasive Ductal Carcinoma,0.6513,0.321,4.87,52,IDC,Primary,Matched,88,Yes,No,Christiana Healthcare,A7,3.1,Breast,Infiltrating Ductal Carcinoma,62,STAGE IIB,11,BRCA,326,-22690,0,18.2793,1:Recurred/Progressed,20.1861,1:DEAD WITH TUMOR,Not Hispanic Or Latino,2011-02-28 00:00:00,EUR,No,C50.9,8500/3,C50.9,Yes,Yes,Yes,MX,N1,T2,Tumor Free,18.2793,1:PROGRESSION,No,White,No,8,1,Female,BRCA_Basal,-14
0:LIVING,TCGA-A7-A26J-01,TCGA-A7-A26J,6cb6f179-defd-4661-af0a-c353b74c0c49,20.6135,0:LIVING,0:LIVING,0:LIVING,1,0,0.866682,0.133318,0.799465,0.200535,8,0,0,0,0,brca_tcga_pan_can_atlas_2018,18,Breast Cancer,Breast Invasive Ductal Carcinoma,,0.3412,0.35,21,IDC,Primary,Matched,47,Yes,No,Christiana Healthcare,A7,0.766667,Breast,Infiltrating Ductal Carcinoma,49,STAGE IIA,-31,BRCA,627,-17930,0,20.6135,0:DiseaseFree,20.6135,0:ALIVE OR DEAD TUMOR FREE,Not Hispanic Or Latino,2011-07-28 00:00:00,EUR,No,C50.9,8500/3,C50.9,Yes,Yes,No,M0,N0,T2,With Tumor,20.6135,0:CENSORED,No,White,No,4,1,Female,BRCA_LumA,-28
0:LIVING,TCGA-A7-A4SE-01,TCGA-A7-A4SE,DBF6F981-15CC-40AD-91AC-A66360405FBD,21.1724,0:LIVING,0:LIVING,0:LIVING,1,0,0.871294,0.128706,0.799465,0.200535,8,1,0,1,0,brca_tcga_pan_can_atlas_2018,15,Breast Cancer,Breast Invasive Ductal Carcinoma,0.7743,0.3212,0.28,93,IDC,Primary,Matched,181,Yes,No,Christiana Healthcare,A7,6.13333,Breast,Infiltrating Ductal Carcinoma,54,STAGE IIA,21,BRCA,644,-20080,0,21.1724,0:DiseaseFree,21.1724,0:ALIVE OR DEAD TUMOR FREE,Not Hispanic Or Latino,2013-02-22 00:00:00,AFR,No,C50.9,8500/3,C50.9,Yes,Yes,No,M0,N0,T2,Tumor Free,21.1724,0:CENSORED,No,Black or African American,No,20,1,Female,BRCA_Basal,26
0:LIVING,TCGA-A8-A06O-01,TCGA-A8-A06O,69054195-9e93-49e5-b820-69b0091cc2d4,13.019,0:LIVING,0:LIVING,0:LIVING,1,0,0.855336,0.144664,0.614873,0.385127,8,1,0,1,1,brca_tcga_pan_can_atlas_2018,22,Breast Cancer,Breast Invasive Ductal Carcinoma,0.3914,0.2642,0.85,69,IDC,Primary,Matched,114,No,Yes,Indivumed,A8,2.3,Breast,Infiltrating Ductal Carcinoma,60,STAGE I,-5,BRCA,396,-22157,0,13.019,0:DiseaseFree,13.019,0:ALIVE OR DEAD TUMOR FREE,,2011-05-27 00:00:00,EUR,No,C50.9,8500/3,C50.9,Yes,Yes,No,M0,N0,T1C,Tumor Free,13.019,0:CENSORED,No,,No,16,1,Female,BRCA_LumB,-4
0:LIVING,TCGA-A8-A06T-01,TCGA-A8-A06T,2c04a2f5-321e-4dea-8e00-268325da65cb,53.0624,0:LIVING,0:LIVING,1:DECEASED,0.677976,0.322024,0.840645,0.159355,0.40615,0.59385,8,0,0,0,0,brca_tcga_pan_can_atlas_2018,27,Breast Cancer,Breast Invasive Ductal Carcinoma,0.7708,0.2516,0.2,26,IDC,Primary,Matched,77,No,Yes,Indivumed,A8,0.866667,Breast,Infiltrating Ductal Carcinoma,75,STAGE IIIA,-17,BRCA,1614,-27393,0,53.0624,0:DiseaseFree,53.0624,0:ALIVE OR DEAD TUMOR FREE,,2011-05-27 00:00:00,EUR,No,C50.9,8500/3,C50.9,Yes,Yes,,M0,N1A,T3,Tumor Free,53.0624,0:CENSORED,Yes,,No,-8,1,Female,BRCA_LumA,-20
0:LIVING,TCGA-A8-A06Z-01,TCGA-A8-A06Z,2399caeb-ead2-4003-af38-809db4ac2e2b,1.01917,0:LIVING,0:LIVING,1:DECEASED,0.657143,0.342857,0.831697,0.168303,0.303369,0.696631,8,1,0,1,0,brca_tcga_pan_can_atlas_2018,24,Breast Cancer,Breast Invasive Ductal Carcinoma,0.7074,0.2674,1.69,70,IDC,Primary,Matched,214,No,Yes,Indivumed,A8,2.33333,Breast,Infiltrating Ductal Carcinoma,84,STAGE IIB,9,BRCA,31,-30984,0,,,1.01917,0:ALIVE OR DEAD TUMOR FREE,,2011-05-27 00:00:00,EUR,No,C50.9,8500/3,C50.9,Yes,Yes,,M0,N0,T3,,1.01917,0:CENSORED,No,,,0,1,Female,BRCA_LumB,-18
0:LIVING,TCGA-A8-A076-01,TCGA-A8-A076,23dabeef-8e3c-44bc-9a12-a9522d17be5c,53.983,0:LIVING,0:LIVING,0:LIVING,0.925,0.075,0.849123,0.150877,0.44274,0.55726,8,1,1,0,0,brca_tcga_pan_can_atlas_2018,20,Breast Cancer,Breast Invasive Ductal Carcinoma,0.5527,0.2648,0.25,70,IDC,Primary,Matched,136,No,Yes,Indivumed,A8,2.36667,Breast,Infiltrating Ductal Carcinoma,66,STAGE IIA,3,BRCA,1642,-24230,0,53.983,0:DiseaseFree,53.983,0:ALIVE OR DEAD TUMOR FREE,,2011-05-27 00:00:00,EUR,No,C50.9,8500/3,C50.9,Yes,Yes,No,M0,N0,T2,Tumor Free,53.983,0:CENSORED,No,,No,14,1,Female,BRCA_LumB,20
0:LIVING,TCGA-A8-A07J-01,TCGA-A8-A07J,316625b8-a217-4829-90d1-dfd9cb7e4bc3,11.9999,0:LIVING,0:LIVING,0:LIVING,0.672619,0.327381,0.877199,0.122801,0.66019,0.33981,8,0,0,0,0,brca_tcga_pan_can_atlas_2018,6,Breast Cancer,Breast Invasive Ductal Carcinoma,0.1612,0.2569,0.08,37,IDC,Primary,Matched,20,No,Yes,Indivumed,A8,1.23333,Breast,Infiltrating Ductal Carcinoma,35,STAGE IIB,-43,BRCA,365,-12965,0,11.9999,0:DiseaseFree,11.9999,0:ALIVE OR DEAD TUMOR FREE,,2011-05-27 00:00:00,EUR,No,C50.9,8500/3,C50.9,Yes,Yes,No,M0,N1A,T2,Tumor Free,11.9999,0:CENSORED,No,,Yes,-20,1,Female,BRCA_LumA,-48
1:DECEASED,TCGA-A8-A08T-01,TCGA-A8-A08T,32bc7cc4-d185-4594-bbee-4b96410be512,112.075,1:DECEASED,0:LIVING,0:LIVING,0.3,0.7,0.85007,0.14993,0.707051,0.292949,8,0,0,0,0,brca_tcga_pan_can_atlas_2018,8,Breast Cancer,Breast Invasive Ductal Carcinoma,0.2105,0.2501,0.24,39,IDC,Primary,Matched,83,No,Yes,Indivumed,A8,1.3,Breast,Infiltrating Ductal Carcinoma,64,STAGE IV,-17,BRCA,2830,-23560,0,,,112.075,1:DEAD WITH TUMOR,,2011-05-27 00:00:00,EUR,No,C50.9,8500/3,C50.9,Yes,Yes,Yes,M1,N1A,T2,With Tumor,84.0648,1:PROGRESSION,No,,No,-6,1,Female,BRCA_LumA,-28
0:LIVING,TCGA-A8-A08Z-01,TCGA-A8-A08Z,d7808cbc-4b8c-467b-b2c3-f48d05b9ecab,40.0105,0:LIVING,0:LIVING,0:LIVING,0.977778,0.0222222,0.839252,0.160748,0.634719,0.365281,8,0,0,0,0,brca_tcga_pan_can_atlas_2018,6,Breast Cancer,Breast Invasive Ductal Carcinoma,0.1054,0.251,0.16,29,IDC,Primary,Matched,31,No,Yes,Indivumed,A8,0.966667,Breast,Infiltrating Ductal Carcinoma,76,STAGE IIIB,-23,BRCA,1217,-28003,0,40.0105,0:DiseaseFree,40.0105,0:ALIVE OR DEAD TUMOR FREE,,2011-05-27 00:00:00,EUR,No,C50.9,8500/3,C50.9,Yes,Yes,,M0,N3A,T4B,Tumor Free,40.0105,0:CENSORED,No,,,0,1,Female,BRCA_LumA,-10
0:LIVING,TCGA-A8-A09M-01,TCGA-A8-A09M,626b4ff0-2188-4a14-aac8-6703c624917f,33.0736,0:LIVING,0:LIVING,1:DECEASED,1,0,0.840886,0.159114,0.390368,0.609632,8,1,0,0,1,brca_tcga_pan_can_atlas_2018,2,Breast Cancer,Breast Invasive Ductal Carcinoma,0.4565,0.2519,0.31,131,IDC,Primary,Matched,148,No,Yes,Indivumed,A8,4.36667,Breast,Infiltrating Ductal Carcinoma,75,STAGE IIIC,-11,BRCA,1006,-27455,0,33.0736,0:DiseaseFree,33.0736,0:ALIVE OR DEAD TUMOR FREE,,2011-05-27 00:00:00,EUR,No,C50.9,8500/3,C50.9,Yes,Yes,No,M0,N3A,T2,Tumor Free,33.0736,0:CENSORED,No,,Yes,14,1,Female,BRCA_LumB,-8
0:LIVING,TCGA-A8-A0A4-01,TCGA-A8-A0A4,2cb8c866-9296-4c70-a3ea-f9a9b707895c,13.019,0:LIVING,0:LIVING,0:LIVING,1,0,0.843435,0.156565,0.874475,0.125525,8,0,0,0,0,brca_tcga_pan_can_atlas_2018,7,Breast Cancer,Breast Invasive Lobular Carcinoma,0.2609,0.2617,0.25,23,ILC,Primary,Matched,82,No,Yes,Indivumed,A8,0.8,Breast,Infiltrating Lobular Carcinoma,73,STAGE IIA,-27,BRCA,396,-26693,0,13.019,0:DiseaseFree,13.019,0:ALIVE OR DEAD TUMOR FREE,,2011-05-27 00:00:00,EUR,No,C50.9,8520/3,C50.9,Yes,Yes,No,M0,N0,T2,Tumor Free,13.019,0:CENSORED,No,,No,-2,1,Female,BRCA_LumA,-34
0:LIVING,TCGA-AC-A2B8-01,TCGA-AC-A2B8,6E126B73-D3E8-4641-A128-306F3B313E40,22.2573,0:LIVING,0:LIVING,0:LIVING,0.8,0.2,0.83339,0.16661,0.823385,0.176615,8,0,0,0,0,brca_tcga_pan_can_atlas_2018,3,Breast Cancer,Breast Invasive Lobular Carcinoma,0.1088,0.3158,0.54,83,ILC,Primary,Matched,28,Yes,No,International Genomics Consortium,AC,2.76667,Breast,Infiltrating Lobular Carcinoma,84,STAGE IIB,-29,BRCA,677,-31003,0,22.2573,0:DiseaseFree,22.2573,0:ALIVE OR DEAD TUMOR FREE,Not Hispanic Or Latino,2011-09-12 00:00:00,EUR,No,C50.9,8520/3,C50.9,Yes,Yes,Yes,M0,N0 (I-),T3,,21.5011,1:PROGRESSION,No,White,Yes,-4,1,Female,BRCA_LumA,-20
0:LIVING,TCGA-AC-A2FB-01,TCGA-AC-A2FB,02BBB632-0F7F-439D-B8F0-C86A06237424,40.5694,0:LIVING,0:LIVING,0:LIVING,1,0,0.852588,0.147412,0.799465,0.200535,8,0,0,0,0,brca_tcga_pan_can_atlas_2018,4,Breast Cancer,Breast Invasive Lobular Carcinoma,0.0024,0.3286,0.01,10,ILC,Primary,Matched,44,No,Yes,International Genomics Consortium,AC,0.333333,Breast,Infiltrating Lobular Carcinoma,65,STAGE IIA,-45,BRCA,1234,-23851,0,40.5694,0:DiseaseFree,40.5694,0:ALIVE OR DEAD TUMOR FREE,Not Hispanic Or Latino,2011-09-20 00:00:00,EUR,No,C50.9,8520/3,C50.9,Yes,Yes,No,MX,N0,T2,Tumor Free,40.5694,0:CENSORED,No,White,No,-8,1,Female,BRCA_LumA,-40
0:LIVING,TCGA-AC-A2FF-01,TCGA-AC-A2FF,3CA67CD0-81DA-4F68-A9FA-F1A8C013C28D,90.7059,0:LIVING,0:LIVING,0:LIVING,0.98,0.02,0.857623,0.142377,0.799465,0.200535,8,1,0,0,1,brca_tcga_pan_can_atlas_2018,0,Breast Cancer,Breast Invasive Lobular Carcinoma,0.0011,0.322,0.21,16,ILC,Primary,Matched,38,No,Yes,International Genomics Consortium,AC,0.533333,Breast,Infiltrating Lobular Carcinoma,40,STAGE IIB,-37,BRCA,2759,,0,90.7059,0:DiseaseFree,90.7059,0:ALIVE OR DEAD TUMOR FREE,Not Hispanic Or Latino,2011-09-23 00:00:00,SAS_ADMIX,No,C50.9,8520/3,C50.9,Yes,Yes,No,MX,N1,T2,Tumor Free,90.7059,0:CENSORED,No,Asian,Yes,-8,1,Female,BRCA_LumA,-36
0:LIVING,TCGA-AC-A3HN-01,TCGA-AC-A3HN,E37AE674-A107-4EB3-94D8-B86B0035A9F7,16.3067,0:LIVING,0:LIVING,0:LIVING,1,0,0.834912,0.165088,0.799465,0.200535,8,0,0,0,0,brca_tcga_pan_can_atlas_2018,5,Breast Cancer,Breast Invasive Lobular Carcinoma,0.1499,0.2907,0.02,13,ILC,Primary,Matched,19,Yes,No,International Genomics Consortium,AC,0.433333,Breast,Infiltrating Lobular Carcinoma,87,STAGE IIB,-43,BRCA,496,-32061,0,16.3067,0:DiseaseFree,16.3067,0:ALIVE OR DEAD TUMOR FREE,Not Hispanic Or Latino,2012-04-13 00:00:00,EUR,No,C50.9,8520/3,C50.9,Yes,Yes,No,MX,N1A,T2,Tumor Free,16.3067,0:CENSORED,No,White,No,-16,1,Female,BRCA_LumA,-32
0:LIVING,TCGA-AC-A6IX-01,TCGA-AC-A6IX,7486A2B3-B09F-4E9C-9864-8B51B58D9FB3,12.2629,0:LIVING,0:LIVING,0:LIVING,0.833333,0.166667,0.880062,0.119938,0.872008,0.127992,8,0,0,0,0,brca_tcga_pan_can_atlas_2018,5,Breast Cancer,Breast Invasive Lobular Carcinoma,0.1912,0.3363,0,48,ILC,Primary,Matched,116,Yes,No,International Genomics Consortium,AC,1.63333,Breast,Infiltrating Lobular Carcinoma,49,STAGE IIIC,-41,BRCA,373,-17969,0,12.2629,0:DiseaseFree,12.2629,0:ALIVE OR DEAD TUMOR FREE,Not Hispanic Or Latino,2013-10-21 00:00:00,EUR,No,C50.9,8520/3,C50.9,Yes,Yes,No,MX,N3A,T2,Tumor Free,12.2629,0:CENSORED,No,White,Yes,-4,1,Female,BRCA_LumA,-54
0:LIVING,TCGA-AN-A0AJ-01,TCGA-AN-A0AJ,9646160a-f1f9-437b-8c7d-efb0b57bfb97,9.96153,0:LIVING,0:LIVING,0:LIVING,1,0,0.833525,0.166475,0.857572,0.142428,8,1,0,1,0,brca_tcga_pan_can_atlas_2018,16,Breast Cancer,Breast Invasive Ductal Carcinoma,0.6855,0.252,1.25,77,IDC,Primary,Matched,438,No,Yes,Cureline,AN,2.56667,Breast,Infiltrating Ductal Carcinoma,79,STAGE IIB,21,BRCA,303,-29131,0,9.96153,0:DiseaseFree,9.96153,0:ALIVE OR DEAD TUMOR FREE,Not Hispanic Or Latino,2010-12-20 00:00:00,EUR,No,C50.9,8522/3,C50.9,Yes,Yes,No,M0,N0,T3,Tumor Free,9.96153,0:CENSORED,No,White,No,24,1,Female,BRCA_LumB,22
0:LIVING,TCGA-AN-A0AR-01,TCGA-AN-A0AR,ebc460c2-df88-4dc0-a2c0-aca8072b75ad,0.328764,0:LIVING,0:LIVING,0:LIVING,1,0,0.857902,0.142098,0.898314,0.101686,8,1,0,1,1,brca_tcga_pan_can_atlas_2018,10,Breast Cancer,Breast Invasive Ductal Carcinoma,0.5378,0.2932,2.5,111,IDC,Primary,Matched,394,No,Yes,Cureline,AN,3.66667,Breast,Infiltrating Ductal Carcinoma,55,STAGE IIA,9,BRCA,10,-20152,0,0.328764,0:DiseaseFree,0.328764,0:ALIVE OR DEAD TUMOR FREE,Not Hispanic Or Latino,2010-12-28 00:00:00,EUR,No,C50.9,8500/3,C50.9,Yes,Yes,,M0,N0,T2,Tumor Free,0.328764,0:CENSORED,No,White,No,10,1,Female,BRCA_Basal,14
0:LIVING,TCGA-AN-A0XN-01,TCGA-AN-A0XN,4e3699da-4367-4a43-9d66-a117d3ad460d,0.328764,0:LIVING,0:LIVING,0:LIVING,1,0,0.846911,0.153089,0.912965,0.0870353,8,1,0,1,0,brca_tcga_pan_can_atlas_2018,12,Breast Cancer,Breast Invasive Ductal Carcinoma,0.5133,0.3135,0.45,146,IDC,Primary,Matched,443,No,Yes,Cureline,AN,4.86667,Breast,Infiltrating Ductal Carcinoma,68,STAGE IIIA,19,BRCA,10,-25029,0,0.328764,0:DiseaseFree,0.328764,0:ALIVE OR DEAD TUMOR FREE,Not Hispanic Or Latino,2011-03-25 00:00:00,EUR,No,C50.9,8500/3,C50.9,Yes,Yes,,M0,N2,T2,Tumor Free,0.328764,0:CENSORED,No,White,No,6,1,Female,BRCA_LumA,10
0:LIVING,TCGA-AN-A0XS-01,TCGA-AN-A0XS,95e949d3-b1f3-46c6-9451-8fe92c99e4cf,0.328764,0:LIVING,0:LIVING,0:LIVING,1,0,0.851418,0.148582,0.885355,0.114645,8,0,0,0,0,brca_tcga_pan_can_atlas_2018,19,Breast Cancer,Breast Invasive Ductal Carcinoma,0.0804,0.2944,0.04,26,IDC,Primary,Matched,6,No,Yes,Cureline,AN,0.866667,Breast,Infiltrating Ductal Carcinoma,63,STAGE IIIA,-33,BRCA,10,-23358,0,0.328764,0:DiseaseFree,0.328764,0:ALIVE OR DEAD TUMOR FREE,Not Hispanic Or Latino,2011-03-28 00:00:00,EUR,No,C50.9,8500/3,C50.9,Yes,Yes,No,M0,N2,T2,,0.328764,0:CENSORED,No,White,No,-12,1,Female,BRCA_LumA,-32
0:LIVING,TCGA-AO-A0JG-01,TCGA-AO-A0JG,58959e88-54e2-4558-9664-2effda7403dc,26.2353,0:LIVING,0:LIVING,0:LIVING,0.639286,0.360714,0.860946,0.139054,0.830479,0.169521,8,1,1,0,0,brca_tcga_pan_can_atlas_2018,6,Breast Cancer,Breast Invasive Carcinoma (NOS),0.2284,0.2799,0.02,16,BRCNOS,Primary,Matched,109,No,Yes,MSKCC,AO,0.533333,Breast,Other,49,STAGE IIIA,-39,BRCA,798,-18021,0,,,26.2353,0:ALIVE OR DEAD TUMOR FREE,Not Hispanic Or Latino,2010-09-20 00:00:00,EUR,No,C50.9,8523/3,C50.9,Yes,Yes,No,M0,N2A,T2,Tumor Free,26.2353,0:CENSORED,No,White,Yes,-24,1,Female,BRCA_LumA,-42
0:LIVING,TCGA-AO-A12A-01,TCGA-AO-A12A,99927651-34be-4795-893a-128d8a1fdb30,102.311,0:LIVING,0:LIVING,0:LIVING,0.833333,0.166667,0.862551,0.137449,0.859919,0.140081,8,0,0,0,0,brca_tcga_pan_can_atlas_2018,25,Breast Cancer,Breast Invasive Ductal Carcinoma,0.1372,0.2771,0.02,14,IDC,Primary,Matched,3,No,Yes,MSKCC,AO,0.466667,Breast,Infiltrating Ductal Carcinoma,47,STAGE IIA,-39,BRCA,2755,-17420,0,,,102.311,0:ALIVE OR DEAD TUMOR FREE,Not Hispanic Or Latino,2010-12-08 00:00:00,EUR,No,C50.9,8500/3,C50.9,Yes,Yes,,M0,N0 (I+),T2,Tumor Free,102.311,0:CENSORED,No,White,No,-6,1,Female,BRCA_LumA,-18
0:LIVING,TCGA-AO-A1KO-01,TCGA-AO-A1KO,c25898b4-eb33-42f4-bf3f-bf532a929e7d,20.4491,0:LIVING,0:LIVING,0:LIVING,0.925,0.075,0.867425,0.132575,0.856475,0.143525,8,0,0,0,0,brca_tcga_pan_can_atlas_2018,,Breast Cancer,Breast Invasive Lobular Carcinoma,0,0.3223,0.53,5,ILC,Primary,Matched,2,No,Yes,MSKCC,AO,0.166667,Breast,Infiltrating Lobular Carcinoma,46,STAGE IIB,-37,BRCA,448,-16817,0,20.4491,0:DiseaseFree,20.4491,0:ALIVE OR DEAD TUMOR FREE,Not Hispanic Or Latino,2011-04-01 00:00:00,EUR,No,C50.9,8520/3,C50.9,Yes,Yes,,M0,N0 (I+),T3,Tumor Free,20.4491,0:CENSORED,No,White,No,-18,1,Female,BRCA_Normal,-30
0:LIVING,TCGA-AQ-A04H-01,TCGA-AQ-A04H,83f943c7-3975-4b4f-985d-9c057741793b,24.7888,0:LIVING,0:LIVING,0:LIVING,0.933333,0.0666667,0.851089,0.148911,0.799465,0.200535,8,1,1,1,0,brca_tcga_pan_can_atlas_2018,15,Breast Cancer,Breast Invasive Ductal Carcinoma,0.4203,0.2685,0.73,60,IDC,Primary,Matched,240,No,Yes,UNC,AQ,2,Breast,Infiltrating Ductal Carcinoma,61,STAGE IIIA,-9,BRCA,754,-22539,0,24.7888,0:DiseaseFree,24.7888,0:ALIVE OR DEAD TUMOR FREE,Not Hispanic Or Latino,2010-12-15 00:00:00,EUR,No,C50.9,8500/3,C50.9,Yes,Yes,No,MX,N2A,T2,Tumor Free,24.7888,0:CENSORED,No,White,Yes,6,1,Female,BRCA_LumB,-20
0:LIVING,TCGA-AR-A0TP-01,TCGA-AR-A0TP,ab89bb2e-da84-4116-a8cd-49aad7bbfd4d,140.546,0:LIVING,0:LIVING,0:LIVING,1,0,0.866801,0.133199,0.837952,0.162048,8,1,0,1,0,brca_tcga_pan_can_atlas_2018,5,Breast Cancer,Breast Invasive Ductal Carcinoma,0.5144,0.3145,1.38,54,IDC,Primary,Matched,145,No,Yes,Mayo,AR,1.8,Breast,Infiltrating Ductal Carcinoma,43,STAGE IIA,21,BRCA,4275,-15812,0,140.546,0:DiseaseFree,140.546,0:ALIVE OR DEAD TUMOR FREE,Not Hispanic Or Latino,2011-02-25 00:00:00,EUR,No,C50.9,8500/3,C50.9,Yes,Yes,No,M0,N0,T2,,140.546,0:CENSORED,No,White,Yes,18,1,Female,BRCA_Basal,8
0:LIVING,TCGA-AR-A0U0-01,TCGA-AR-A0U0,e3c336f5-c32f-4c5d-81fb-e2408ae145b2,65.3582,0:LIVING,0:LIVING,0:LIVING,0.9,0.1,0.839866,0.160134,0.867086,0.132914,8,1,0,1,1,brca_tcga_pan_can_atlas_2018,20,Breast Cancer,Breast Invasive Ductal Carcinoma,0.4875,0.2984,0.78,37,IDC,Primary,Matched,73,No,Yes,Mayo,AR,1.23333,Breast,Infiltrating Ductal Carcinoma,73,STAGE IIB,17,BRCA,1988,-26993,0,65.3582,0:DiseaseFree,65.3582,0:ALIVE OR DEAD TUMOR FREE,,2011-03-07 00:00:00,EUR,No,C50.9,8500/3,C50.9,Yes,Yes,No,M0,N1,T2,,65.3582,0:CENSORED,No,White,Yes,14,1,Female,BRCA_Basal,-2
0:LIVING,TCGA-AR-A1AX-01,TCGA-AR-A1AX,f72c1d69-da35-459f-8542-59bfd6c09c23,86.4319,0:LIVING,0:LIVING,0:LIVING,1,0,0.850694,0.149306,0.868002,0.131998,8,1,0,1,0,brca_tcga_pan_can_atlas_2018,7,Breast Cancer,Breast Invasive Ductal Carcinoma,0.0366,0.2683,0,26,IDC,Primary,Matched,20,No,Yes,Mayo,AR,0.866667,Breast,Infiltrating Ductal Carcinoma,64,STAGE I,-27,BRCA,2629,-23507,0,86.4319,0:DiseaseFree,86.4319,0:ALIVE OR DEAD TUMOR FREE,Not Hispanic Or Latino,2011-06-14 00:00:00,EUR,No,C50.9,8500/3,C50.9,Yes,Yes,No,M0,N0,T1,,86.4319,0:CENSORED,No,White,Yes,10,1,Female,BRCA_LumA,-34
0:LIVING,TCGA-AR-A24N-01,TCGA-AR-A24N,30047d32-0833-4aca-98d1-3b9ab7122863,99.7797,0:LIVING,0:LIVING,0:LIVING,1,0,0.860496,0.139504,0.868756,0.131244,8,0,0,0,0,brca_tcga_pan_can_atlas_2018,3,Breast Cancer,Breast Invasive Ductal Carcinoma,0.1106,0.3066,0.05,32,IDC,Primary,Matched,5,No,Yes,Mayo,AR,1.06667,Breast,Infiltrating Ductal Carcinoma,54,STAGE I,-19,BRCA,3035,-19989,0,99.7797,0:DiseaseFree,99.7797,0:ALIVE OR DEAD TUMOR FREE,Not Hispanic Or Latino,2011-08-16 00:00:00,EUR,No,C50.9,8500/3,C50.9,Yes,Yes,No,M0,N0,T1,,99.7797,0:CENSORED,No,White,No,12,1,Female,BRCA_LumB,-18
0:LIVING,TCGA-AR-A2LN-01,TCGA-AR-A2LN,A076F135-BE82-40FA-8516-285ED355C965,38.1694,0:LIVING,0:LIVING,0:LIVING,0.825,0.175,0.854375,0.145625,0.954824,0.0451763,8,0,0,0,0,brca_tcga_pan_can_atlas_2018,2,Breast Cancer,Breast Invasive Lobular Carcinoma,0.0982,0.2847,0.03,38,ILC,Primary,Matched,44,No,Yes,Mayo,AR,1.26667,Breast,Infiltrating Lobular Carcinoma,65,STAGE IIA,-45,BRCA,1161,-23992,0,38.1694,0:DiseaseFree,38.1694,0:ALIVE OR DEAD TUMOR FREE,Not Hispanic Or Latino,2012-01-12 00:00:00,EUR,No,C50.9,8520/3,C50.9,Yes,Yes,No,M0,N0,T2,,38.1694,0:CENSORED,No,White,No,-20,1,Female,BRCA_LumA,-38
0:LIVING,TCGA-AR-A2LQ-01,TCGA-AR-A2LQ,4229E432-6AC5-49D2-B58A-E8713DDB79BD,40.5365,0:LIVING,0:LIVING,0:LIVING,1,0,0.859688,0.140312,0.934294,0.0657056,8,0,0,0,0,brca_tcga_pan_can_atlas_2018,1,Breast Cancer,Breast Invasive Lobular Carcinoma,0,0.3312,0,10,ILC,Primary,Matched,1,No,Yes,Mayo,AR,0.333333,Breast,Infiltrating Lobular Carcinoma,59,STAGE IIB,-37,BRCA,1233,-21865,0,40.5365,0:DiseaseFree,40.5365,0:ALIVE OR DEAD TUMOR FREE,Not Hispanic Or Latino,2012-01-12 00:00:00,EUR,No,C50.9,8520/3,C50.9,Yes,Yes,No,M0,N0,T3,,40.5365,0:CENSORED,No,White,Yes,-16,1,Female,BRCA_Normal,-22
0:LIVING,TCGA-AR-A5QP-01,TCGA-AR-A5QP,3C275152-D04B-440C-9621-2FC05EA977B6,38.9585,0:LIVING,0:LIVING,0:LIVING,1,0,0.872971,0.127029,0.956036,0.0439639,8,0,0,0,0,brca_tcga_pan_can_atlas_2018,8,Breast Cancer,Breast Invasive Lobular Carcinoma,0.1282,0.3078,0,27,ILC,Primary,Matched,28,No,Yes,Mayo,AR,0.866667,Breast,Infiltrating Lobular Carcinoma,54,STAGE IIB,-13,BRCA,1185,-19805,0,,,38.9585,0:ALIVE OR DEAD TUMOR FREE,Not Hispanic Or Latino,2013-05-15 00:00:00,EUR,No,C50.9,8520/3,C50.9,Yes,Yes,No,M0,N1,T2,Tumor Free,38.9585,0:CENSORED,No,White,Yes,-12,1,Female,BRCA_LumA,-30
1:DECEASED,TCGA-B6-A0RH-01,TCGA-B6-A0RH,c3148e68-1739-4334-abda-1dcbc2166846,212.25,0:LIVING,0:LIVING,0:LIVING,0.888333,0.111667,0.859011,0.140989,0.554704,0.445296,8,1,0,1,0,brca_tcga_pan_can_atlas_2018,10,Breast Cancer,Breast Invasive Ductal Carcinoma,0.2783,0.2945,0.22,36,IDC,Primary,Matched,194,No,Yes,Duke,B6,1.26667,Breast,Infiltrating Ductal Carcinoma,51,STAGE IIA,17,BRCA,5749,-18759,0,71.1773,1:Recurred/Progressed,212.25,0:ALIVE OR DEAD TUMOR FREE,Not Hispanic Or Latino,2011-03-15 00:00:00,AFR,No,C50.9,8500/3,C50.9,Yes,Yes,No,M0,N0 (I-),T2,Tumor Free,71.1773,1:PROGRESSION,No,Black or African American,No,12,1,Female,BRCA_Her2,22
1:DECEASED,TCGA-B6-A0WY-01,TCGA-B6-A0WY,f475d460-75cd-4fe9-aa54-c90be12b4ef8,113.785,1:DECEASED,0:LIVING,1:DECEASED,0.49,0.51,0.869727,0.130273,0.0742506,0.925749,8,0,0,0,0,brca_tcga_pan_can_atlas_2018,25,Breast Cancer,Breast Invasive Ductal Carcinoma,0.0836,0.2894,0.08,31,IDC,Primary,Matched,69,No,Yes,Duke,B6,1.03333,Breast,Infiltrating Ductal Carcinoma,40,STAGE IIIA,-29,BRCA,,-14778,0,66.1143,1:Recurred/Progressed,113.785,1:DEAD WITH TUMOR,Not Hispanic Or Latino,2010-12-14 00:00:00,EUR,No,C50.9,8500/3,C50.9,Yes,Yes,Yes,M0,N1B,T3,With Tumor,66.1143,1:PROGRESSION,No,White,Yes,-10,1,Female,BRCA_LumA,0
1:DECEASED,TCGA-B6-A0X0-01,TCGA-B6-A0X0,1e68e760-a4cf-4100-bf9c-e50fa8d126f6,129.697,1:DECEASED,0:LIVING,0:LIVING,0.15,0.85,0.859224,0.140776,0.465378,0.534622,8,0,0,0,0,brca_tcga_pan_can_atlas_2018,5,Breast Cancer,Breast Invasive Carcinoma (NOS),0.1143,0.263,0.05,18,BRCNOS,Primary,Matched,9,No,Yes,Duke,B6,0.633333,Breast,Other,54,STAGE I,-33,BRCA,,-19802,0,129.697,0:DiseaseFree,129.697,,Not Hispanic Or Latino,2011-03-15 00:00:00,EUR,No,C50.919,8201/3,C50.9,Yes,Yes,No,M0,N0 (I-),T1C,,129.697,0:CENSORED,No,White,No,-8,1,Female,BRCA_LumA,-32
0:LIVING,TCGA-4H-AAAK-01,TCGA-4H-AAAK,6623FC5E-00BE-4476-967A-CBD55F676EA6,11.441,0:LIVING,0:LIVING,0:LIVING,0.966667,0.0333333,0.897497,0.102503,0.808919,0.191081,9,0,0,0,0,brca_tcga_pan_can_atlas_2018,7,Breast Cancer,Breast Invasive Lobular Carcinoma,0.2364,0.3411,0.01,20,ILC,Primary,Matched,36,Yes,No,"Proteogenex, Inc.",4H,0.7,Breast,Infiltrating Lobular Carcinoma,50,STAGE IIIA,-27,BRCA,348,-18371,0,11.441,0:DiseaseFree,11.441,0:ALIVE OR DEAD TUMOR FREE,Not Hispanic Or Latino,2014-11-13 00:00:00,EUR,No,C50.9,8520/3,C50.9,Yes,Yes,No,M0,N2A,T2,Tumor Free,11.441,0:CENSORED,No,White,No,-4,1,Female,BRCA_LumA,-20
0:LIVING,TCGA-A2-A04Y-01,TCGA-A2-A04Y,9ce7ce09-4409-4fa3-9f78-b2b24716f860,36.1311,0:LIVING,0:LIVING,0:LIVING,1,0,0.861222,0.138778,0.808919,0.191081,9,0,0,0,0,brca_tcga_pan_can_atlas_2018,4,Breast Cancer,Breast Invasive Ductal Carcinoma,0.147,0.293,0.1,48,IDC,Primary,Matched,171,No,Yes,Walter Reed,A2,1.6,Breast,Infiltrating Ductal Carcinoma,53,STAGE IIB,5,BRCA,1099,-19533,0,36.1311,0:DiseaseFree,36.1311,0:ALIVE OR DEAD TUMOR FREE,,2010-08-09 00:00:00,EUR,No,C50.9,8500/3,C50.9,Yes,Yes,,M0,N1MI,T2,Tumor Free,36.1311,0:CENSORED,No,White,Yes,8,1,Female,BRCA_LumB,6
0:LIVING,TCGA-A2-A0CR-01,TCGA-A2-A0CR,4CF0F639-7940-48B6-8EA1-2A3494097CDB,107.933,0:LIVING,0:LIVING,0:LIVING,0.988889,0.0111111,0.845831,0.154169,0.808919,0.191081,9,0,0,0,0,brca_tcga_pan_can_atlas_2018,6,Breast Cancer,Breast Invasive Lobular Carcinoma,0,0.2975,0,134,ILC,Primary,Matched,11,No,Yes,Walter Reed,A2,4.5,Breast,Infiltrating Lobular Carcinoma,54,STAGE IIB,-17,BRCA,3283,-20075,0,,,107.933,0:ALIVE OR DEAD TUMOR FREE,Not Hispanic Or Latino,2012-06-05 00:00:00,EAS,No,C50.9,8520/3,C50.9,Yes,Yes,No,M0,N0,T3,Tumor Free,107.933,0:CENSORED,No,Asian,No,-4,1,Female,BRCA_LumA,-16
0:LIVING,TCGA-A2-A0D0-01,TCGA-A2-A0D0,324bcba2-f6a4-45a6-807c-215bdffcca21,67.3308,0:LIVING,0:LIVING,0:LIVING,0.766667,0.233333,0.843397,0.156603,0.808919,0.191081,9,1,0,1,0,brca_tcga_pan_can_atlas_2018,17,Breast Cancer,Breast Invasive Ductal Carcinoma,0.7061,0.3096,1.96,73,IDC,Primary,Matched,428,No,Yes,Walter Reed,A2,2.46667,Breast,Infiltrating Ductal Carcinoma,60,STAGE IIA,29,BRCA,2048,-22115,0,67.3308,0:DiseaseFree,67.3308,0:ALIVE OR DEAD TUMOR FREE,Not Hispanic Or Latino,2010-09-16 00:00:00,AFR,No,C50.9,8500/3,C50.9,Yes,Yes,,M0,N0 (I-),T2,Tumor Free,67.3308,0:CENSORED,No,Black or African American,No,14,1,Female,BRCA_Basal,24
0:LIVING,TCGA-A2-A0EP-01,TCGA-A2-A0EP,670F5022-5066-48F1-8472-5670129A1E0F,118.453,0:LIVING,0:LIVING,0:LIVING,1,0,0.842101,0.157899,0.808919,0.191081,9,0,0,0,0,brca_tcga_pan_can_atlas_2018,,Breast Cancer,Breast Invasive Lobular Carcinoma,0,0.2896,0,9,ILC,Primary,Matched,2,No,Yes,Walter Reed,A2,0.3,Breast,Infiltrating Lobular Carcinoma,56,STAGE I,-29,BRCA,3603,-20585,0,118.453,0:DiseaseFree,118.453,0:ALIVE OR DEAD TUMOR FREE,Not Hispanic Or Latino,2012-08-16 00:00:00,EUR,No,C50.9,8520/3,C50.9,Yes,Yes,No,M0,N0 (I+),T1,Tumor Free,118.453,0:CENSORED,No,White,No,-18,1,Female,BRCA_LumA,-46
0:LIVING,TCGA-A2-A0EU-01,TCGA-A2-A0EU,c0427237-b476-4af4-b664-7bd479922ea5,34.29,0:LIVING,0:LIVING,0:LIVING,1,0,0.836724,0.163276,0.808919,0.191081,9,0,0,0,0,brca_tcga_pan_can_atlas_2018,26,Breast Cancer,Breast Invasive Ductal Carcinoma,0.5175,0.2729,0.1,44,IDC,Primary,Matched,11,No,Yes,Walter Reed,A2,1.46667,Breast,Infiltrating Ductal Carcinoma,79,STAGE IA,-7,BRCA,1043,-29144,0,34.29,0:DiseaseFree,34.29,0:ALIVE OR DEAD TUMOR FREE,Not Hispanic Or Latino,2010-08-11 00:00:00,EUR,No,C50.9,8500/3,C50.9,Yes,Yes,No,M0,N0 (I-),T1C,Tumor Free,34.29,0:CENSORED,No,White,Yes,4,1,Female,BRCA_LumA,-14
0:LIVING,TCGA-A2-A0T5-01,TCGA-A2-A0T5,36d77496-99f8-4911-ba7c-89fae32662aa,17.4573,0:LIVING,0:LIVING,0:LIVING,1,0,0.880843,0.119157,0.808919,0.191081,9,0,0,0,0,brca_tcga_pan_can_atlas_2018,5,Breast Cancer,Breast Invasive Ductal Carcinoma,0.1153,0.2978,0.06,15,IDC,Primary,Matched,1,No,Yes,Walter Reed,A2,0.5,Breast,Infiltrating Ductal Carcinoma,39,STAGE IIA,-23,BRCA,531,-14503,0,17.4573,0:DiseaseFree,17.4573,0:ALIVE OR DEAD TUMOR FREE,Not Hispanic Or Latino,2010-11-09 00:00:00,EUR,No,C50.9,8500/3,C50.9,Yes,Yes,No,M0,N0 (I-),T2,Tumor Free,17.4573,0:CENSORED,No,White,No,0,1,Female,BRCA_LumA,-10
0:LIVING,TCGA-A2-A0T7-01,TCGA-A2-A0T7,43d5632e-7272-4aad-9496-7f5a99671223,20.745,0:LIVING,0:LIVING,0:LIVING,1,0,0.87036,0.12964,0.808919,0.191081,9,0,0,0,0,brca_tcga_pan_can_atlas_2018,12,Breast Cancer,Breast Invasive Ductal Carcinoma,0.3425,0.3038,0.02,22,IDC,Primary,Matched,91,No,Yes,Walter Reed,A2,0.766667,Breast,Infiltrating Ductal Carcinoma,51,STAGE IIA,-25,BRCA,631,-18756,0,20.745,0:DiseaseFree,20.745,0:ALIVE OR DEAD TUMOR FREE,Not Hispanic Or Latino,2010-11-17 00:00:00,EUR,No,C50.9,8500/3,C50.9,Yes,Yes,No,M0,N0 (I+),T2,Tumor Free,20.745,0:CENSORED,No,White,No,4,1,Female,BRCA_LumA,-22
0:LIVING,TCGA-A2-A0YE-01,TCGA-A2-A0YE,84a88e8d-1e65-4b88-aae6-bf4c7a7e4c33,18.2135,0:LIVING,0:LIVING,0:LIVING,0.933333,0.0666667,0.873937,0.126063,0.780084,0.219916,9,1,0,1,1,brca_tcga_pan_can_atlas_2018,24,Breast Cancer,Breast Invasive Ductal Carcinoma,0.781,0.3072,1.48,28,IDC,Primary,Matched,165,No,Yes,Walter Reed,A2,0.933333,Breast,Infiltrating Ductal Carcinoma,48,STAGE IIB,-1,BRCA,554,-17727,0,18.2135,0:DiseaseFree,18.2135,0:ALIVE OR DEAD TUMOR FREE,Not Hispanic Or Latino,2010-12-10 00:00:00,EUR,No,C50.9,8500/3,C50.9,Yes,Yes,No,M0,N1A,T2,Tumor Free,18.2135,0:CENSORED,No,White,Yes,8,1,Female,BRCA_Basal,-4
0:LIVING,TCGA-A7-A0CG-01,TCGA-A7-A0CG,67eef990-5ff4-45d1-843d-d22d7848f130,34.29,0:LIVING,0:LIVING,0:LIVING,1,0,0.839469,0.160531,0.808919,0.191081,9,0,0,0,0,brca_tcga_pan_can_atlas_2018,7,Breast Cancer,Breast Invasive Carcinoma (NOS),0.1221,0.2301,0.16,47,BRCNOS,Primary,Matched,67,Yes,No,Christiana Healthcare,A7,1.56667,Breast,Mixed Histology (NOS),78,STAGE IIA,-31,BRCA,1043,-28596,0,,,34.29,0:ALIVE OR DEAD TUMOR FREE,Not Hispanic Or Latino,2010-10-07 00:00:00,EUR,No,C50.9,8522/3,C50.9,Yes,Yes,No,M0,N0 (I-),T2,Tumor Free,34.29,0:CENSORED,No,White,Yes,2,1,Female,BRCA_LumA,-38
0:LIVING,TCGA-A7-A0CH-01,TCGA-A7-A0CH,9de678e5-67ed-4453-a98b-7ac351d5d0f1,35.4736,0:LIVING,0:LIVING,0:LIVING,1,0,0.837562,0.162438,0.808919,0.191081,9,0,0,0,0,brca_tcga_pan_can_atlas_2018,3,Breast Cancer,Breast Invasive Ductal Carcinoma,0.0627,,0.32,30,IDC,Primary,Matched,9,Yes,No,Christiana Healthcare,A7,1.83333,Breast,Infiltrating Ductal Carcinoma,79,STAGE IIA,-31,BRCA,1079,-29104,0,35.4736,0:DiseaseFree,35.4736,0:ALIVE OR DEAD TUMOR FREE,Not Hispanic Or Latino,2010-10-04 00:00:00,EUR,No,C50.9,8500/3,C50.9,Yes,Yes,No,M0,N0 (I-),T2,Tumor Free,35.4736,0:CENSORED,No,White,No,-12,1,Female,BRCA_LumA,-26
0:LIVING,TCGA-A7-A425-01,TCGA-A7-A425,A8F5C479-8685-4E2D-BB60-63F1CC651083,14.6957,0:LIVING,0:LIVING,0:LIVING,0.966667,0.0333333,0.869128,0.130872,0.808919,0.191081,9,0,0,0,0,brca_tcga_pan_can_atlas_2018,25,Breast Cancer,Breast Invasive Lobular Carcinoma,0.1447,0.3052,0,26,ILC,Primary,Matched,36,Yes,No,Christiana Healthcare,A7,0.933333,Breast,Infiltrating Lobular Carcinoma,70,STAGE IIIC,-21,BRCA,447,-25678,0,13.7752,1:Recurred/Progressed,14.6957,0:ALIVE OR DEAD TUMOR FREE,Not Hispanic Or Latino,2012-11-05 00:00:00,EUR,No,C50.9,8520/3,C50.9,Yes,Yes,Yes,MX,N3A,T3,,13.7752,1:PROGRESSION,No,White,Yes,-6,1,Female,BRCA_LumA,-18
0:LIVING,TCGA-A8-A07G-01,TCGA-A8-A07G,8cf8b620-7ab6-4b6e-84bc-ff5a83f381fa,18.9697,0:LIVING,0:LIVING,0:LIVING,1,0,0.86206,0.13794,0.745877,0.254123,9,0,0,0,0,brca_tcga_pan_can_atlas_2018,5,Breast Cancer,Breast Invasive Ductal Carcinoma,0.2875,0.2784,0.03,59,IDC,Primary,Matched,119,No,Yes,Indivumed,A8,1.96667,Breast,Infiltrating Ductal Carcinoma,65,STAGE IIA,-11,BRCA,577,-23926,0,18.9697,0:DiseaseFree,18.9697,0:ALIVE OR DEAD TUMOR FREE,,2011-05-27 00:00:00,EUR,No,C50.9,8500/3,C50.9,Yes,Yes,No,M0,N1A,T1C,Tumor Free,18.9697,0:CENSORED,No,,Yes,-4,1,Female,BRCA_LumA,-12
0:LIVING,TCGA-A8-A07Z-01,TCGA-A8-A07Z,a272171b-44f5-47a5-89be-7520413c01ad,45.0735,0:LIVING,0:LIVING,0:LIVING,0.833333,0.166667,0.83235,0.16765,0.772338,0.227662,9,0,0,0,0,brca_tcga_pan_can_atlas_2018,11,Breast Cancer,Breast Invasive Ductal Carcinoma,0.8203,0.2957,2.61,14,IDC,Primary,Matched,8,No,Yes,Indivumed,A8,0.5,Breast,Infiltrating Ductal Carcinoma,85,STAGE IIA,-11,BRCA,1371,-31351,0,45.0735,0:DiseaseFree,45.0735,0:ALIVE OR DEAD TUMOR FREE,,2011-05-27 00:00:00,EUR,No,C50.9,8500/3,C50.9,Yes,Yes,No,M0,N0,T2,Tumor Free,45.0735,0:CENSORED,No,,No,6,1,Female,BRCA_LumA,-4
0:LIVING,TCGA-A8-A091-01,TCGA-A8-A091,f39edd06-1016-4e8e-a42e-12f7e699ddc5,33.0079,0:LIVING,0:LIVING,0:LIVING,0.866667,0.133333,0.860492,0.139508,0.721155,0.278845,9,0,0,0,0,brca_tcga_pan_can_atlas_2018,17,Breast Cancer,Breast Invasive Ductal Carcinoma,0.3068,0.277,0.28,19,IDC,Primary,Matched,90,No,Yes,Indivumed,A8,0.633333,Breast,Infiltrating Ductal Carcinoma,61,STAGE IIA,-27,BRCA,1004,-22554,0,7.98895,1:Recurred/Progressed,33.0079,0:ALIVE OR DEAD TUMOR FREE,,2011-05-27 00:00:00,EUR,No,C50.9,8500/3,C50.9,Yes,Yes,Yes,M0,N0,T2,Tumor Free,7.98895,1:PROGRESSION,Yes,,Yes,-10,1,Female,BRCA_LumA,-24
0:LIVING,TCGA-A8-A09A-01,TCGA-A8-A09A,b205bba0-1870-4458-9088-8817e20389fe,9.99441,0:LIVING,0:LIVING,0:LIVING,0.916667,0.0833333,0.885199,0.114801,0.76493,0.23507,9,0,0,0,0,brca_tcga_pan_can_atlas_2018,13,Breast Cancer,Breast Invasive Ductal Carcinoma,0.426,0.256,0.03,206,IDC,Primary,Matched,196,No,Yes,Indivumed,A8,6.96667,Breast,Infiltrating Ductal Carcinoma,40,STAGE X,-27,BRCA,304,-14883,0,,,9.99441,0:ALIVE OR DEAD TUMOR FREE,,2011-05-27 00:00:00,EUR,No,C50.9,8500/3,C50.9,Yes,Yes,,M0,NX,T2,With Tumor,9.99441,0:CENSORED,No,,Yes,2,1,Female,BRCA_LumA,-22
0:LIVING,TCGA-A8-A09Q-01,TCGA-A8-A09Q,09c2bc35-c21f-4aa4-ac30-0d8db02ad811,25.0189,0:LIVING,0:LIVING,0:LIVING,1,0,0.842458,0.157542,0.627808,0.372192,9,1,0,1,0,brca_tcga_pan_can_atlas_2018,24,Breast Cancer,Breast Invasive Ductal Carcinoma,0.5959,0.2681,0.94,129,IDC,Primary,Matched,598,No,Yes,Indivumed,A8,4.3,Breast,Infiltrating Ductal Carcinoma,83,STAGE IIIB,-7,BRCA,761,-30528,0,,,25.0189,0:ALIVE OR DEAD TUMOR FREE,,2011-05-27 00:00:00,EUR,No,C50.9,8500/3,C50.9,Yes,Yes,,M0,N2A,T4B,With Tumor,25.0189,0:CENSORED,No,,No,2,1,Female,BRCA_LumB,-18
0:LIVING,TCGA-A8-A0A7-01,TCGA-A8-A0A7,995fdab7-7284-4d33-befa-ec22aa7c6479,0.986291,0:LIVING,0:LIVING,0:LIVING,0.9,0.1,0.874954,0.125046,0.810912,0.189088,9,0,0,0,0,brca_tcga_pan_can_atlas_2018,15,Breast Cancer,Breast Invasive Lobular Carcinoma,0.0491,0.217,0,194,ILC,Primary,Matched,58,No,Yes,Indivumed,A8,6.5,Breast,Infiltrating Lobular Carcinoma,57,STAGE IIB,-3,BRCA,30,-20940,0,0.986291,0:DiseaseFree,0.986291,0:ALIVE OR DEAD TUMOR FREE,,2011-05-27 00:00:00,EUR,No,C50.9,8520/3,C50.9,Yes,Yes,,M0,N1A,T2,Tumor Free,0.986291,0:CENSORED,No,,,10,1,Female,BRCA_Her2,-24
0:LIVING,TCGA-AC-A7VC-01,TCGA-AC-A7VC,2B36853F-34D3-47C5-BA6A-E5A93233D2B1,0.0328764,0:LIVING,0:LIVING,0:LIVING,0.966667,0.0333333,0.893252,0.106748,0.808919,0.191081,9,1,0,1,0,brca_tcga_pan_can_atlas_2018,1,Breast Cancer,Metaplastic Breast Cancer,0.2899,0.3371,0.02,16,MBC,Primary,Matched,33,Yes,No,International Genomics Consortium,AC,0.5,Breast,Metaplastic Carcinoma,56,STAGE IIB,31,BRCA,1,-20479,0,0.0328764,0:DiseaseFree,0.0328764,0:ALIVE OR DEAD TUMOR FREE,Not Hispanic Or Latino,2014-03-29 00:00:00,EUR,No,C50.9,8575/3,C50.9,Yes,Yes,No,MX,N0,T3,Tumor Free,0.0328764,0:CENSORED,No,White,,16,1,Female,BRCA_Basal,36
0:LIVING,TCGA-AC-A8OP-01,TCGA-AC-A8OP,B9C6C069-2A2B-4CC7-A398-DC45C132D979,20.1861,0:LIVING,0:LIVING,0:LIVING,0.966667,0.0333333,0.873465,0.126535,0.861216,0.138784,9,1,1,0,0,brca_tcga_pan_can_atlas_2018,20,Breast Cancer,Breast Invasive Ductal Carcinoma,0.2658,0.3014,0.05,137,IDC,Primary,Matched,186,Yes,No,International Genomics Consortium,AC,4.63333,Breast,Infiltrating Ductal Carcinoma,72,STAGE IA,-31,BRCA,614,-26550,0,20.1861,0:DiseaseFree,20.1861,0:ALIVE OR DEAD TUMOR FREE,Not Hispanic Or Latino,2014-02-26 00:00:00,AFR,No,C50.9,8500/3,C50.9,Yes,Yes,No,MX,N0 (I-),T1C,Tumor Free,20.1861,0:CENSORED,No,Black or African American,No,-8,1,Female,BRCA_LumA,-30
0:LIVING,TCGA-AN-A041-01,TCGA-AN-A041,316e021c-5175-4ab3-bdb6-2bf9683f657a,0.230134,0:LIVING,0:LIVING,0:LIVING,1,0,0.895693,0.104307,0.858851,0.141149,9,0,0,0,0,brca_tcga_pan_can_atlas_2018,14,Breast Cancer,Breast Invasive Ductal Carcinoma,0.3265,0.2731,0.32,28,IDC,Primary,Matched,117,No,Yes,Cureline,AN,0.933333,Breast,Infiltrating Ductal Carcinoma,29,STAGE IIB,-37,BRCA,7,-10812,0,0.230134,0:DiseaseFree,0.230134,0:ALIVE OR DEAD TUMOR FREE,Not Hispanic Or Latino,2011-04-01 00:00:00,EUR_ADMIX,No,C50.9,8500/3,C50.9,Yes,Yes,,M0,N1A,T2,,0.230134,0:CENSORED,No,White,No,-8,1,Female,BRCA_LumA,-10
0:LIVING,TCGA-AN-A0FV-01,TCGA-AN-A0FV,2e8e70f2-c781-44c2-8f12-1f8c2f536aa3,0.328764,0:LIVING,0:LIVING,0:LIVING,1,0,0.871523,0.128477,0.898983,0.101017,9,1,0,1,0,brca_tcga_pan_can_atlas_2018,19,Breast Cancer,Breast Invasive Ductal Carcinoma,0.5399,0.2554,0.67,81,IDC,Primary,Matched,199,No,Yes,Cureline,AN,2.7,Breast,Infiltrating Ductal Carcinoma,58,STAGE IIA,19,BRCA,10,-21479,0,0.328764,0:DiseaseFree,0.328764,0:ALIVE OR DEAD TUMOR FREE,Not Hispanic Or Latino,2010-12-28 00:00:00,EUR,No,C50.9,8500/3,C50.9,Yes,Yes,,M0,N0,T2,Tumor Free,0.328764,0:CENSORED,No,White,No,16,1,Female,BRCA_Her2,36
0:LIVING,TCGA-AN-A0FW-01,TCGA-AN-A0FW,e112b452-8850-4353-bfed-0dbdc243290b,0.36164,0:LIVING,0:LIVING,0:LIVING,1,0,0.863875,0.136125,0.895254,0.104746,9,0,0,0,0,brca_tcga_pan_can_atlas_2018,20,Breast Cancer,Breast Invasive Ductal Carcinoma,0.1949,0.3358,0.56,108,IDC,Primary,Matched,290,No,Yes,Cureline,AN,3.56667,Breast,Infiltrating Ductal Carcinoma,67,STAGE IIIA,-13,BRCA,11,-24692,0,0.36164,0:DiseaseFree,0.36164,0:ALIVE OR DEAD TUMOR FREE,Not Hispanic Or Latino,2010-12-28 00:00:00,EUR,No,C50.9,8500/3,C50.9,Yes,Yes,No,M0,N2,T2,Tumor Free,0.36164,0:CENSORED,No,White,No,10,1,Female,BRCA_LumA,0
0:LIVING,TCGA-AN-A0XO-01,TCGA-AN-A0XO,195b6731-6ae6-416e-a345-0eb8874a0ca2,12.3286,0:LIVING,0:LIVING,0:LIVING,1,0,0.869428,0.130572,0.808919,0.191081,9,0,0,0,0,brca_tcga_pan_can_atlas_2018,4,Breast Cancer,Breast Invasive Ductal Carcinoma,0.2092,0.3185,0.1,34,IDC,Primary,Matched,44,No,Yes,Cureline,AN,1.1,Breast,Infiltrating Ductal Carcinoma,59,STAGE IIIA,-11,BRCA,375,-21640,0,12.3286,0:DiseaseFree,12.3286,0:ALIVE OR DEAD TUMOR FREE,Not Hispanic Or Latino,2011-05-01 00:00:00,EUR,No,C50.9,8500/3,C50.9,Yes,Yes,,M0,N2,T2,Tumor Free,12.3286,0:CENSORED,No,White,No,0,1,Female,BRCA_LumA,0
0:LIVING,TCGA-AN-A0XV-01,TCGA-AN-A0XV,ac18b3a3-8d52-4e35-8625-673171a7fd92,5.32597,0:LIVING,0:LIVING,0:LIVING,1,0,0.863797,0.136203,0.894574,0.105426,9,0,0,0,0,brca_tcga_pan_can_atlas_2018,2,Breast Cancer,Breast Invasive Ductal Carcinoma,0.0851,0.2715,0.08,32,IDC,Primary,Matched,132,No,Yes,Cureline,AN,1.06667,Breast,Infiltrating Ductal Carcinoma,67,STAGE IIIA,-17,BRCA,162,-24779,0,5.32597,0:DiseaseFree,5.32597,0:ALIVE OR DEAD TUMOR FREE,Not Hispanic Or Latino,2011-03-29 00:00:00,EUR,No,C50.9,8500/3,C50.9,Yes,Yes,No,M0,N2,T2,,5.32597,0:CENSORED,No,White,No,0,1,Female,BRCA_LumA,-26
0:LIVING,TCGA-AO-A03M-01,TCGA-AO-A03M,095c7985-3842-494f-b591-706ad1cd2133,61.3473,0:LIVING,0:LIVING,0:LIVING,0.95,0.05,0.874795,0.125205,0.901709,0.0982907,9,0,0,0,0,brca_tcga_pan_can_atlas_2018,14,Breast Cancer,Breast Invasive Ductal Carcinoma,0.163,,0.07,754,IDC,Primary,Matched,131,No,Yes,MSKCC,AO,25.2667,Breast,Infiltrating Ductal Carcinoma,29,STAGE I,9,BRCA,1866,-10616,0,61.3473,0:DiseaseFree,61.3473,0:ALIVE OR DEAD TUMOR FREE,Not Hispanic Or Latino,2011-01-09 00:00:00,EUR,No,C50.9,8500/3,C50.9,Yes,Yes,No,M0,N0 (I-),T1C,Tumor Free,61.3473,0:CENSORED,No,White,No,16,1,Female,BRCA_LumA,16
1:DECEASED,TCGA-AO-A03O-01,TCGA-AO-A03O,1111fb30-46ce-4722-98da-ec9ba2323d90,81.632,0:LIVING,0:LIVING,0:LIVING,1,0,0.841875,0.158125,0.811469,0.188531,9,1,0,1,0,brca_tcga_pan_can_atlas_2018,24,Breast Cancer,Breast Invasive Ductal Carcinoma,0.3537,0.2729,0.88,72,IDC,Primary,Matched,499,No,Yes,MSKCC,AO,2.46667,Breast,Infiltrating Ductal Carcinoma,69,STAGE IIA,-5,BRCA,,-25362,0,81.632,0:DiseaseFree,81.632,0:ALIVE OR DEAD TUMOR FREE,Not Hispanic Or Latino,2010-09-19 00:00:00,AFR_ADMIX,No,C50.9,8500/3,C50.9,Yes,Yes,,M0,N0 (I-),T2,Tumor Free,81.632,0:CENSORED,No,Black or African American,No,18,1,Female,BRCA_LumB,-22
0:LIVING,TCGA-AO-A03T-01,TCGA-AO-A03T,dd6b64a8-d546-4fd1-bbbd-ac9703791cae,69.8294,0:LIVING,0:LIVING,0:LIVING,1,0,0.867384,0.132616,0.801887,0.198113,9,0,0,0,0,brca_tcga_pan_can_atlas_2018,6,Breast Cancer,Breast Invasive Ductal Carcinoma,0.2679,0.2639,0.02,89,IDC,Primary,Matched,50,No,Yes,MSKCC,AO,2.96667,Breast,Infiltrating Ductal Carcinoma,42,STAGE IIB,13,BRCA,1456,-15540,0,69.8294,0:DiseaseFree,69.8294,0:ALIVE OR DEAD TUMOR FREE,Not Hispanic Or Latino,2010-09-19 00:00:00,EUR,No,C50.9,8500/3,C50.9,Yes,Yes,No,M0,N1A,T2,Tumor Free,69.8294,0:CENSORED,No,White,Yes,14,1,Female,BRCA_Normal,-10
0:LIVING,TCGA-AO-A0JB-01,TCGA-AO-A0JB,3ea9412b-429e-4dcf-90cd-c53be06885a1,50.6953,0:LIVING,0:LIVING,0:LIVING,0.975,0.025,0.859047,0.140953,0.81272,0.18728,9,1,0,1,0,brca_tcga_pan_can_atlas_2018,7,Breast Cancer,Breast Invasive Ductal Carcinoma,0.4249,0.2855,0.96,93,IDC,Primary,Matched,161,No,Yes,MSKCC,AO,3.13333,Breast,Infiltrating Ductal Carcinoma,50,STAGE IIIA,-7,BRCA,1542,-18561,0,50.6953,0:DiseaseFree,50.6953,0:ALIVE OR DEAD TUMOR FREE,Not Hispanic Or Latino,2010-09-19 00:00:00,EUR,No,C50.9,8500/3,C50.9,Yes,Yes,No,M0,N1A,T3,Tumor Free,50.6953,0:CENSORED,No,White,Yes,2,1,Female,BRCA_Normal,-6
0:LIVING,TCGA-AO-A0JD-01,TCGA-AO-A0JD,0a229f95-0ea1-4d63-953e-74f5ec2f3028,71.9992,0:LIVING,0:LIVING,0:LIVING,0.975,0.025,0.842365,0.157635,0.851922,0.148078,9,1,0,1,1,brca_tcga_pan_can_atlas_2018,7,Breast Cancer,Breast Invasive Ductal Carcinoma,0.3929,0.2721,0.18,100,IDC,Primary,Matched,286,No,Yes,MSKCC,AO,3.36667,Breast,Infiltrating Ductal Carcinoma,59,STAGE IIIA,7,BRCA,2190,-21831,0,71.9992,0:DiseaseFree,71.9992,0:ALIVE OR DEAD TUMOR FREE,Not Hispanic Or Latino,2010-09-20 00:00:00,EUR,No,C50.9,8500/3,C50.9,Yes,Yes,No,M0,N1A,T3,Tumor Free,71.9992,0:CENSORED,No,White,Yes,16,1,Female,BRCA_LumB,14
0:LIVING,TCGA-AO-A12G-01,TCGA-AO-A12G,58c56d4b-3f85-4aad-a779-5f9e1791677d,53.8843,0:LIVING,0:LIVING,0:LIVING,0.9,0.1,0.840294,0.159706,0.867261,0.132739,9,1,0,1,1,brca_tcga_pan_can_atlas_2018,6,Breast Cancer,Breast Invasive Carcinoma (NOS),0.2741,,0.16,34,BRCNOS,Primary,Matched,83,No,Yes,MSKCC,AO,1.13333,Breast,Other,75,STAGE IIA,-21,BRCA,1266,-27705,0,53.8843,0:DiseaseFree,53.8843,0:ALIVE OR DEAD TUMOR FREE,Not Hispanic Or Latino,2010-12-08 00:00:00,EUR,No,C50.9,8022/3,C50.9,Yes,Yes,,M0,N0 (I+),T2,Tumor Free,53.8843,0:CENSORED,No,White,No,2,1,Female,BRCA_LumA,-16
0:LIVING,TCGA-AO-A1KP-01,TCGA-AO-A1KP,3aaabc62-f5a4-4025-9b29-5adf82c86c84,97.0839,0:LIVING,0:LIVING,0:LIVING,0.8,0.2,0.824116,0.175884,0.905424,0.0945758,9,0,0,0,0,brca_tcga_pan_can_atlas_2018,7,Breast Cancer,Breast Invasive Ductal Carcinoma,0.1817,0.2922,0.23,16,IDC,Primary,Matched,29,No,Yes,MSKCC,AO,0.533333,Breast,Infiltrating Ductal Carcinoma,77,STAGE IIA,-23,BRCA,2513,-28247,0,97.0839,0:DiseaseFree,97.0839,0:ALIVE OR DEAD TUMOR FREE,Not Hispanic Or Latino,2011-04-01 00:00:00,EUR,No,C50.9,8500/3,C50.9,Yes,Yes,,M0,N1,T1,Tumor Free,97.0839,0:CENSORED,No,White,No,8,1,Female,BRCA_LumB,-30
1:DECEASED,TCGA-AR-A0TZ-01,TCGA-AR-A0TZ,c7c34fd9-3021-45b7-b6ff-30b4196585a8,107.243,1:DECEASED,0:LIVING,0:LIVING,0.183333,0.816667,0.860167,0.139833,0.831594,0.168406,9,0,0,0,0,brca_tcga_pan_can_atlas_2018,9,Breast Cancer,Breast Invasive Ductal Carcinoma,0.8185,0.3295,0.45,55,IDC,Primary,Matched,83,No,Yes,Mayo,AR,1.86667,Breast,Infiltrating Ductal Carcinoma,43,STAGE IIIA,-29,BRCA,2316,-15720,0,43.1667,1:Recurred/Progressed,107.243,,Not Hispanic Or Latino,2011-03-07 00:00:00,EUR,No,C50.9,8500/3,C50.9,Yes,Yes,Yes,M1,N2,T2,,43.1667,1:PROGRESSION,No,White,Yes,4,1,Female,BRCA_LumA,-24
0:LIVING,TCGA-AR-A1AV-01,TCGA-AR-A1AV,daf62b56-6dd2-4ab7-adaa-f296bb86a0a5,61.2815,0:LIVING,0:LIVING,0:LIVING,0.94,0.06,0.844127,0.155873,0.811505,0.188495,9,0,0,0,0,brca_tcga_pan_can_atlas_2018,23,Breast Cancer,Breast Invasive Ductal Carcinoma,0.189,0.2618,0.47,41,IDC,Primary,Matched,44,No,Yes,Mayo,AR,1.4,Breast,Infiltrating Ductal Carcinoma,68,STAGE IIB,-41,BRCA,1864,-24875,0,61.2815,0:DiseaseFree,61.2815,0:ALIVE OR DEAD TUMOR FREE,Hispanic Or Latino,2011-06-14 00:00:00,EUR,No,C50.9,8500/3,C50.9,Yes,No,No,M0,N1,T2,,61.2815,0:CENSORED,No,White,Yes,-4,1,Male,,-42
0:LIVING,TCGA-AR-A24H-01,TCGA-AR-A24H,6f89509c-f802-482e-b4da-94553aa76fe9,160.897,0:LIVING,0:LIVING,0:LIVING,1,0,0.804891,0.195109,0.844066,0.155934,9,1,1,0,0,brca_tcga_pan_can_atlas_2018,15,Breast Cancer,Breast Invasive Lobular Carcinoma,0.4579,0.2995,0.61,125,ILC,Primary,Matched,164,No,Yes,Mayo,AR,4.16667,Breast,Infiltrating Lobular Carcinoma,65,STAGE IIA,-13,BRCA,4894,-24046,0,160.897,0:DiseaseFree,160.897,0:ALIVE OR DEAD TUMOR FREE,Not Hispanic Or Latino,2011-08-29 00:00:00,EUR,No,C50.9,8520/3,C50.9,Yes,Yes,No,M0,N0,T2,,160.897,0:CENSORED,No,White,Yes,4,1,Female,BRCA_LumB,-12
0:LIVING,TCGA-AR-A24P-01,TCGA-AR-A24P,d1fd8ed2-be13-4272-b31e-df86911db3b1,2.76161,0:LIVING,0:LIVING,0:LIVING,1,0,0.883623,0.116377,0.821499,0.178501,9,1,0,1,0,brca_tcga_pan_can_atlas_2018,8,Breast Cancer,Breast Invasive Ductal Carcinoma,0.1587,0.3262,0.21,21,IDC,Primary,Matched,1,No,Yes,Mayo,AR,0.7,Breast,Infiltrating Ductal Carcinoma,47,STAGE I,-27,BRCA,84,-17490,0,2.76161,0:DiseaseFree,2.76161,0:ALIVE OR DEAD TUMOR FREE,Not Hispanic Or Latino,2011-08-16 00:00:00,EUR,No,C50.9,8500/3,C50.9,Yes,Yes,No,M0,N0,T1,,2.76161,0:CENSORED,No,White,,4,1,Female,BRCA_LumA,-14
0:LIVING,TCGA-AR-A251-01,TCGA-AR-A251,8c51bbcb-7c8d-47ad-9193-70ca157c6900,99.6153,0:LIVING,0:LIVING,0:LIVING,0.933333,0.0666667,0.846688,0.153312,0.841061,0.158939,9,1,0,1,0,brca_tcga_pan_can_atlas_2018,13,Breast Cancer,Breast Invasive Ductal Carcinoma,0.6718,0.3554,1.79,159,IDC,Primary,Matched,393,No,Yes,Mayo,AR,5.3,Breast,Infiltrating Ductal Carcinoma,51,STAGE IIIA,9,BRCA,3030,-18771,0,99.6153,0:DiseaseFree,99.6153,0:ALIVE OR DEAD TUMOR FREE,Not Hispanic Or Latino,2011-08-30 00:00:00,EUR,No,C50.9,8500/3,C50.9,Yes,Yes,No,M0,N2,T2,,99.6153,0:CENSORED,No,White,Yes,10,1,Female,BRCA_Basal,4
1:DECEASED,TCGA-AR-A256-01,TCGA-AR-A256,d3d545b3-457f-4389-821f-704cb24aff7f,93.8291,1:DECEASED,0:LIVING,0:LIVING,0.141667,0.858333,0.870339,0.129661,0.838113,0.161887,9,1,0,1,0,brca_tcga_pan_can_atlas_2018,17,Breast Cancer,Breast Invasive Ductal Carcinoma,0.6832,0.3504,4.53,171,IDC,Primary,Matched,570,No,Yes,Mayo,AR,5.66667,Breast,Infiltrating Ductal Carcinoma,45,STAGE IIA,11,BRCA,,-16642,0,53.9172,1:Recurred/Progressed,93.8291,,,2011-08-31 00:00:00,EUR,No,C50.9,8500/3,C50.9,Yes,Yes,Yes,M0,N0,T2,,53.9172,1:PROGRESSION,No,White,No,6,1,Female,BRCA_Basal,12
0:LIVING,TCGA-AR-A2LE-01,TCGA-AR-A2LE,E3FCBF94-D3EF-4A37-AA45-5297F96AF9EB,166.42,0:LIVING,0:LIVING,0:LIVING,0.81,0.19,0.800594,0.199406,0.91689,0.0831102,9,0,0,0,0,brca_tcga_pan_can_atlas_2018,4,Breast Cancer,Breast Invasive Lobular Carcinoma,0.0725,0.3011,0.03,256,ILC,Primary,Matched,8,No,Yes,Mayo,AR,8.63333,Breast,Infiltrating Lobular Carcinoma,69,STAGE I,-37,BRCA,5062,-25499,0,166.42,0:DiseaseFree,166.42,0:ALIVE OR DEAD TUMOR FREE,Not Hispanic Or Latino,2012-01-12 00:00:00,EUR,No,C50.9,8520/3,C50.9,Yes,Yes,No,M0,N0,T1,,138.179,1:PROGRESSION,No,White,Yes,-22,1,Female,BRCA_LumA,-40
0:LIVING,TCGA-AR-A5QM-01,TCGA-AR-A5QM,9C895825-D6F6-4D14-A662-23212200F6E5,73.3471,0:LIVING,0:LIVING,0:LIVING,0.983333,0.0166667,0.85897,0.14103,0.853503,0.146497,9,0,0,0,0,brca_tcga_pan_can_atlas_2018,19,Breast Cancer,Breast Invasive Lobular Carcinoma,0.3151,0.2924,0.04,27,ILC,Primary,Matched,10,No,Yes,Mayo,AR,0.866667,Breast,Infiltrating Lobular Carcinoma,62,STAGE IIA,-29,BRCA,2231,-22780,0,,,73.3471,0:ALIVE OR DEAD TUMOR FREE,Not Hispanic Or Latino,2013-05-15 00:00:00,EUR,No,C50.9,8520/3,C50.9,Yes,Yes,No,M0,N0,T2,Tumor Free,31.8243,1:PROGRESSION,Yes,White,Yes,-10,1,Female,BRCA_LumA,-4
1:DECEASED,TCGA-AR-A5QQ-01,TCGA-AR-A5QQ,3AF31FCF-AD0C-4FD9-A8E3-10F9176B5E9D,10.5862,1:DECEASED,0:LIVING,0:LIVING,0.166667,0.833333,0.862543,0.137457,0.818528,0.181472,9,1,0,1,1,brca_tcga_pan_can_atlas_2018,7,Breast Cancer,Breast Invasive Carcinoma (NOS),0.0004,0.3139,0,66,BRCNOS,Primary,Matched,26,No,Yes,Mayo,AR,2.23333,Breast,Other,68,STAGE IIIA,47,BRCA,,-24841,0,,,10.5862,1:DEAD WITH TUMOR,Not Hispanic Or Latino,2013-05-15 00:00:00,EUR,No,C50.9,8575/3,C50.9,Yes,Yes,Yes,M0,N1,T3,Tumor Free,9.89578,1:PROGRESSION,No,White,Yes,26,1,Female,BRCA_Basal,78
0:LIVING,TCGA-B6-A0RG-01,TCGA-B6-A0RG,9b13927c-7357-44fd-8385-92ae6a656b7d,68.4486,0:LIVING,0:LIVING,0:LIVING,0.725,0.275,0.874455,0.125545,0.974006,0.0259936,9,1,1,0,0,brca_tcga_pan_can_atlas_2018,7,Breast Cancer,Breast Invasive Ductal Carcinoma,0.3585,0.2716,0.49,68,IDC,Primary,Matched,58,No,Yes,Duke,B6,2.26667,Breast,Infiltrating Ductal Carcinoma,26,STAGE IIB,-21,BRCA,2082,-9840,0,68.4486,0:DiseaseFree,68.4486,0:ALIVE OR DEAD TUMOR FREE,Not Hispanic Or Latino,2010-11-02 00:00:00,EUR,No,C50.9,8500/3,C50.9,Yes,Yes,No,M0,N0 (I-),T3,Tumor Free,68.4486,0:CENSORED,No,White,No,4,1,Female,BRCA_LumA,-4
1:DECEASED,TCGA-B6-A0WS-01,TCGA-B6-A0WS,197741de-a098-4f04-bb37-8ea8b3bb39bc,97.4784,1:DECEASED,0:LIVING,0:LIVING,0.447381,0.552619,0.856528,0.143472,0.682124,0.317876,9,0,0,0,0,brca_tcga_pan_can_atlas_2018,9,Breast Cancer,Breast Invasive Ductal Carcinoma,0.2277,0.2843,0.12,14,IDC,Primary,Matched,62,No,Yes,Duke,B6,0.466667,Breast,Infiltrating Ductal Carcinoma,58,STAGE X,-21,BRCA,,-21230,0,,,97.4784,0:ALIVE OR DEAD TUMOR FREE,Not Hispanic Or Latino,2011-03-15 00:00:00,AFR_ADMIX,No,C50.9,8500/3,C50.9,Yes,Yes,No,MX,NX,T1C,Tumor Free,97.4784,0:CENSORED,No,Black or African American,No,0,1,Female,BRCA_LumA,-36
1:DECEASED,TCGA-B6-A0X5-01,TCGA-B6-A0X5,4e6edfe6-adcb-4c12-8ff4-38a79f5887e8,68.9417,1:DECEASED,0:LIVING,1:DECEASED,0.1,0.9,0.851773,0.148227,0.149694,0.850306,9,0,0,0,0,brca_tcga_pan_can_atlas_2018,3,Breast Cancer,Breast Invasive Ductal Carcinoma,0.0827,0.2756,0.01,36,IDC,Primary,Matched,6,No,Yes,Duke,B6,1.2,Breast,Infiltrating Ductal Carcinoma,61,STAGE IIB,-11,BRCA,,-22380,0,44.1529,1:Recurred/Progressed,68.9417,1:DEAD WITH TUMOR,Not Hispanic Or Latino,2010-12-14 00:00:00,AFR_ADMIX,No,C50.9,8500/3,C50.9,Yes,Yes,Yes,M0,N1B,T2,With Tumor,44.1529,1:PROGRESSION,No,Black or African American,No,20,1,Female,BRCA_LumB,-32
0:LIVING,TCGA-B6-A1KC-01,TCGA-B6-A1KC,1502c7d7-1535-4e56-9f34-30623acd50d5,43.594,0:LIVING,0:LIVING,0:LIVING,0.692381,0.307619,0.851936,0.148064,0.862653,0.137347,9,0,0,0,0,brca_tcga_pan_can_atlas_2018,27,Breast Cancer,Breast Invasive Ductal Carcinoma,0.5293,0.3311,1.45,26,IDC,Primary,Matched,38,No,Yes,Duke,B6,0.866667,Breast,Infiltrating Ductal Carcinoma,67,STAGE IIB,-23,BRCA,1326,-24791,0,43.594,0:DiseaseFree,43.594,0:ALIVE OR DEAD TUMOR FREE,Not Hispanic Or Latino,2011-07-19 00:00:00,EUR,No,C50.9,8500/3,C50.9,Yes,Yes,No,M0,N1,T2,Tumor Free,43.594,0:CENSORED,No,White,Yes,10,1,Female,BRCA_LumB,-40
0:LIVING,TCGA-A1-A0SF-01,TCGA-A1-A0SF,4b620966-b4c7-4615-bf58-ca9d3226b9bd,48.0981,0:LIVING,0:LIVING,0:LIVING,1,0,0.858348,0.141652,0.794123,0.205877,10,0,0,0,0,brca_tcga_pan_can_atlas_2018,14,Breast Cancer,Breast Invasive Ductal Carcinoma,0.2015,0.4042,0.36,50,IDC,Primary,Matched,58,No,Yes,UCSF,A1,1.66667,Breast,Infiltrating Ductal Carcinoma,54,STAGE IIA,-21,BRCA,1463,-19731,0,48.0981,0:DiseaseFree,48.0981,0:ALIVE OR DEAD TUMOR FREE,Not Hispanic Or Latino,2011-05-24 00:00:00,EUR,No,C50.9,8500/3,C50.9,Yes,Yes,,M0,N0,T2,Tumor Free,48.0981,0:CENSORED,No,White,,-6,1,Female,BRCA_LumA,-32
0:LIVING,TCGA-A2-A04N-01,TCGA-A2-A04N,197428f7-bd77-4c5f-8119-87157b5c35b9,143.144,0:LIVING,0:LIVING,0:LIVING,1,0,0.856644,0.143356,0.698169,0.301831,10,0,0,0,0,brca_tcga_pan_can_atlas_2018,3,Breast Cancer,Breast Invasive Ductal Carcinoma,0.0862,0.2911,0,41,IDC,Primary,Matched,13,No,Yes,Walter Reed,A2,1.36667,Breast,Infiltrating Ductal Carcinoma,66,STAGE IA,-27,BRCA,4354,-24155,0,143.144,0:DiseaseFree,143.144,0:ALIVE OR DEAD TUMOR FREE,Hispanic Or Latino,2011-01-27 00:00:00,EUR,No,C50.9,8500/3,C50.9,Yes,Yes,No,M0,N0 (I-),T1C,Tumor Free,143.144,0:CENSORED,No,White,Yes,-8,1,Female,BRCA_LumA,-20
0:LIVING,TCGA-A2-A04U-01,TCGA-A2-A04U,1c3610f7-e0aa-48d7-9a27-0dbaf6e244f9,87.2538,0:LIVING,0:LIVING,0:LIVING,0.765476,0.234524,0.856322,0.143678,0.783079,0.216921,10,1,0,1,0,brca_tcga_pan_can_atlas_2018,21,Breast Cancer,Breast Invasive Ductal Carcinoma,0.6677,0.294,1.39,49,IDC,Primary,Matched,1894,No,Yes,Walter Reed,A2,1.63333,Breast,Infiltrating Ductal Carcinoma,47,STAGE IIA,15,BRCA,2654,-17474,0,87.2538,0:DiseaseFree,87.2538,0:ALIVE OR DEAD TUMOR FREE,Not Hispanic Or Latino,2011-01-05 00:00:00,EUR,No,C50.9,8500/3,C50.9,Yes,Yes,,M0,N0 (I+),T2,Tumor Free,87.2538,0:CENSORED,No,White,No,8,1,Female,BRCA_Basal,14
0:LIVING,TCGA-A2-A04X-01,TCGA-A2-A04X,733a2a0f-b37a-4b81-b49e-3c0f30d1eb37,55.4295,0:LIVING,0:LIVING,0:LIVING,1,0,0.854124,0.145876,0.794123,0.205877,10,1,1,0,0,brca_tcga_pan_can_atlas_2018,8,Breast Cancer,Breast Invasive Ductal Carcinoma,0.2434,0.2774,0.05,27,IDC,Primary,Matched,142,No,Yes,Walter Reed,A2,0.933333,Breast,Infiltrating Ductal Carcinoma,34,STAGE IIA,-5,BRCA,1686,-12642,0,55.4295,0:DiseaseFree,55.4295,0:ALIVE OR DEAD TUMOR FREE,,2010-08-09 00:00:00,EUR,No,C50.9,8500/3,C50.9,Yes,Yes,,M0,N0 (I-),T2,Tumor Free,55.4295,0:CENSORED,No,White,No,16,1,Female,BRCA_Her2,12
1:DECEASED,TCGA-A2-A0CM-01,TCGA-A2-A0CM,eb2dbb4f-66b6-4525-8323-431970f7a64e,24.7888,1:DECEASED,0:LIVING,0:LIVING,0.15,0.85,0.854539,0.145461,0.794123,0.205877,10,1,0,1,0,brca_tcga_pan_can_atlas_2018,24,Breast Cancer,Breast Invasive Ductal Carcinoma,0.3928,0.2921,0.39,52,IDC,Primary,Matched,160,No,Yes,Walter Reed,A2,1.73333,Breast,Infiltrating Ductal Carcinoma,40,STAGE IIA,17,BRCA,,-14969,0,12.5588,1:Recurred/Progressed,24.7888,1:DEAD WITH TUMOR,Not Hispanic Or Latino,2010-09-06 00:00:00,AFR_ADMIX,No,C50.9,8500/3,C50.9,Yes,Yes,,M0,N0 (I-),T2,With Tumor,12.5588,1:PROGRESSION,No,Black or African American,No,10,1,Female,BRCA_Basal,20
0:LIVING,TCGA-A2-A0YF-01,TCGA-A2-A0YF,ae8c77fe-e6c8-44d5-8265-4a38c637bbef,50.4652,0:LIVING,0:LIVING,0:LIVING,0.822857,0.177143,0.855823,0.144177,0.794123,0.205877,10,0,0,0,0,brca_tcga_pan_can_atlas_2018,4,Breast Cancer,Breast Invasive Ductal Carcinoma,0.1229,0.2855,0.17,25,IDC,Primary,Matched,54,No,Yes,Walter Reed,A2,0.866667,Breast,Infiltrating Ductal Carcinoma,67,STAGE I,-23,BRCA,1535,-24660,0,50.4652,0:DiseaseFree,50.4652,0:ALIVE OR DEAD TUMOR FREE,Not Hispanic Or Latino,2010-12-02 00:00:00,AFR_ADMIX,No,C50.9,8500/3,C50.9,Yes,Yes,No,M0,N0 (I+),T1B,Tumor Free,50.4652,0:CENSORED,No,Black or African American,No,6,1,Female,BRCA_LumA,-16
0:LIVING,TCGA-A2-A0YH-01,TCGA-A2-A0YH,298d33da-15af-48cb-b30f-eaf54e7baa43,21.6655,0:LIVING,0:LIVING,0:LIVING,1,0,0.855999,0.144001,0.5,0.5,10,1,0,1,0,brca_tcga_pan_can_atlas_2018,17,Breast Cancer,Breast Invasive Ductal Carcinoma,0.3154,0.3021,0.26,68,IDC,Primary,Matched,109,No,Yes,Walter Reed,A2,2.26667,Breast,Infiltrating Ductal Carcinoma,53,STAGE IIIA,11,BRCA,659,-19596,0,21.6655,0:DiseaseFree,21.6655,0:ALIVE OR DEAD TUMOR FREE,Not Hispanic Or Latino,2010-12-14 00:00:00,EUR,No,C50.9,8500/3,C50.9,Yes,Yes,No,M0,N2A,T2,Tumor Free,21.6655,0:CENSORED,No,White,Yes,10,1,Female,BRCA_LumB,2
0:LIVING,TCGA-A2-A1G4-01,TCGA-A2-A1G4,e3b555aa-7f0a-49c6-9b13-182c61a144c1,19.5614,0:LIVING,0:LIVING,0:LIVING,0.933333,0.0666667,0.857884,0.142116,0.794123,0.205877,10,0,0,0,0,brca_tcga_pan_can_atlas_2018,4,Breast Cancer,Breast Invasive Ductal Carcinoma,0.1531,0.2954,0.24,28,IDC,Primary,Matched,77,Yes,No,Walter Reed,A2,0.933333,Breast,Infiltrating Ductal Carcinoma,71,STAGE IIIA,-11,BRCA,595,-25966,0,19.5614,0:DiseaseFree,19.5614,0:ALIVE OR DEAD TUMOR FREE,Not Hispanic Or Latino,2011-04-22 00:00:00,EUR,No,C50.9,8500/3,C50.9,Yes,Yes,No,M0,N1A,T3,Tumor Free,19.5614,0:CENSORED,Yes,White,No,16,1,Female,BRCA_LumB,-22
0:LIVING,TCGA-A2-A25E-01,TCGA-A2-A25E,ba89cb4f-cd63-47b1-9550-76fdaff89f2e,105.336,0:LIVING,0:LIVING,0:LIVING,0.5,0.5,0.859186,0.140814,0.794123,0.205877,10,0,0,0,0,brca_tcga_pan_can_atlas_2018,5,Breast Cancer,Breast Invasive Ductal Carcinoma,0.3373,0.3265,1.75,50,IDC,Primary,Matched,82,No,Yes,Walter Reed,A2,1.7,Breast,Infiltrating Ductal Carcinoma,34,STAGE IIIA,-11,BRCA,3204,-12601,0,98.2674,1:Recurred/Progressed,105.336,0:ALIVE OR DEAD TUMOR FREE,Not Hispanic Or Latino,2011-07-21 00:00:00,AFR,No,C50.9,8500/3,C50.9,Yes,Yes,Yes,M0,N2A,T2,Tumor Free,98.2674,1:PROGRESSION,No,Black or African American,Yes,16,1,Female,BRCA_LumB,-10
0:LIVING,TCGA-A7-A0CE-01,TCGA-A7-A0CE,9d95a65b-e41d-4f93-92d4-99dce29ff40d,35.3092,0:LIVING,0:LIVING,0:LIVING,1,0,0.854953,0.145047,0.794123,0.205877,10,1,0,1,0,brca_tcga_pan_can_atlas_2018,10,Breast Cancer,Breast Invasive Ductal Carcinoma,0.4998,0.281,1.68,94,IDC,Primary,Matched,137,Yes,No,Christiana Healthcare,A7,6,Breast,Infiltrating Ductal Carcinoma,57,STAGE IIA,41,BRCA,1074,-20863,0,35.3092,0:DiseaseFree,35.3092,0:ALIVE OR DEAD TUMOR FREE,Not Hispanic Or Latino,2010-10-04 00:00:00,EUR,No,C50.9,8500/3,C50.9,Yes,Yes,No,M0,N0 (I-),T2,Tumor Free,35.3092,0:CENSORED,No,White,Yes,16,1,Female,BRCA_Basal,28
0:LIVING,TCGA-A7-A0DA-01,TCGA-A7-A0DA,3afa1e93-1df8-4e4c-aaa4-557463f4bb77,35.6708,0:LIVING,0:LIVING,0:LIVING,1,0,0.856395,0.143605,0.794123,0.205877,10,1,0,1,0,brca_tcga_pan_can_atlas_2018,16,Breast Cancer,Breast Invasive Ductal Carcinoma,0.7563,0.2908,1.1,143,IDC,Primary,Matched,270,Yes,No,Christiana Healthcare,A7,5.03333,Breast,Infiltrating Ductal Carcinoma,62,STAGE IIA,11,BRCA,1085,-22708,0,35.6708,0:DiseaseFree,35.6708,0:ALIVE OR DEAD TUMOR FREE,Not Hispanic Or Latino,2011-01-10 00:00:00,EUR,No,C50.9,8500/3,C50.9,Yes,Yes,No,M0,N0 (I-),T2,Tumor Free,35.6708,0:CENSORED,No,White,Yes,6,1,Female,BRCA_Basal,2
0:LIVING,TCGA-A7-A13G-01,TCGA-A7-A13G,6cd9baf5-bbe0-4c1e-a87f-c53b3af22890,23.6052,0:LIVING,0:LIVING,0:LIVING,0.8,0.2,0.858232,0.141768,0.794123,0.205877,10,0,0,0,0,brca_tcga_pan_can_atlas_2018,4,Breast Cancer,Breast Invasive Ductal Carcinoma,0.115,0.2762,0.18,20,IDC,Primary,Matched,40,Yes,No,Christiana Healthcare,A7,0.666667,Breast,Infiltrating Ductal Carcinoma,79,STAGE IIA,-29,BRCA,718,-28969,0,23.6052,0:DiseaseFree,23.6052,0:ALIVE OR DEAD TUMOR FREE,Not Hispanic Or Latino,2011-05-16 00:00:00,EUR,No,C50.9,8500/3,C50.9,Yes,Yes,Yes,MX,N0,T2,Tumor Free,19.2655,1:PROGRESSION,Yes,White,No,-12,1,Female,BRCA_LumA,-30
0:LIVING,TCGA-A7-A3RF-01,TCGA-A7-A3RF,7451AF3C-ACC0-4D79-8429-6B8BE96911D8,13.4136,0:LIVING,0:LIVING,0:LIVING,0.593333,0.406667,0.863274,0.136726,0.794123,0.205877,10,0,0,0,0,brca_tcga_pan_can_atlas_2018,0,Breast Cancer,Breast Invasive Mixed Mucinous Carcinoma,0.0023,0.3081,0.01,32,IMMC,Primary,Matched,12,Yes,No,Christiana Healthcare,A7,1.06667,Breast,Mucinous Carcinoma,79,STAGE IIA,-9,BRCA,408,-29184,0,5.72049,1:Recurred/Progressed,13.4136,0:ALIVE OR DEAD TUMOR FREE,Not Hispanic Or Latino,2012-05-03 00:00:00,EUR,No,C50.9,8480/3,C50.9,Yes,Yes,Yes,M0,N0,T2,Tumor Free,5.72049,1:PROGRESSION,No,White,Yes,-6,1,Female,BRCA_LumA,-14
0:LIVING,TCGA-A7-A56D-01,TCGA-A7-A56D,F062CBD0-2426-40AC-A4BE-E74AC61FA2A7,14.7286,0:LIVING,0:LIVING,0:LIVING,0.9,0.1,0.867891,0.132109,0.794123,0.205877,10,1,1,1,0,brca_tcga_pan_can_atlas_2018,14,Breast Cancer,Breast Invasive Ductal Carcinoma,0.4656,0.2912,0.06,125,IDC,Primary,Matched,220,Yes,No,Christiana Healthcare,A7,8.26667,Breast,Infiltrating Ductal Carcinoma,84,STAGE IIA,21,BRCA,448,-30783,0,14.7286,0:DiseaseFree,14.7286,0:ALIVE OR DEAD TUMOR FREE,Not Hispanic Or Latino,2013-04-01 00:00:00,AFR,No,C50.9,8500/3,C50.9,Yes,Yes,No,M0,N0,T2,Tumor Free,14.7286,0:CENSORED,No,Black or African American,No,-2,1,Female,BRCA_LumA,30
0:LIVING,TCGA-A7-A6VV-01,TCGA-A7-A6VV,57AF5C72-0D60-4A6B-B1B4-EC6DAB90F80F,10.2903,0:LIVING,0:LIVING,0:LIVING,0.98,0.02,0.870653,0.129347,0.794123,0.205877,10,1,0,1,1,brca_tcga_pan_can_atlas_2018,23,Breast Cancer,Breast Invasive Ductal Carcinoma,0.6645,0.3488,0.17,42,IDC,Primary,Matched,346,Yes,No,Christiana Healthcare,A7,1.43333,Breast,Infiltrating Ductal Carcinoma,51,STAGE IIA,33,BRCA,313,-18695,0,10.2903,0:DiseaseFree,10.2903,0:ALIVE OR DEAD TUMOR FREE,Not Hispanic Or Latino,2013-10-22 00:00:00,AFR,No,C50.9,8500/3,C50.9,Yes,Yes,No,M0,N0,T2,Tumor Free,10.2903,0:CENSORED,No,Black or African American,No,22,1,Female,BRCA_Basal,36
1:DECEASED,TCGA-A8-A06X-01,TCGA-A8-A06X,70931617-b3df-4a12-8e3f-2b2307602f48,31.0024,0:LIVING,0:LIVING,0:LIVING,1,0,0.858392,0.141608,0.828594,0.171406,10,1,1,0,0,brca_tcga_pan_can_atlas_2018,11,Breast Cancer,Breast Invasive Ductal Carcinoma,0.6033,0.2615,0.54,186,IDC,Primary,Matched,274,No,Yes,Indivumed,A8,6.16667,Breast,Infiltrating Ductal Carcinoma,77,STAGE IIB,-3,BRCA,,-28338,0,31.0024,0:DiseaseFree,31.0024,0:ALIVE OR DEAD TUMOR FREE,,2011-05-27 00:00:00,EUR,No,C50.9,8500/3,C50.9,Yes,Yes,,M0,N0,T3,Tumor Free,31.0024,0:CENSORED,No,,Yes,10,1,Female,BRCA_LumB,-14
0:LIVING,TCGA-A8-A075-01,TCGA-A8-A075,7861a5f2-8910-4bcb-9c34-f79c5acd6e21,17.03,0:LIVING,0:LIVING,0:LIVING,0.95,0.05,0.858392,0.141608,0.810671,0.189329,10,1,0,1,0,brca_tcga_pan_can_atlas_2018,19,Breast Cancer,Breast Invasive Ductal Carcinoma,0.5033,0.2806,0.47,77,IDC,Primary,Matched,137,No,Yes,Indivumed,A8,2.5,Breast,Infiltrating Ductal Carcinoma,42,STAGE IIB,13,BRCA,518,-15369,0,17.03,0:DiseaseFree,17.03,0:ALIVE OR DEAD TUMOR FREE,,2011-05-27 00:00:00,EUR,No,C50.9,8500/3,C50.9,Yes,Yes,No,M0,N1A,T2,Tumor Free,17.03,0:CENSORED,No,,Yes,24,1,Female,BRCA_LumB,18
0:LIVING,TCGA-A8-A079-01,TCGA-A8-A079,31c31cce-1b4d-4f12-922f-84f389403170,9.00812,0:LIVING,0:LIVING,0:LIVING,0.8875,0.1125,0.858392,0.141608,0.803771,0.196229,10,1,0,1,0,brca_tcga_pan_can_atlas_2018,14,Breast Cancer,Breast Invasive Ductal Carcinoma,0.3639,0.267,0.95,64,IDC,Primary,Matched,283,No,Yes,Indivumed,A8,2.13333,Breast,Infiltrating Ductal Carcinoma,69,STAGE IIIB,1,BRCA,274,-25294,0,9.00812,0:DiseaseFree,9.00812,0:ALIVE OR DEAD TUMOR FREE,,2011-05-27 00:00:00,EUR,No,C50.9,8500/3,C50.9,Yes,Yes,,M0,N3,T4B,Tumor Free,9.00812,0:CENSORED,No,,Yes,16,1,Female,BRCA_LumB,2
0:LIVING,TCGA-A8-A07P-01,TCGA-A8-A07P,8cccf160-93e9-48a5-9b8b-54aa50153142,10.9807,0:LIVING,0:LIVING,0:LIVING,1,0,0.858392,0.141608,0.876779,0.123221,10,1,1,0,0,brca_tcga_pan_can_atlas_2018,5,Breast Cancer,Breast Invasive Ductal Carcinoma,0.283,0.2679,0.54,46,IDC,Primary,Matched,62,No,Yes,Indivumed,A8,1.53333,Breast,Infiltrating Ductal Carcinoma,68,STAGE IIB,-5,BRCA,334,-24929,0,10.9807,0:DiseaseFree,10.9807,0:ALIVE OR DEAD TUMOR FREE,,2011-05-27 00:00:00,EUR,No,C50.9,8500/3,C50.9,Yes,Yes,,M0,N1,T2,Tumor Free,10.9807,0:CENSORED,No,,Yes,-2,1,Female,BRCA_LumA,-6
0:LIVING,TCGA-A8-A085-01,TCGA-A8-A085,3c08aabd-d5b5-4bbe-857c-38a7527b2163,36.953,0:LIVING,0:LIVING,0:LIVING,1,0,0.858392,0.141608,0.798507,0.201493,10,1,1,0,0,brca_tcga_pan_can_atlas_2018,4,Breast Cancer,Breast Invasive Ductal Carcinoma,0.2398,0.2599,0.45,61,IDC,Primary,Matched,87,No,Yes,Indivumed,A8,2,Breast,Infiltrating Ductal Carcinoma,44,STAGE IIB,-15,BRCA,1124,-16377,0,36.953,0:DiseaseFree,36.953,0:ALIVE OR DEAD TUMOR FREE,,2011-05-27 00:00:00,EUR,No,C50.9,8500/3,C50.9,Yes,No,No,M0,N1A,T2,Tumor Free,36.953,0:CENSORED,No,,No,2,1,Male,,-18
0:LIVING,TCGA-A8-A09C-01,TCGA-A8-A09C,80f3f48a-cc21-415c-b181-c77e7ba1c563,1.01917,0:LIVING,0:LIVING,0:LIVING,0.841111,0.158889,0.858392,0.141608,0.807599,0.192401,10,0,0,0,0,brca_tcga_pan_can_atlas_2018,19,Breast Cancer,Breast Invasive Ductal Carcinoma,0.4981,0.2644,1.23,25,IDC,Primary,Matched,214,No,Yes,Indivumed,A8,0.8,Breast,Infiltrating Ductal Carcinoma,69,STAGE X,-19,BRCA,31,-25355,0,,,1.01917,0:ALIVE OR DEAD TUMOR FREE,,2011-05-27 00:00:00,EUR,No,C50.9,8500/3,C50.9,Yes,Yes,,MX,N0,T2,,1.01917,0:CENSORED,Yes,,,10,1,Female,BRCA_LumB,-8
0:LIVING,TCGA-A8-A09T-01,TCGA-A8-A09T,0adf59c6-581a-475d-a2f4-40aa40060b5b,19.0354,0:LIVING,0:LIVING,0:LIVING,0.911111,0.0888889,0.858392,0.141608,0.971387,0.0286128,10,0,0,0,0,brca_tcga_pan_can_atlas_2018,13,Breast Cancer,Breast Invasive Lobular Carcinoma,0.093,0.282,0.26,22,ILC,Primary,Matched,27,No,Yes,Indivumed,A8,0.733333,Breast,Infiltrating Lobular Carcinoma,68,STAGE X,-21,BRCA,579,-25110,0,19.0354,0:DiseaseFree,19.0354,0:ALIVE OR DEAD TUMOR FREE,,2011-05-27 00:00:00,EUR,No,C50.9,8520/3,C50.9,Yes,Yes,No,MX,N0,T1C,Tumor Free,19.0354,0:CENSORED,No,,Yes,-2,1,Female,BRCA_LumA,-24
1:DECEASED,TCGA-A8-A09X-01,TCGA-A8-A09X,27b05b15-a44b-45ed-a6e3-e7d1ca488ea9,14.0053,1:DECEASED,0:LIVING,0:LIVING,0.4,0.6,0.858392,0.141608,0.92603,0.0739704,10,1,0,1,0,brca_tcga_pan_can_atlas_2018,21,Breast Cancer,Breast Invasive Lobular Carcinoma,0.1791,0.2478,0.01,47,ILC,Primary,Matched,92,No,Yes,Indivumed,A8,1.53333,Breast,Infiltrating Lobular Carcinoma,62,STAGE IIIC,5,BRCA,,-22858,0,,,14.0053,,,2011-05-27 00:00:00,EUR,No,C50.9,8520/3,C50.9,Yes,Yes,,M0,N3A,T2,,14.0053,0:CENSORED,No,,,16,1,Female,BRCA_Her2,2
0:LIVING,TCGA-A8-A09Z-01,TCGA-A8-A09Z,81e7a3d3-be70-4834-8018-4d2cc077a4e6,0,0:LIVING,0:LIVING,0:LIVING,0.913333,0.0866667,0.858392,0.141608,0.805302,0.194698,10,1,0,0,1,brca_tcga_pan_can_atlas_2018,4,Breast Cancer,Breast Invasive Lobular Carcinoma,0.1205,0.7713,26.38,1095,ILC,Primary,Matched,15,No,Yes,Indivumed,A8,36.9333,Breast,Infiltrating Lobular Carcinoma,83,STAGE IIB,-29,BRCA,0,-30590,0,,,0,0:ALIVE OR DEAD TUMOR FREE,,2011-05-27 00:00:00,EUR,No,C50.9,8520/3,C50.9,Yes,Yes,,M0,N0,T3,With Tumor,0,0:CENSORED,No,,,-12,1,Female,BRCA_LumB,-32
0:LIVING,TCGA-AC-A2FK-01,TCGA-AC-A2FK,79126E88-9CF8-45FF-BF91-A98DA3B304D7,87.1223,0:LIVING,0:LIVING,0:LIVING,0.915,0.085,0.859963,0.140037,0.794123,0.205877,10,0,0,0,0,brca_tcga_pan_can_atlas_2018,0,Breast Cancer,Breast Invasive Lobular Carcinoma,0,0.2964,0,1,ILC,Primary,Matched,0,No,Yes,International Genomics Consortium,AC,0.0333333,Breast,Infiltrating Lobular Carcinoma,45,STAGE IIIC,-41,BRCA,2650,-16627,0,87.1223,0:DiseaseFree,87.1223,0:ALIVE OR DEAD TUMOR FREE,Hispanic Or Latino,2011-09-13 00:00:00,AMR,No,C50.9,8520/3,C50.9,Yes,Yes,No,M0,N3A,T2,Tumor Free,87.1223,0:CENSORED,No,White,Yes,-16,1,Female,BRCA_Normal,-32
0:LIVING,TCGA-AC-A2QH-01,TCGA-AC-A2QH,67C5F371-3FA9-47C5-8B15-C2DD9ACC8519,33.0407,0:LIVING,0:LIVING,0:LIVING,1,0,0.860465,0.139535,0.794123,0.205877,10,1,0,1,0,brca_tcga_pan_can_atlas_2018,18,Breast Cancer,Metaplastic Breast Cancer,0.4092,0.3517,1.54,27,MBC,Primary,Matched,163,Yes,No,International Genomics Consortium,AC,0.9,Breast,Metaplastic Carcinoma,58,STAGE IIB,19,BRCA,1005,-21488,0,33.0407,0:DiseaseFree,33.0407,0:ALIVE OR DEAD TUMOR FREE,Not Hispanic Or Latino,2011-10-18 00:00:00,EUR,No,C50.9,8575/3,C50.9,Yes,Yes,No,MX,N0,T3,Tumor Free,33.0407,0:CENSORED,No,White,Yes,14,1,Female,BRCA_Basal,22
0:LIVING,TCGA-AC-A3OD-01,TCGA-AC-A3OD,F2622CDB-AC92-42B3-A1CA-67E133C3DD4A,14.8272,0:LIVING,0:LIVING,0:LIVING,1,0,0.863077,0.136923,0.794123,0.205877,10,1,0,1,0,brca_tcga_pan_can_atlas_2018,6,Breast Cancer,Breast Invasive Lobular Carcinoma,0.267,0.2962,0.05,28,ILC,Primary,Matched,111.5,Yes,No,International Genomics Consortium,AC,0.933333,Breast,Infiltrating Lobular Carcinoma,68,STAGE IIB,-27,BRCA,451,-25186,0,14.8272,0:DiseaseFree,14.8272,0:ALIVE OR DEAD TUMOR FREE,Not Hispanic Or Latino,2012-04-19 00:00:00,EUR,No,C50.9,8520/3,C50.9,Yes,Yes,No,MX,N1MI,T2,Tumor Free,14.8272,0:CENSORED,No,White,Yes,2,1,Female,BRCA_LumA,-44
0:LIVING,TCGA-AC-A5EH-01,TCGA-AC-A5EH,D13FB44B-291B-4EA4-920C-142DAA8D1989,16.7998,0:LIVING,0:LIVING,0:LIVING,0.966667,0.0333333,0.869278,0.130722,0.795581,0.204419,10,1,0,1,0,brca_tcga_pan_can_atlas_2018,25,Breast Cancer,Breast Invasive Ductal Carcinoma,0.2183,0.3111,0.08,130,IDC,Primary,Matched,138,Yes,No,International Genomics Consortium,AC,4.3,Breast,Infiltrating Ductal Carcinoma,76,STAGE IIB,21,BRCA,511,-27964,0,16.7998,0:DiseaseFree,16.7998,0:ALIVE OR DEAD TUMOR FREE,Not Hispanic Or Latino,2013-07-12 00:00:00,AFR_ADMIX,No,C50.9,8500/3,C50.9,Yes,Yes,No,MX,N1MI,T2,Tumor Free,16.7998,0:CENSORED,No,Black or African American,Yes,16,1,Female,BRCA_Her2,36
0:LIVING,TCGA-AC-A8OS-01,TCGA-AC-A8OS,D5E655FE-3FBC-47B0-BA23-1D1DD01D591C,2.30134,0:LIVING,0:LIVING,0:LIVING,0.96,0.04,0.872348,0.127652,0.796009,0.203991,10,0,0,0,0,brca_tcga_pan_can_atlas_2018,8,Breast Cancer,Breast Invasive Lobular Carcinoma,0.1344,0.3361,0.01,41,ILC,Primary,Matched,5,Yes,No,International Genomics Consortium,AC,1.36667,Breast,Infiltrating Lobular Carcinoma,71,STAGE IIA,-35,BRCA,70,-26248,0,2.30134,0:DiseaseFree,2.30134,0:ALIVE OR DEAD TUMOR FREE,Not Hispanic Or Latino,2014-02-26 00:00:00,EUR,No,C50.9,8520/3,C50.9,Yes,Yes,No,MX,N0 (I-),T2,Tumor Free,2.30134,0:CENSORED,No,White,,-8,1,Female,BRCA_LumA,-38
0:LIVING,TCGA-AN-A0AL-01,TCGA-AN-A0AL,3e9f93c0-aa79-4b4c-bd6c-b3325912362a,7.46293,0:LIVING,0:LIVING,0:LIVING,1,0,0.856102,0.143898,0.796271,0.203729,10,1,0,1,0,brca_tcga_pan_can_atlas_2018,6,Breast Cancer,Breast Invasive Ductal Carcinoma,0.4407,0.3054,0.87,80,IDC,Primary,Matched,196,No,Yes,Cureline,AN,2.66667,Breast,Infiltrating Ductal Carcinoma,41,STAGE IIIB,21,BRCA,227,-15286,0,7.46293,0:DiseaseFree,7.46293,0:ALIVE OR DEAD TUMOR FREE,Not Hispanic Or Latino,2010-12-21 00:00:00,EUR,No,C50.9,8500/3,C50.9,Yes,Yes,No,M0,N0,T4,Tumor Free,7.46293,0:CENSORED,No,White,No,14,1,Female,BRCA_Basal,16
0:LIVING,TCGA-AO-A0JJ-01,TCGA-AO-A0JJ,bef7b135-a727-45e8-850a-cc4cd56c49aa,62.0377,0:LIVING,0:LIVING,0:LIVING,0.931429,0.0685714,0.854746,0.145254,0.863018,0.136982,10,0,0,0,0,brca_tcga_pan_can_atlas_2018,4,Breast Cancer,Breast Invasive Lobular Carcinoma,0.1567,0.2537,0.03,16,ILC,Primary,Matched,13,No,Yes,MSKCC,AO,0.5,Breast,Infiltrating Lobular Carcinoma,54,STAGE IIB,-35,BRCA,1887,-19758,0,62.0377,0:DiseaseFree,62.0377,0:ALIVE OR DEAD TUMOR FREE,Not Hispanic Or Latino,2010-09-20 00:00:00,EUR,No,C50.9,8520/3,C50.9,Yes,Yes,No,M0,N1A,T2,Tumor Free,62.0377,0:CENSORED,No,White,Yes,-6,1,Female,BRCA_LumA,-52
0:LIVING,TCGA-AO-A12F-01,TCGA-AO-A12F,495f9eda-b9be-4eef-bae1-766a4bfbd68e,60.5582,0:LIVING,0:LIVING,0:LIVING,0.875,0.125,0.855911,0.144089,0.876764,0.123236,10,0,0,0,0,brca_tcga_pan_can_atlas_2018,21,Breast Cancer,Breast Invasive Ductal Carcinoma,0.6214,0.3132,1.59,35,IDC,Primary,Matched,290,No,Yes,MSKCC,AO,1.16667,Breast,Infiltrating Ductal Carcinoma,36,STAGE IIA,11,BRCA,1471,-13409,0,60.5582,0:DiseaseFree,60.5582,0:ALIVE OR DEAD TUMOR FREE,Not Hispanic Or Latino,2010-12-08 00:00:00,EUR,No,C50.9,8500/3,C50.9,Yes,Yes,,M0,N0 (I-),T2,Tumor Free,60.5582,0:CENSORED,No,White,Yes,14,1,Female,BRCA_Basal,8
0:LIVING,TCGA-AQ-A04J-01,TCGA-AQ-A04J,9938ce5c-e74e-446e-a932-f096f85cc3b1,26.9257,0:LIVING,0:LIVING,0:LIVING,0.708333,0.291667,0.855116,0.144884,0.794123,0.205877,10,1,0,1,1,brca_tcga_pan_can_atlas_2018,5,Breast Cancer,Breast Invasive Ductal Carcinoma,0.3431,0.2782,0.01,69,IDC,Primary,Matched,118,No,Yes,UNC,AQ,2.3,Breast,Infiltrating Ductal Carcinoma,45,STAGE IIA,15,BRCA,819,-16615,0,26.9257,0:DiseaseFree,26.9257,0:ALIVE OR DEAD TUMOR FREE,Not Hispanic Or Latino,2010-10-15 00:00:00,EUR,No,C50.9,8500/3,C50.9,Yes,Yes,No,M0,N0 (I+),T2,Tumor Free,26.9257,0:CENSORED,No,White,No,14,1,Female,BRCA_Basal,-6
0:LIVING,TCGA-AQ-A1H3-01,TCGA-AQ-A1H3,82ec33dd-e783-4c74-9a87-797a699e11df,32.5147,0:LIVING,0:LIVING,0:LIVING,0.808333,0.191667,0.857855,0.142145,0.873966,0.126034,10,0,0,0,0,brca_tcga_pan_can_atlas_2018,9,Breast Cancer,Breast Invasive Ductal Carcinoma,0.2038,0.3378,0.28,19,IDC,Primary,Matched,6,Yes,No,UNC,AQ,0.666667,Breast,Infiltrating Ductal Carcinoma,49,STAGE IIIC,-33,BRCA,989,-18177,0,32.5147,0:DiseaseFree,32.5147,0:ALIVE OR DEAD TUMOR FREE,Not Hispanic Or Latino,2011-04-20 00:00:00,EUR,No,C50.9,8500/3,C50.9,Yes,Yes,No,MX,N3A,T2,Tumor Free,32.5147,0:CENSORED,No,White,Yes,2,1,Female,BRCA_LumA,-22
0:LIVING,TCGA-AQ-A54O-01,TCGA-AQ-A54O,35CA5E2A-861A-4DD2-A4CE-D294CF080DA3,32.9092,0:LIVING,0:LIVING,0:LIVING,0.808333,0.191667,0.867425,0.132575,0.794123,0.205877,10,0,0,0,0,brca_tcga_pan_can_atlas_2018,20,Breast Cancer,Breast Invasive Ductal Carcinoma,0.4149,0.2926,0.08,18,IDC,Primary,Matched,129,Yes,No,UNC,AQ,0.6,Breast,Infiltrating Ductal Carcinoma,51,STAGE IIA,-17,BRCA,1001,-18694,0,32.9092,0:DiseaseFree,32.9092,0:ALIVE OR DEAD TUMOR FREE,Not Hispanic Or Latino,2013-02-26 00:00:00,AFR,No,C50.9,8500/3,C50.9,Yes,No,No,M0,N0,T2,Tumor Free,32.9092,0:CENSORED,Yes,Black or African American,No,-10,1,Male,,-16
1:DECEASED,TCGA-AR-A0U2-01,TCGA-AR-A0U2,9ad603dc-3fd0-44f5-ae4e-64eeb1ae8d6d,83.8676,1:DECEASED,0:LIVING,0:LIVING,0.175,0.825,0.857054,0.142946,0.794123,0.205877,10,1,0,1,0,brca_tcga_pan_can_atlas_2018,22,Breast Cancer,Breast Invasive Ductal Carcinoma,0.6621,0.3097,1.19,43,IDC,Primary,Matched,167,No,Yes,Mayo,AR,1.43333,Breast,Infiltrating Ductal Carcinoma,47,STAGE IIIA,-7,BRCA,,-17390,0,52.8981,1:Recurred/Progressed,83.8676,1:DEAD WITH TUMOR,Not Hispanic Or Latino,2011-02-24 00:00:00,EUR,No,C50.9,8500/3,C50.9,Yes,Yes,Yes,M0,N2,T2,With Tumor,52.8981,1:PROGRESSION,No,White,Yes,16,1,Female,BRCA_LumB,-22
0:LIVING,TCGA-AR-A24K-01,TCGA-AR-A24K,599c3701-df7a-4a75-a347-fa9b510dd242,50.8926,0:LIVING,0:LIVING,0:LIVING,1,0,0.859503,0.140497,0.700157,0.299843,10,1,0,1,0,brca_tcga_pan_can_atlas_2018,18,Breast Cancer,Breast Invasive Ductal Carcinoma,0.2005,0.3624,1.28,29,IDC,Primary,Matched,103,No,Yes,Mayo,AR,0.966667,Breast,Infiltrating Ductal Carcinoma,46,STAGE IIA,-17,BRCA,1548,-16961,0,50.8926,0:DiseaseFree,50.8926,0:ALIVE OR DEAD TUMOR FREE,,2011-08-12 00:00:00,EUR,No,C50.9,8500/3,C50.9,Yes,Yes,No,M0,N0,T2,,50.8926,0:CENSORED,No,White,Yes,10,1,Female,BRCA_LumB,-14
0:LIVING,TCGA-AR-A24O-01,TCGA-AR-A24O,125b0a9a-6cbe-4207-9178-e7ff03487e87,118.585,0:LIVING,0:LIVING,0:LIVING,0.6,0.4,0.859561,0.140439,0.820157,0.179843,10,0,0,0,0,brca_tcga_pan_can_atlas_2018,5,Breast Cancer,Breast Invasive Carcinoma (NOS),0.0332,0.3187,0.08,20,BRCNOS,Primary,Matched,21,No,Yes,Mayo,AR,0.666667,Breast,Mixed Histology (NOS),43,STAGE IIIA,-35,BRCA,3607,-15977,0,84.1963,1:Recurred/Progressed,118.585,0:ALIVE OR DEAD TUMOR FREE,Not Hispanic Or Latino,2011-08-16 00:00:00,EUR,No,C50.9,8522/3,C50.9,Yes,Yes,Yes,M0,N2,T3,Tumor Free,84.1963,1:PROGRESSION,No,White,Yes,-2,1,Female,BRCA_LumA,-34
0:LIVING,TCGA-AR-A24V-01,TCGA-AR-A24V,3cb06c7a-f2a8-448b-91a8-dd201bbf2ddd,105.303,0:LIVING,0:LIVING,0:LIVING,1,0,0.859748,0.140252,0.861103,0.138897,10,0,0,0,0,brca_tcga_pan_can_atlas_2018,23,Breast Cancer,Breast Invasive Ductal Carcinoma,0.2671,0.3138,0.59,20,IDC,Primary,Matched,91,No,Yes,Mayo,AR,0.666667,Breast,Infiltrating Ductal Carcinoma,52,STAGE IIB,-17,BRCA,3203,-19027,0,105.303,0:DiseaseFree,105.303,0:ALIVE OR DEAD TUMOR FREE,Not Hispanic Or Latino,2011-08-29 00:00:00,EUR,No,C50.9,8500/3,C50.9,Yes,Yes,No,M0,N1,T2,,105.303,0:CENSORED,No,White,Yes,0,1,Female,BRCA_LumA,-10
0:LIVING,TCGA-B6-A0IJ-01,TCGA-B6-A0IJ,2c86c3ea-d926-4d39-a5ae-39ece4774287,233.619,0:LIVING,0:LIVING,0:LIVING,0.905556,0.0944444,0.855381,0.144619,0.996223,0.00377662,10,1,0,1,0,brca_tcga_pan_can_atlas_2018,14,Breast Cancer,Breast Invasive Ductal Carcinoma,0.5979,0.2882,0.38,131,IDC,Primary,Matched,306,No,Yes,Duke,B6,4.4,Breast,Infiltrating Ductal Carcinoma,42,STAGE IIB,21,BRCA,7106,-15625,0,233.619,0:DiseaseFree,233.619,0:ALIVE OR DEAD TUMOR FREE,Not Hispanic Or Latino,2010-11-02 00:00:00,AFR,No,C50.9,8500/3,C50.9,Yes,Yes,No,M0,N0 (I-),T3,Tumor Free,233.619,0:CENSORED,No,Black or African American,No,10,1,Female,BRCA_Basal,6
1:DECEASED,TCGA-B6-A0IK-01,TCGA-B6-A0IK,0491063c-14a7-4104-8002-1459126332f3,18.7724,1:DECEASED,0:LIVING,0:LIVING,0.308333,0.691667,0.855381,0.144619,0.518543,0.481457,10,1,1,1,0,brca_tcga_pan_can_atlas_2018,13,Breast Cancer,Breast Invasive Ductal Carcinoma,0.3518,0.2595,0.25,114,IDC,Primary,Matched,131,No,Yes,Duke,B6,3.8,Breast,Infiltrating Ductal Carcinoma,63,STAGE IIIB,19,BRCA,,-23150,0,16.0765,1:Recurred/Progressed,18.7724,1:DEAD WITH TUMOR,Not Hispanic Or Latino,2010-11-02 00:00:00,EUR,No,C50.9,8500/3,C50.9,Yes,Yes,Yes,M0,N1,T4,With Tumor,16.0765,1:PROGRESSION,No,White,No,20,1,Female,BRCA_Her2,34
0:LIVING,TCGA-B6-A0IQ-01,TCGA-B6-A0IQ,01eef340-598c-4205-a990-cec190ac2ca5,140.875,0:LIVING,0:LIVING,0:LIVING,0.705556,0.294444,0.855381,0.144619,0.990405,0.00959525,10,1,0,1,0,brca_tcga_pan_can_atlas_2018,14,Breast Cancer,Breast Invasive Ductal Carcinoma,0.5981,,0.53,65,IDC,Primary,Matched,290,No,Yes,Duke,B6,2.16667,Breast,Infiltrating Ductal Carcinoma,40,STAGE IIIA,31,BRCA,4285,-14669,0,140.875,0:DiseaseFree,140.875,0:ALIVE OR DEAD TUMOR FREE,Not Hispanic Or Latino,2010-11-02 00:00:00,EUR,No,C50.9,8500/3,C50.9,Yes,Yes,No,M0,N1B,T3,Tumor Free,140.875,0:CENSORED,No,White,Yes,14,1,Female,BRCA_Basal,12
0:LIVING,TCGA-B6-A0RO-01,TCGA-B6-A0RO,0b172e29-6166-4863-803d-a0a010887c11,162.048,0:LIVING,0:LIVING,0:LIVING,0.966667,0.0333333,0.855381,0.144619,0.910274,0.089726,10,0,0,0,0,brca_tcga_pan_can_atlas_2018,19,Breast Cancer,Breast Invasive Ductal Carcinoma,0.4705,0.2783,0.13,35,IDC,Primary,Matched,52,No,Yes,Duke,B6,1.16667,Breast,Infiltrating Ductal Carcinoma,71,STAGE IIIB,-17,BRCA,4929,-26269,0,162.048,0:DiseaseFree,162.048,0:ALIVE OR DEAD TUMOR FREE,Not Hispanic Or Latino,2010-11-02 00:00:00,EUR,No,C50.9,8500/3,C50.9,Yes,Yes,No,M0,N1A,T4,Tumor Free,162.048,0:CENSORED,No,White,No,-10,1,Female,BRCA_LumA,0
1:DECEASED,TCGA-B6-A0X1-01,TCGA-B6-A0X1,178b2c48-c07d-422e-ae17-8bcfd996ad51,245.093,0:LIVING,0:LIVING,0:LIVING,0.616667,0.383333,0.855999,0.144001,0.588587,0.411413,10,1,0,1,0,brca_tcga_pan_can_atlas_2018,13,Breast Cancer,Breast Invasive Ductal Carcinoma,0.8331,0.2987,1.54,66,IDC,Primary,Matched,448,No,Yes,Duke,B6,2.26667,Breast,Infiltrating Ductal Carcinoma,48,STAGE IIB,17,BRCA,5677,-17624,0,16.1094,1:Recurred/Progressed,245.093,0:ALIVE OR DEAD TUMOR FREE,Not Hispanic Or Latino,2010-12-14 00:00:00,EUR,No,C50.9,8500/3,C50.9,Yes,Yes,No,M1,N1,T2,Tumor Free,16.1094,1:PROGRESSION,No,White,No,10,1,Female,BRCA_Basal,-8
1:DECEASED,TCGA-B6-A0X4-01,TCGA-B6-A0X4,4e42fdc5-2a8b-49e9-87ef-6db7a6692d08,28.2737,1:DECEASED,0:LIVING,1:DECEASED,0.0166667,0.983333,0.855999,0.144001,0.00499509,0.995005,10,0,0,0,0,brca_tcga_pan_can_atlas_2018,0,Breast Cancer,Breast Invasive Ductal Carcinoma,0.0305,0.2706,0,18,IDC,Primary,Matched,5,No,Yes,Duke,B6,0.6,Breast,Infiltrating Ductal Carcinoma,62,STAGE IIB,-9,BRCA,,-22688,0,23.5395,1:Recurred/Progressed,28.2737,1:DEAD WITH TUMOR,Not Hispanic Or Latino,2010-12-14 00:00:00,EUR,No,C50.9,8500/3,C50.9,Yes,Yes,Yes,M0,N1B,T2,With Tumor,23.5395,1:PROGRESSION,No,White,No,-2,1,Female,BRCA_LumA,-16
